OpenHymnal -- Harp Lead Sheets                                                                Page 1
----------------------------------------------------------------------------------------------------
22. Blessed Jesus at Thy Word (G, 120bpm)
II~2   ii^1 IV | II~2 iii ii^1 |    V  V      V |   IV II~2 II~4 |  V | II~2   ii^1 IV
   V   ii^1 ii |    V  'V   ii | 'vii 'V   'vii | IV^1    V 'V~2 | 'V |    V   ii^1 ii
  10      9 19 |   10   8    9 |    8  8      8 |    9   10    9 |  8 |   10      9 19
   9     13 18 |    9  14   13 |   14 14     14 |    8    9   13 | 14 |    9     13 18
         11 13 |       12   11 |   12 12     12 |   13        12 | 12 |          11 13
            11 |        3      |                |   11         2 |    |             11
  14      9  9 |   14   7    9 |    2  2      2 |    8   14    6 |  2 |   14      9  9
  12     13 13 |   12   5   13 |    7  7      7 |   13   12    5 |  7 |   12     13 13
   7      2 11 |    7       11 |       5        |   11    7      |  5 |    7      2 11
   5      4  2 |    5        2 |                |    6    5      |    |    5      4  2

II~2 iii ii^1 |    V  V      V |   IV II~2 II~4 |  V |   IV~2     |    V
   V  'V   ii | 'vii 'V   'vii | IV^1    V 'V~2 | 'V |   ii^1     | 'vii
  10   8    9 |    8  8      8 |    9   10    9 |  8 |     12     |    8
   9  14   13 |   14 14     14 |    8    9   13 | 14 |     11     |   14
      12   11 |   12 12     12 |   13        12 | 12 |            |   12
       3      |                |   11         2 |    |            |
  14   7    9 |    2  2      2 |    8   14    6 |  2 |      9     |    2
  12   5   13 |    7  7      7 |   13   12    5 |  7 |     13     |    7
   7       11 |       5        |   11    7      |  5 |      2     |
   5        2 |                |    6    5      |    |      4     |

   V iii ii^1 II~2 | III II~2 II~4 |  V
'vii  'V   ii    V |   I    V 'V~2 | 'V
   8   8    9   10 |  18   10    9 |  8
  14  14   13    9 |  10    9   13 | 14
  12  12   11      |            12 | 12
       3           |             2 |
   2   7    9   14 |   8   14    6 |  2
   7   5   13   12 |  12   12    5 |  7
           11    7 |   3    7      |  5
            2    5 |   1    5      |

23. God Himself is Present (G, 130bpm)
II~2       II~2 | II~4 ii^1 | iii     VII iii |     |       iii | ii^1 II~2 II~4 |  V
   V   V^1    V | 'V~2   ii |  'V   iii^1  'V |     |        'V |   ii    V 'V~2 | 'V
  10    10   10 |    9    9 |   8       8   8 |     |         8 |    9   10    9 |  8
   9          9 |   13   13 |  14      14  14 |     |        14 |   13    9   13 | 14
                |   12   11 |  12          12 |     |        12 |   11        12 | 12
                |    2      |   3           3 |     |         3 |              2 |
  14     9   14 |    6    9 |   7      12   7 |     |         7 |    9   14    6 |  2
  12    14   12 |    5   13 |   5       3   5 |     |         5 |   13   12    5 |  7
   7    12    7 |        11 |           7     |     |           |   11    7      |  5
   5     7    5 |         2 |           5     |     |           |    2    5      |

        II~2 | II~4 ii^1 | iii     VII iii |     |       iii | ii^1 II~2 II~4 |  V |     | III
    V^1    V | 'V~2   ii |  'V   iii^1  'V |     |        'V |   ii    V 'V~2 | 'V |     |   I
     10   10 |    9    9 |   8       8   8 |     |         8 |    9   10    9 |  8 |     |  18
           9 |   13   13 |  14      14  14 |     |        14 |   13    9   13 | 14 |     |  10
             |   12   11 |  12          12 |     |        12 |   11        12 | 12 |     |
             |    2      |   3           3 |     |         3 |              2 |    |     |
      9   14 |    6    9 |   7      12   7 |     |         7 |    9   14    6 |  2 |     |   8
     14   12 |    5   13 |   5       3   5 |     |         5 |   13   12    5 |  7 |     |  12
     12    7 |        11 |           7     |     |           |   11    7      |  5 |     |   3
      7    5 |         2 |           5     |     |           |    2    5      |    |     |   1

OpenHymnal -- Harp Lead Sheets                                                                Page 2
----------------------------------------------------------------------------------------------------
ii^1   | II~2 | IV     III II~2 | II~4 II~2 | iii IV ii   |
  ii   |    V | ii V^1   I    V | 'V~2    V |   I ii  V   |
   9   |   10 | 19  19  18   10 |    9   10 |  19 19 18   |
  13   |    9 | 18      10    9 |   13    9 |  10 18  9   |
  11   |      | 13              |   12      |     13      |
       |      | 11              |    2      |     11      |
   9   |   14 |  9   9   8   14 |    6   14 |   8  9 14   |
  13   |   12 | 13  14  12   12 |    5   12 |  12 13 12   |
  11   |    7 | 11  12   3    7 |         7 |   3 11  7   |
   2   |    5 |  2   7   1    5 |         5 |   1  2  5   |

24. O Holy Spirit, Enter In (Eb, 150bpm)
  |   iii |     | V~2 VI+   |    IV    |        VI+  VI+ |     |      |   iii   vii |   |
  |       |     | iii  IV   |   I~4  V |   vii-  IV IVM7 |     | vi   |       'vii- |   |
  |    10 |     |  20  20   |    20 21 |     21  20   20 |     | 20   |    10     9 |   |
  |    14 |     |  12  11   |    12    |         11   11 |     | 13   |    14    14 |   |
  |     5 |     |      13   |    11    |         13   13 |     |      |     5       |   |
  |     3 |     |           |          |                 |     |      |     3       |   |
  |     7 |     |  10  11   |     8 12 |     11  11   11 |     | 10   |     7     4 |   |
  |       |     |  14   8   |     5  9 |      9   8   10 |     |  8   |           2 |   |
  |       |     |   5  13   |     4 14 |     14  13    8 |     | 13   |           7 |   |
  |       |     |   3   4   |     1  5 |      7   4    4 |     |  6   |             |   |

  iii |     | V~2 VI+   |    IV    |        VI+  VI+ |     |      |   iii   vii |   |   iii
      |     | iii  IV   |   I~4  V |   vii-  IV IVM7 |     | vi   |       'vii- |   |
   10 |     |  20  20   |    20 21 |     21  20   20 |     | 20   |    10     9 |   |    10
   14 |     |  12  11   |    12    |         11   11 |     | 13   |    14    14 |   |    14
    5 |     |      13   |    11    |         13   13 |     |      |     5       |   |     5
    3 |     |           |          |                 |     |      |     3       |   |     3
    7 |     |  10  11   |     8 12 |     11  11   11 |     | 10   |     7     4 |   |     7
      |     |  14   8   |     5  9 |      9   8   10 |     |  8   |           2 |   |
      |     |   5  13   |     4 14 |     14  13    8 |     | 13   |           7 |   |
      |     |   3   4   |     1  5 |      7   4    4 |     |  6   |             |   |

  iii |       vii   | iii     vii   | iii  iii^1   vii   |     |      |   iii   vii |
      |     'vii-   |       'vii-   |     'VII~4 'vii-   |     | vi   |       'vii- |
   10 |         9   |  10       9   |  10     10     9   |     | 20   |    10     9 |
   14 |        14   |  14      14   |  14     14    14   |     | 13   |    14    14 |
    5 |             |   5           |   5      5         |     |      |     5       |
    3 |             |   3           |   3                |     |      |     3       |
    7 |         4   |   7       4   |   7      3     4   |     | 10   |     7     4 |
      |         2   |           2   |          7     2   |     |  8   |           2 |
      |         7   |           7   |                7   |     | 13   |           7 |
      |             |               |                    |     |  6   |             |

25. Open Now Thy Gates of Beauty (Bb, 100bpm)
     II~2   | II~2   IV~2   |    IV V~2   ii II~2 |   V  IV   |      II~2   | II~2   IV~2
  IV vii-   | vii-    'IV   |   'IV iii ii-7 vii- | iii 'IV   |   IV vii-   | vii-    'IV
   9   10   |   10     12   |    14  13   12   17 |  16  16   |    9   10   |   10     12
        9   |    9     11   |    13  12   11   16 |  14   8   |         9   |    9     11
            |               |    11        9   14 |  12  13   |             |
            |               |                   9 |      11   |             |
   8   14   |   14      1   |     1  10   11   14 |  10   1   |    8   14   |   14      1
  13   11   |   11      6   |     6   7    9   11 |   7   6   |   13   11   |   11      6
  11    9   |    9      4   |     4   5    7    9 |   5   4   |   11    9   |    9      4
   4    7   |    7          |         3    2    7 |   3       |    4    7   |    7

OpenHymnal -- Harp Lead Sheets                                                                Page 3
----------------------------------------------------------------------------------------------------
   IV V~2   ii II~2 |   V  IV   | II~2 II~2  IV   |      II | V~2     ii   | V~4  IV
  'IV iii ii-7 vii- | iii 'IV   | vii- ii-7 'IV   |     'II | iii   vii-   | I^1 'IV
   14  13   12   17 |  16  16   |   17   17  16   |      14 |  13     12   |  16  14
   13  12   11   16 |  14   8   |   16   16   8   |      13 |  12     11   |   8  13
   11        9   14 |  12  13   |   14   14  13   |       9 |          9   |  12  11
                  9 |      11   |    9    9  11   |         |              |
    1  10   11   14 |  10   1   |   14   11   1   |       9 |  10     14   |  10   1
    6   7    9   11 |   7   6   |   11    9   6   |       6 |   7     11   |   1   6
    4   5    7    9 |   5   4   |    9    7   4   |       2 |   5      9   |   5   4
        3    2    7 |   3       |    7    2       |         |   3      7   |   3

26. We Gather Together (D, 100bpm)
IV~2 |   vii7 IV~2 |   vii-      | vii-   vi |     IV~2 |  iii VII+   |   VII  vii
  ii |    V^2   ii |   iii7 ii^1 | iii7   'I |       ii | vi^1  IM7   | vii%7 'III
  12 |     13   12 |     11   12 |   11    9 |       12 |   12   13   |    15   16
  11 |     12   11 |     10      |   10    8 |       11 |   10   12   |    21   21
     |      9      |      9      |    9    6 |          |         8   |    14   10
     |     14      |     14      |   14      |          |        14   |     7   14
   9 |      9    9 |     12   11 |   12    3 |        9 |    8   10   |     6   10
   6 |     14    6 |     10    9 |   10    1 |        6 |    6    8   |     4   14
   4 |      5    4 |      9    6 |    9      |        4 |    3   14   |     2    3
   2 |      2    2 |      3    4 |    3      |        2 |    1    1   |     7

IV  vii- vii7 | vi7 vi7 |       iii^2   |   vi     | iii^2 vii7 vi vi7 |
ii vii%7 III7 |  'I  'I | vi7^3 iii^1   | ii^1     | III~4 III7 'I  'I |
13    12   13 |  12  12 |    12    13   |   15     |    12   13 11  12 |
11    11   10 |  10  10 |          12   |   13     |    10   10 10  10 |
      14    9 |   8   8 |          10   |          |    14    9  8   8 |
       7   14 |   6   6 |          14   |          |         14  6   6 |
 9     6   10 |   3   3 |    10    12   |   11     |    10   10  5   3 |
 6     4    9 |   1   1 |     8    10   |    9     |    14    9  3   1 |
 4     2   14 |         |     6    14   |    6     |     6   14  1     |
 2     7    3 |         |     5     5   |    4     |     3    3        |

vii- ii^2 vii7 vii- |  iii III     | vii- vi   |
 V^1  'ii    V  V^1 | vi^1   I     | iii7 'I   |
  11   12   13   11 |   12  11     |   11  9   |
   9   11   12    9 |   10  10     |   10  8   |
  14    9    9   14 |              |    9  6   |
        6   14      |              |   14      |
  12    4   12   12 |    8   8     |   12  5   |
   9    2    9    9 |    6   5     |   10  3   |
   5        14    5 |    3   3     |    9  1   |
   7         5    7 |    1   1     |    3      |

27. Abide, O Dearest Jesus (Eb, 120bpm)
  |     vii iii   |   iii    |     iii   vii | iii   |    V~2        |        | vi       |
  |   'vii-       |       vi |         'vii- |       | vi   I vii-   | vi     | IV       |
  |       9  10   |    10 20 |      10     9 |  10   | 20  20   21   | 20     |  9       |
  |      14  14   |    14 13 |      14    14 |  14   | 13  12        | 13     |  8       |
  |           5   |     5    |       5       |   5   |               |        | 13       |
  |           3   |     3    |       3       |   3   |               |        |          |
  |       4   7   |     7 10 |       7     4 |   7   | 10  10   11   | 10     | 11       |
  |       2       |        8 |             2 |       |  8   8    9   |  8     |  8       |
  |       7       |       13 |             7 |       | 13   5   14   | 13     | 13       |
  |               |        6 |               |       |  6   1    7   |  6     |  4       |

OpenHymnal -- Harp Lead Sheets                                                                Page 4
----------------------------------------------------------------------------------------------------
28. In Peace and Joy I Now Depart (C, 120bpm)
    IV |         I^1  VI~2 | vi   |    I^1  iv-         VI~2 | vi II~4 I^1    | V~4     V
    ii | iii V^1   I III~4 | 'I   | IV   I ii-7 II~2^1 III~4 | 'I  I~2   I  V | I^1 IV    ii
    13 |  12  16  15    14 | 13   | 13  15   14     13    14 | 13   13  15 14 |  15 13 12 11
    11 |          12    13 | 10   |     12   11           13 | 10   12  12    |  12     9
       |          10       |  8   |     10                   |  8    9  10    |         7
       |                   |  6   |                          |  6             |         5
     9 |  10  14   8    10 |  3   | 11   8    9     10    10 |  3    8   8 12 |  10 11  2  9
     6 |   7  12   5     7 |  1   |  8   5    7      9     7 |  1    5   5  9 |   8  8     6
     4 |   5   9   3     6 |      |  6   3    4      6     6 |       2   3  7 |   5  6     4
     2 |   3   7   1     3 |      |  4   1    2      3     3 |       1   1  5 |   3  4     2

  IV     | ii^1     |      iii       |       IV       |        IV   |           VI~4 |
  ii iii |          | IV vi7^2 ii vi | V~4   ii       |   IV~2      |   ii     'II~2 |
  13  12 |   11     | 13    12 11 15 |  15   13       |     12 11   |   11        10 |
  11     |    9     |       10       |       11       |         8   |              9 |
         |    6     |                |                |         6   |              6 |
         |    4     |                |                |         4   |                |
   9  10 |    2     | 11     8  9 13 |  12    9       |     11  1   |    9         3 |
   6   7 |          |  8     6  6 10 |   9    6       |      8      |    6         2 |
   4   5 |          |  6     5  4  8 |   8    4       |      5      |    4           |
   2   3 |          |  4     3  2  6 |   5    2       |      4      |    2           |

29. Lord, Dismiss Us With Thy Blessing (C, 100bpm)
iii   | V~4 iii   I V7^3 | V~4        |          V^1  V7 |    iii I^2 | V~4     I^1 iv-7
  I   | I^1   I I^2 V7^3 | I^1   IV   | I^1 vi 'II~4 'ii |  I   I  'I | I^1 iii   I ii-7
 12   |  15  12  17   16 |  15   13   |  12 15    12  11 | 10  12  10 |  15  12  17   16
 10   |  12  10  15   14 |  12        |            9   9 |     10   8 |  12      15   14
      |               12 |            |            7   7 |          5 |          12   11
      |               11 |            |                5 |            |          10
  8   |  10   8  12    9 |  10   11   |  10 13     5   4 |  8   8   3 |  10  10   8    9
  5   |   8   5  10    7 |   8    8   |   8 10     2   2 |  5   5   1 |   8   7   5    7
  3   |   5   3   8    5 |   5    6   |   5  8           |  3   3     |   5   5   3    4
  1   |   3   1   5    4 |   3    4   |   3  6           |  1   1     |   3   3   1    2

  vi        V | III~4           V     |  V vii   |     I^1 iii7 | vi   ii^1 iii^1
vi^2   vi iii |  vi^1 VI~4 vi V^2 II7 |      V   |       I    I | IV     ii   iii
  15   15  14 |    13   14 15  14  13 | 12  16   |      17   16 | 15     18    17
  13       12 |    10          12     |  9  14   |      15   15 | 13     16    14
              |                       |  7       |      12   12 |        13    12
              |                       |  5       |      10   10 |        11
  10   13  10 |     8   13 13   9   9 |  2  12   |       8    8 | 11      9    10
   8   10   7 |     6   10 10   7   8 |      9   |       5    5 |  8      6     7
   6    8   5 |     3    9  8   5   6 |      7   |       3    3 |  6      4     5
   3    6   3 |     1    6  6   2   2 |      5   |       1    1 |  4      2     3

VI~4           | I^1
ii^1 vi V~4  V |   I
  16 15  15 14 |  15
  13           |  12
               |  10
               |
  11 13  12 12 |   8
   9 10   9  9 |   5
   6  8   8  7 |   3
   4  6   5  5 |   1

OpenHymnal -- Harp Lead Sheets                                                                Page 5
----------------------------------------------------------------------------------------------------
30. On What Has Now Been Sown (D, 140bpm)
  |      iii   | vii-   | vii7        III   | vi   |     vii%7  iii |     II~2^1 IV |   III~4^2
  |     vi^1   | vii-   |    V ii^1 vi7^2   | 'I   |      vii- vi^1 |       vi^1 ii |      'III
  |       12   |   15   |   13   12    11   |  9   |        13   12 |         16 15 |        13
  |       10   |   21   |   12         10   |  8   |        11   10 |         15 13 |        10
  |            |   11   |    9              |  6   |         9      |         13 11 |        14
  |            |   14   |   14              |      |        14      |         10    |
  |        8   |   11   |   12   11     8   |  3   |        11    8 |          8  9 |        10
  |        6   |    9   |    9    9     6   |  1   |         9    6 |          6  6 |        14
  |        3   |   14   |   14    6     5   |      |        14    3 |          3  4 |         3
  |        1   |    7   |    5    4     3   |      |         7    1 |          1  2 |

vi7 IV~2 | vii7   | IV   | iii7   vii- IV~2 | vii7     vi   vii |    vi   | IV
 'I   ii |    V   | ii   |         V^1   ii |    V   ii^1 iii^1 | 'ii^2   | ii
 12   12 |   13   | 15   |    9     11   12 |   13     15    16 |    15   | 15
 10   11 |   12   | 13   |    8      9   11 |   12     13    21 |    13   | 13
  8      |    9   | 11   |    5     14      |    9           10 |         | 11
  6      |   14   |      |    3             |   14           14 |         |
  3    9 |   12   |  9   |    1     12    9 |   12     11    12 |    11   |  9
  1    6 |    9   |  6   |           9    6 |    9      9    10 |     9   |  6
       4 |   14   |  4   |           5    4 |   14      6    14 |     6   |  4
       2 |    5   |  2   |           7    2 |    5      4     5 |         |  2

31. Come, Thou Long-Expected Jesus (C, 100bpm)
         V | vi  VI7   |          |          |             |         |     |   |          V
III~4      | 'I 'iii   | I^2   IV |  V III~4 |   I~2^1     |   V^2   |     |   | III~4
   13   12 | 10   12   |  15   13 | 14    13 |      12     |    12   |     |   |    13   12
         9 |  8   10   |          |          |             |         |     |   |          9
         7 |  6    6   |          |          |             |         |     |   |          7
         5 |           |          |          |             |         |     |   |          5
   10    2 |  3    5   |  12   11 | 12    10 |       9     |     9   |     |   |    10    2
    7      |  1    3   |  10    8 |  9     7 |       8     |     7   |     |   |     7
    6      |           |   8    6 |  7     6 |       5     |     5   |     |   |     6
    3      |           |   5    4 |  5     3 |       2     |     2   |     |   |     3

vi  VI7   |          |          |             |         |     |   |   vii |     |           VI~4
'I 'iii   | I^2   IV |  V III~4 |   I~2^1     |   V^2   |     |   |     V |     | V~4 VI~2 'II~2
10   12   |  15   13 | 14    13 |      12     |    12   |     |   |    16 |     |  15   14    13
 8   10   |          |          |             |         |     |   |    14 |     |             10
 6    6   |          |          |             |         |     |   |       |     |              9
          |          |          |             |         |     |   |       |     |              6
 3    5   |  12   11 | 12    10 |       9     |     9   |     |   |    12 |     |  12   13     3
 1    3   |  10    8 |  9     7 |       8     |     7   |     |   |     9 |     |   9   10     2
          |   8    6 |  7     6 |       5     |     5   |     |   |     7 |     |   8    7
          |   5    4 |  5     3 |       2     |     2   |     |   |     5 |     |   5    6

        | I^1 VI~4 |     I        |      iv-     |   |            |    I |           |  iv-
  III~4 |   I  'II | 'III+   VI~4 | V~4 ii-7 II7 |   |   I^2 VI~4 |   vi | vi   vi^2 | ii-7 III~4
     13 |  15   16 |    17     16 |  15   14  13 |   |    15   16 |   17 | 15     13 |   14    13
        |  12   13 |    15        |       11     |   |            |   15 |           |   11
        |  10      |              |              |   |            |      |           |
        |          |              |              |   |            |      |           |
     10 |   8    9 |    10     13 |  12    9   9 |   |    12   13 |   13 | 13     10 |    9    10
      7 |   5    6 |     8     10 |   9    7   8 |   |    10   10 |   10 | 10      8 |    7     7
      6 |   3    2 |     3      9 |   8    4   6 |   |     8    9 |    8 |  8      6 |    4     6
      3 |   1      |            6 |   5    2   2 |   |     5    6 |    6 |  6      3 |    2     3

OpenHymnal -- Harp Lead Sheets                                                                Page 6
----------------------------------------------------------------------------------------------------
vi vi7     |         | V~4   |
'I  'I     |   V^2   | I^1   |
13  12     |    12   |  15   |
10  10     |         |  12   |
 8   8     |         |       |
 6   6     |         |       |
 3   5     |     9   |  10   |
 1   3     |     7   |   8   |
     1     |     5   |   5   |
           |     2   |   3   |

32. Comfort, Comfort Ye My People (F, 160bpm)
 IV V~4 IVM7 V~4 | ii7 VI~2      | ii7 V~4 IVM7   |      V~4  IV |  IV V~4 IVM7 V~4
'vi   I  'vi   I |      'vi   IV |       I  'vi   | IV^2   I 'vi | 'vi   I  'vi   I
  8   9   10   9 |   8   14   12 |   8   9   10   |   10   9   8 |   8   9   10   9
 13   8    8   8 |  13   13      |  13   8    8   |        8  13 |  13   8    8   8
  4  12   13  12 |   4           |   4  12   13   |       12   4 |   4  12   13  12
           4     |   2           |   2        4   |              |            4
  1  10    1  10 |   6    3   11 |   6  10    1   |    8  10   1 |   1  10    1  10
  6   8    6   8 |        1    8 |       8    6   |   13   8   6 |   6   8    6   8
     12       12 |        6   13 |      12        |    4  12     |      12       12
      1        1 |             4 |       1        |    1   1     |       1        1

ii7 VI~2      | ii7 V~4 IVM7   |      V~4  IV | IVM7    IV~2   | IVM7 V~4 IVM7 |       IV v-7
     'vi   IV |       I  'vi   | IV^2   I 'vi |  'vi ii IV^1   |  'vi   I  'vi |     vii-   I
  8   14   12 |   8   9   10   |   10   9   8 |   10 10   19   |   10   9   10 |       20  19
 13   13      |  13   8    8   |        8  13 |    8      11   |    8   8    8 |       11  10
  4           |   4  12   13   |       12   4 |   13           |   13  12   13 |           12
  2           |   2        4   |              |    4           |    4        4 |
  6    3   11 |   6  10    1   |    8  10   1 |    1  9    8   |    1  10    1 |        9  10
       1    8 |       8    6   |   13   8   6 |    6 13   13   |    6   8    6 |       14   8
       6   13 |      12        |    4  12     |       4    4   |       12      |        4  12
            4 |       1        |    1   1     |       2    6   |        1      |        7   1

  IVM7 V~4 | IVM7         vi | ii7 V~4 IVM7   VII | IVM7      IVM7 |  V    vi  V  IV
   'vi   I |  'vi 'I   'IV^1 |       I  'vi 'vii- |  'vi ii    'vi |  V 'IV^1  I 'vi
    10   9 |   10 19      10 |   8   9   10     8 |   10 10     10 |  9     8 14   8
     8   8 |    8 12       8 |  13   8    8    14 |    8         8 | 14    13 12  13
    13  12 |   13         13 |   4  12   13       |   13        13 | 12            4
     4     |    4            |   2        4       |    4         4 |
     1  10 |    1  8       4 |   6  10    1     4 |    1  9      1 |  9     4 10   1
     6   8 |    6 12       1 |       8    6     2 |    6 13      6 | 14     1  8   6
        12 |       1       6 |      12          7 |       4        | 12     6 12
         1 |                 |       1            |       2        |  5        1

33. Gabriel's Message (C, 200bpm)
  | vi   |        |         | vi |    VI~2 |  VI~4 |    V | vi   |           |     iv- | III~4
  | 'I   | VI~4   | vi VI~4 | 'I | vii%7^3 | 'II~2 |      | 'I   | VI~4 ii^2 | vi ii-7 |  vi^1
  | 13   |   14   | 15   14 | 13 |      14 |    10 |   10 | 13   |   14   16 | 15   14 |    13
  | 10   |        |         | 10 |      13 |     9 |    9 | 10   |           |      11 |    10
  |  8   |        |         |  8 |         |     6 |    7 |  8   |           |         |
  |  6   |        |         |  6 |         |       |    5 |  6   |           |         |
  |  3   |   13   | 13   13 |  3 |      11 |     3 |    2 |  3   |   13   13 | 13    9 |     8
  |  1   |   10   | 10   10 |  1 |       9 |     2 |      |  1   |   10   11 | 10    7 |     6
  |      |    9   |  8    9 |    |       7 |       |      |      |    9    9 |  8    4 |     3
  |      |    6   |  6    6 |    |       6 |       |      |      |    6    6 |  6    2 |     1

OpenHymnal -- Harp Lead Sheets                                                                Page 7
----------------------------------------------------------------------------------------------------
          | vi |   I^1 |        | I^1  iv- | V~4 iv-7 | I^1   | VI~4 |   vi |    |   V~4
III~4 iii | 'I |     I |   vii- |   I ii-7 | I^1 ii-7 |   I   | ii^1 | 'i-7 |  V |   I^1
   13  12 | 13 |    15 |     16 |  15   14 |  15   16 |  17   |   16 |   15 | 14 |    15
          | 10 |    12 |        |  12   11 |  12   14 |  15   |   13 |   13 |    |    12
          |  8 |    10 |        |  10      |       11 |  12   |      |      |    |
          |  6 |       |        |          |          |  10   |      |      |    |
   10  10 |  3 |     8 |     14 |   8    9 |  10    9 |   8   |   11 |    8 | 12 |    10
    7   7 |  1 |     5 |     11 |   5    7 |   8    7 |   5   |    9 |    6 |  9 |     8
    6   5 |    |     3 |      9 |   3    4 |   5    4 |   3   |    6 |    1 |  7 |     5
    3   3 |    |     1 |      7 |   1    2 |   3    2 |   1   |    4 |      |  5 |     3

VI~4 vi |      IV      |  VI~2 | III7 |    | ii7 IV ii7 | III~4 |           | vi |
ii^1 IV | vii%7^2 ii^1 | III~4 |      | IV | ii7 ii ii7 |  vi^1 | III~4 iii | 'I |
  16 15 |      14   13 |    14 |   10 | 13 |  15 14  15 |    13 |    13  12 | 13 |
  13 13 |      13      |    13 |    9 |    |  13 13  13 |    10 |           | 10 |
        |      11      |       |    7 |    |  11 11  11 |       |           |  8 |
        |              |       |    3 |    |   9      9 |       |           |  6 |
  11 11 |       9   11 |    10 |    2 | 11 |   8  9   8 |     8 |    10  10 |  3 |
   9  8 |       7    9 |     7 |      |  8 |   6  6   6 |     6 |     7   7 |  1 |
   6  6 |       6    6 |     6 |      |  6 |   4  4   4 |     3 |     6   5 |    |
   4  4 |       4    4 |     3 |      |  4 |   2  2   2 |     1 |     3   3 |    |

34. Hark the Glad Sound (G, 130bpm)
      | IV ii^1 | iii III ii^1 |  V   | ii^1        vi |   iii   | IV~2 ii^1 |     II~2 V^2
      | ii  II7 |  'V  vi   ii | 'V   |   ii vii7 'VI7 |    'V   | iv-7   ii | V^2       'V
      | 19   18 |  10  18    9 |  8   |    9   19    8 |     8   |   12    9 |  10    9   8
      | 18    9 |  14  10   13 | 14   |   13        13 |    14   |   11   13 |       13  14
      | 13   13 |  12       11 | 12   |   11           |    12   |        11 |        3  12
      | 11   11 |   3          |      |                |     3   |           |        2   2
      |  9    9 |   7   8    9 |  2   |    9    9   12 |     7   |    9    9 |   9    6   7
      | 13    8 |   5  13   13 |  7   |   13   14    3 |     5   |   11   13 |  14        5
      | 11   13 |       3   11 |  5   |   11   13    6 |         |    2   11 |  12
      |  2    2 |       6    2 |      |    2    7      |         |    4    2 |   2

 III      IV |      III II~2 | V~2  V |       iii |  vi  V   |  V
II~2 V^2 II7 | V^2 II~2    V |   I 'V |   II7  'V | 'vi 'V   | 'V
  18  10   9 |  19   18   10 |  20  8 |    18  10 |   9  8   |  8
  10       8 |       10    9 |  19 14 |        14 |   8 14   | 14
          13 |               |     12 |        12 |  13 12   | 12
          11 |               |        |         3 |          |
   9   9   9 |   9    9   14 |  10  2 |     9   7 |   3  2   |  2
  13  14   8 |  14   13   12 |   8  7 |     8   5 |   1  7   |  7
   3  12  13 |  12    3    7 |  12  5 |    13     |   6  5   |  5
   2   2   2 |   2    2    5 |   1    |     2     |          |

35. Jesus Came, the Heavens Adoring (D, 100bpm)
    vii7 iii^2 |  iii vi     |  iii   vii7      | vii-       | vi       vii   |
       V   iii | vi^1 'I     | vi^1      V ii^1 | iii7 I^1   | 'I vi^1 'III   |   vi^1
      13    13 |   12 11     |   12     13   12 |   11  11   |  9    9    9   |      9
      12    12 |   10 10     |   10     12      |   10       |  8        14   |
       9    10 |       8     |           9      |    9       |  6             |
      14    14 |       6     |          14      |   14       |                |
      12    12 |    8  5     |    8     12   11 |   12  10   |  3    8   10   |      8
       9    10 |    6  3     |    6      9    9 |   10   8   |  1    6   14   |      6
      14    14 |    3  1     |    3     14    6 |    9   5   |       3    3   |      3
       5     3 |    1        |    1      5    4 |    3   3   |       1        |      1

OpenHymnal -- Harp Lead Sheets                                                                Page 8
----------------------------------------------------------------------------------------------------
       vii%7 | IV~2 vii-   |      vii   iii^2 |   vii7     | vii-   iii^2   vii%7 | iii^2   vii%7
    IV  vii- | IV^2    I   |     ii-7     iii |      V     | vii-   iii^1    ii-7 |   iii    vii-
    12    13 |   12   11   |       15      13 |     13     |   15      13      13 |    13      13
          11 |   11   10   |       21      12 |     12     |   21      12      11 |    12      11
           9 |         8   |        9      10 |      9     |   11      10       9 |    10       9
          14 |        14   |       14      14 |     14     |   14      14      14 |    14      14
    11    11 |    8   10   |       11      12 |     12     |   11      12      11 |    12      11
     8     9 |    6    8   |        9      10 |      9     |    9      10       9 |    10       9
     6    14 |    4    5   |       14      14 |     14     |   14      14      14 |    14      14
     4     7 |    1    1   |        2       3 |      5     |    7       5       2 |     3       7

36. Lift Up Your Heads, Ye Mighty Gates (A, 140bpm)
iii |     | vi^2   vi^2 |  iii7   | iii   |       | vi^2   |  iii III7 |     |   vi^2
iii |     | vi^1     vi | iii^1   | iii   |       | vi^1   | vi^2 iii7 |     |   vi^1
 12 |     |    8      8 |     9   |  12   |       |    8   |   12   11 |     |      8
 10 |     |   13     13 |    14   |  10   |       |   13   |   10   10 |     |     13
    |     |   10     10 |    12   |       |       |   10   |         2 |     |     10
    |     |             |    10   |       |       |        |         3 |     |
 12 |     |    8      8 |    14   |  12   |       |    8   |    8    2 |     |      8
 10 |     |   13     13 |    12   |  10   |       |   13   |   13    7 |     |     13
  7 |     |   10     10 |    10   |   7   |       |   10   |    6    5 |     |     10
  3 |     |    1      6 |     5   |   3   |       |    1   |    3    3 |     |      1

 iii7     |  IV     | iii iii |  IV iii7 |    IV |     | iii vi^2 |   iii7 | vi^2   |  iii7 ii
iii^1     | 'vi     | iii   I | 'IV  iii |   'IV |     | iii   vi |   II~2 | vi^1   | iii^1  V
    9     |   8     |  12  12 |   8    9 |     8 |     |  12    8 |      9 |    8   |     9 18
   14     |  13     |  10  10 |  13   14 |    13 |     |  10   13 |     14 |   13   |    14  9
   12     |  11     |         |  11   12 |    11 |     |       10 |     12 |   10   |    12
   10     |         |         |       10 |       |     |          |     10 |        |    10
   14     |   1     |  12   8 |   1   12 |     1 |     |  12    8 |      9 |    8   |    14 14
   12     |   6     |  10  12 |   6   10 |     6 |     |  10   13 |     14 |   13   |    12 12
   10     |         |   7  10 |   4    7 |     4 |     |   7   10 |     10 |   10   |    10  7
    5     |         |   3   1 |        3 |       |     |   3    6 |      2 |    1   |     5  5

  iii | ii    iii7 | vi^2     |  iii iii | iii   |   iii   | ii^2   iii |     |    vii- ii-7
  iii |  V   iii^2 | vi^1     | vi^2 iii |  vi   | iii^1   | ii^1 iii^1 |     |   'vii- 'iv-
   12 | 18       9 |    8     |   12  12 |  12   |    19   |   18    19 |     |      18    9
   10 |  9      14 |   13     |   10  10 |  10   |    17   |    9    17 |     |       9   14
      |         12 |   10     |          |       |    14   |   13    14 |     |      14   11
      |         10 |          |          |       |    10   |         10 |     |            2
   12 | 14      14 |    8     |    8  12 |   8   |    14   |   11    14 |     |      11    7
   10 | 12      12 |   13     |   13  10 |  13   |    12   |    2    12 |     |       2    4
    7 |  7      10 |   10     |    6   7 |  10   |    10   |    6    10 |     |       7
    3 |  5       7 |    1     |    3   3 |   6   |     5   |    4     5 |     |

vi^2   | vi^2
vi^2   |   vi
   8   |    8
  13   |   13
  10   |   10
       |
   8   |    8
  13   |   13
   6   |   10
   3   |    6

OpenHymnal -- Harp Lead Sheets                                                                Page 9
----------------------------------------------------------------------------------------------------
37. Lo! He Comes With Clouds Descending (G, 150bpm)
 V     IV | iii       |           | IV~2       | IV~2 IV~2 |    V  vi | II~2    III
'V   ii^1 |  'V       |           |   ii II7   |   ii  I~4 | 'vii 'vi |    V   vi^1 IM7
 8     19 |   8       |           |   12  11   |   12   12 |    8   9 |   10     18  10
14     18 |  14       |           |   11       |   11   11 |   14   8 |    9     10
12     13 |  12       |           |            |           |   12  13 |
       11 |   3       |           |            |           |          |
 2      9 |   7       |           |    9   9   |    9    8 |    2   3 |   14      8   8
 7     13 |   5       |           |   13   8   |   13   12 |    7   1 |   12     13  14
 5      2 |           |           |   11  13   |   11   11 |        6 |    7      3  12
        4 |           |           |    2   2   |    2    1 |          |    5      1   1

    ii^1 |  V     IV | iii       |           | IV~2       | IV~2 IV~2 |    V  vi
V^2   ii | 'V   ii^1 |  'V       |           |   ii II7   |   ii  I~4 | 'vii 'vi
 10    9 |  8     19 |   8       |           |   12  11   |   12   12 |    8   9
      13 | 14     18 |  14       |           |   11       |   11   11 |   14   8
      11 | 12     13 |  12       |           |            |           |   12  13
         |        11 |   3       |           |            |           |
  9    9 |  2      9 |   7       |           |    9   9   |    9    8 |    2   3
 14   13 |  7     13 |   5       |           |   13   8   |   13   12 |    7   1
 12   11 |  5      2 |           |           |   11  13   |   11   11 |        6
  2    2 |         4 |           |           |    2   2   |    2    1 |

II~2    III     |     ii^1 |       ii^1     | III II~2 |   ii^1   VII III |     ii^1 iii
   V   vi^1 IM7 | V^2   ii |   V^2   ii V^1 |  vi    V |   ii^1 iii^1  vi | V^1   ii  'V
  10     18  10 |  10    9 |    10    9  10 |  18   10 |      9     8  18 |  10    9   8
   9     10     |       13 |         13     |  10    9 |     13    14  10 |       13  14
                |       11 |         11     |          |     11           |       11  12
                |          |                |          |                  |            3
  14      8   8 |   9    9 |     9    9   9 |   8   14 |      9    12   8 |   9    9   7
  12     13  14 |  14   13 |    14   13  14 |  13   12 |     13     3  13 |  14   13   5
   7      3  12 |  12   11 |    12   11  12 |   3    7 |      2     7   3 |  12   11
   5      1   1 |   2    2 |     2    2   7 |   6    5 |      4     5   6 |   7    2

       iii     |   IV II~2 II~4 |    V  vi II~2 | IV~2     |     ii^1 |  V
  vi^2  'V V^1 | IV^1    V 'V~2 | 'vii 'vi    V | ii^1 I^1 | V^2   ii | 'V
    18  10  19 |   18   10    9 |    8   9   10 |   12  18 |  10    9 |  8
        14     |   13    9   13 |   14   8    9 |   11     |       13 | 14
        12     |   11        12 |   12  13      |          |       11 | 12
         3     |              2 |               |          |          |
    10   7   9 |    8   14    6 |    2   3   14 |    9  10 |   9    9 |  2
     8   5  14 |   13   12    5 |    7   1   12 |   13   8 |  14   13 |  7
    13      12 |   11    7      |        6    7 |    2  12 |  12   11 |  5
     3       7 |    6    5      |             5 |    4   3 |   2    2 |

38. Magnificat (Ab, 110bpm)
 IV       |    iii |   iii   |   | vi^2 vi^2 vi^2 |     |   iii |   |       | vi^2   |
'IV       | IV I^1 |   I^1   |   |   vi vi^1   vi |     |   iii |   |       |   vi   |
 13       | 10  14 |    14   |   |   17   17   17 |     |    14 |   |       |   17   |
 11       |     12 |    12   |   |    8    8    8 |     |    12 |   |       |    8   |
          |     10 |    10   |   |   13   13   13 |     |    10 |   |       |   13   |
          |        |         |   |   10   10   10 |     |       |   |       |   10   |
  1       |  8   8 |     8   |   |    8    8    8 |     |    12 |   |       |    8   |
  6       | 13  12 |    12   |   |   13   13   13 |     |    10 |   |       |   13   |
  4       | 11   1 |     1   |   |   10   10   10 |     |     7 |   |       |   10   |
          |  4   3 |     3   |   |    6    1    6 |     |     3 |   |       |    6   |

OpenHymnal -- Harp Lead Sheets                                                               Page 10
----------------------------------------------------------------------------------------------------
iii iii |   iii   |   IVM7 |   iii V~2 |  IV
iii   I |   I^1   |    'vi |     I     | 'IV
 14  14 |    14   |     17 |    14  13 |  13
 12  12 |    12   |      8 |    12  12 |  11
 10  10 |    10   |     13 |    10  11 |
        |         |     11 |         5 |
 12   8 |     8   |      1 |     8   4 |   1
 10  12 |    12   |      6 |    12     |   6
  7  10 |     1   |        |    10     |   4
  3   1 |     3   |        |     1     |

39. O Come O Come Emmanuel (G, 130bpm)
  |   iv-7     II~2 |    III      IV |  V ii^1 | II~2    V      V |          IV~2 |
  |   ii-7 V^1    V |  I vi7 V^1 II7 | 'V   ii |    V 'vii   'vii | vi^1     vii- |   vi^1
  |     10  10   10 |  9  18  10   9 |  8    9 |   10    8      8 |    9       12 |      9
  |      9        9 |     10       8 | 14   13 |    9   14     14 |            11 |
  |     14          |             13 | 12   11 |        12     12 |               |
  |     11          |             11 |         |                  |               |
  |      9   9   14 |  8   8   9   9 |  2    9 |   14    2      2 |    8        9 |      8
  |     14  14   12 | 12  13  14   8 |  7   13 |   12    7      7 |   13       14 |     13
  |     11  12    7 |  3  12  12  13 |  5   11 |    7             |    3       11 |      3
  |      2   7    5 |  1   6   7   2 |       2 |    5             |    1        7 |      1

 vi           | iii     | IV~2 iii | ii^1 iv-7 II~2     |    III      IV |  V  V | IV iii
'vi   iii^1   |  'V     |   ii  'V |   ii vii-    V V^1 |  I vi7 V^1 II7 | 'V 'V | ii  'V
  9      13   |   8     |   12   8 |    9   10   10  10 |  9  18  10   9 |  8 19 | 19  10
  8           |  14     |   11  14 |   13    9    9     |     10       8 | 14 14 | 18  14
 13           |  12     |       12 |   11   14          |             13 | 12 12 | 13  12
              |   3     |        3 |        11          |             11 |       | 11   3
  3      12   |   7     |    9   7 |    9    9   14   9 |  8   8   9   9 |  2  2 |  9   7
  1       3   |   5     |   13   5 |   13   14   12  14 | 12  13  14   8 |  7  7 | 13   5
  6       7   |         |   11     |   11   11    7  12 |  3  12  12  13 |  5  5 | 11
          5   |         |    2     |    2    7    5   7 |  1   6   7   2 |       |  2

iv-7 II~2 |    III      IV | iii ii^1 | II~2    V      V |          IV~2 |
vii-    V |  I vi7 V^1 II7 |  'V   ii |    V 'vii   'vii | vi^1     vii- |
  10   10 |  9  18  10   9 |   8    9 |   10    8      8 |    9       12 |
   9    9 |     10       8 |  14   13 |    9   14     14 |            11 |
  14      |             13 |  12   11 |        12     12 |               |
  11      |             11 |   3      |                  |               |
   9   14 |  8   8   9   9 |   7    9 |   14    2      2 |    8        9 |
  14   12 | 12  13  14   8 |   5   13 |   12    7      7 |   13       14 |
  11    7 |  3  12  12  13 |       11 |    7             |    3       11 |
   7    5 |  1   6   7   2 |        2 |    5             |    1        7 |

40. On Jordan's Bank the Baptist's Cry (D, 120bpm)
  |  VII vi |   vii- |   vi |   VII |      IV~2 |  iii VII+   | IV VII+ | IV  iii | vii vii
  | vii- 'I |    V^1 |   'I |     V | ii^1   ii | vi^1  IM7   | ii  V^2 | ii vi^1 | vii vii
  |    8  9 |     11 |    9 |     8 |   12   12 |   12   13   | 15   15 | 15   12 |  15  15
  |   14  8 |      9 |    8 |    14 |        11 |   10   12   | 13   21 | 13   10 |  21  21
  |       6 |     14 |    6 |       |           |         8   | 11   12 | 11      |   9   9
  |         |        |      |       |           |        14   |      14 |         |  14  14
  |   11  3 |     12 |    3 |    12 |   11    9 |    8   10   |  9    9 |  9    8 |   9   9
  |    9  1 |      9 |    1 |     9 |    9    6 |    6    8   |  6   14 |  6    6 |  14  14
  |   14    |      5 |      |    14 |    6    4 |    3   14   |  4    5 |  4    3 |   2   2
  |    7    |      7 |      |     5 |    4    2 |    1    1   |  2    2 |  2    1 |   7   7

OpenHymnal -- Harp Lead Sheets                                                               Page 11
----------------------------------------------------------------------------------------------------
  IV~2 | vii7 vii7 | IV~2 vii- |  iii   | vi   | VII   |
    ii |    V  V^1 |   ii  iii | vi^1   | 'I   |   V   |
    12 |   13   13 |   12   11 |   12   |  9   |   8   |
    11 |   12   12 |   11   10 |   10   |  8   |  14   |
       |    9    9 |        14 |        |  6   |       |
       |   14   14 |           |        |      |       |
     9 |   12   12 |    9   12 |    8   |  3   |  12   |
     6 |    9    9 |    6   10 |    6   |  1   |   9   |
     4 |   14    5 |    4   14 |    3   |      |  14   |
     2 |    5    7 |    2    3 |    1   |      |   5   |

41. Of The Father's Love Begotten (F, 120bpm)
 IV  V~4 IVM7        V~4 | IVM7    IV |     IV~2   IV v-7 IVM7   | v-7 |  V     V   IV   IV~2
'vi IV~2  'vi   IV^2   I |  'vi   'vi |     IV^2 vii-   I  'vi   |   I |  V iii^1 IV^1   vii-
  8    9   10     10   9 |   10     8 |       19   20  19   10   |  19 | 20    21   15     19
 13    8    8          8 |    8    13 |       11   11  10    8   |  10 | 19    19   20     11
  4   12   13         12 |   13     4 |                12   13   |  12 | 14    14   11
            4            |    4       |                      4   |     | 12    12
  1   11    1      8  10 |    1     1 |        8    9  10    1   |  10 |  9    10    8      9
  6    8    6     13   8 |    6     6 |       13   14   8    6   |   8 | 14    14   13     14
      12           4  12 |            |        4    4  12        |  12 | 12     3    4      4
       4           1   1 |            |        1    7   1        |   1 |  5     5    6      7

II~2    V ii7 |     V ii7  V ii7    V |  IV |    V~4 IVM7        V~4 | IV~2   IV
 ii7 II~2     |   VI7      V        I | 'vi |   IV~2  'vi   IV^2   I | IV^1 vii-
  10    9   8 |    14   8  9   8   14 |   8 |      9   10     10   9 |   19   20
   9   14  13 |    13  13 14  13   12 |  13 |      8    8          8 |   11   11
       12   4 |    12   4 12   4      |   4 |     12   13         12 |
            2 |         2      2      |     |           4            |
   8   10   6 |    10   6  9   6   10 |   1 |     11    1      8  10 |    8    9
  13    9     |    13     14        8 |   6 |      8    6     13   8 |   13   14
   4    3     |    12     12       12 |     |     12           4  12 |    4    4
   2    2     |     6      5        1 |     |      4           1   1 |    6    7

              V~2   V | ii7      |   V~4 IVM7 IV~2 IVM7 ii7 |   V  IV
IV     IV       V IM7 |       IV |     I  'vi IV^1  'vi     | IM7 'vi
19     19      13  14 |   8   12 |     9   10   19   10   8 |   9   8
               12  12 |  13      |     8    8   11    8  14 |   8  13
                      |   4      |    12   13        13   4 |  14   4
                      |   2      |          4         4   2 |  12
11     11       9  10 |   6   11 |    10    1    8    1   7 |  10   1
 8      8      14   8 |        8 |     8    6   13    6     |   8   6
13     13      12  14 |       13 |    12         4          |  14
 4      4       5   1 |        4 |     1         6          |   1

42. O Lord, How Shall I Meet Thee (Eb, 140bpm)
  |         |        | iii     vi   vii |     |         |        | iii     vi   vii |
  |         |    I   |       IV^1 'vii- |     |         |    I   |       IV^1 'vii- |
  |         |   10   |  10      9     9 |     |         |   10   |  10      9     9 |
  |         |        |  14      8    14 |     |         |        |  14      8    14 |
  |         |        |   5     13       |     |         |        |   5     13       |
  |         |        |   3              |     |         |        |   3              |
  |         |    8   |   7     11     4 |     |         |    8   |   7     11     4 |
  |         |    5   |          8     2 |     |         |    5   |          8     2 |
  |         |    3   |          4     7 |     |         |    3   |          4     7 |
  |         |    1   |          6       |     |         |    1   |          6       |

OpenHymnal -- Harp Lead Sheets                                                               Page 12
----------------------------------------------------------------------------------------------------
   VI~2        | VI+   iii |        iii |   vii iii |     vii iii   |   iii   |   iii   vii   |
vi ii^1   vii- |  IV       | vi         | 'vii-     |   'vii-       |         |       'vii-   |
20   21     21 |  20    10 | 20      10 |     9  10 |       9  10   |    10   |    10     9   |
13   20        |  11    14 | 13      14 |    14  14 |      14  14   |    14   |    14    14   |
     13        |  13     5 |          5 |         5 |           5   |     5   |     5         |
               |         3 |          3 |         3 |           3   |     3   |     3         |
10   11     11 |  11     7 | 10       7 |     4   7 |       4   7   |     7   |     7     4   |
 8    9      9 |   8       |  8         |     2     |       2       |         |           2   |
13   13     14 |  13       | 13         |     7     |       7       |         |           7   |
 6    4      7 |   4       |  6         |           |               |         |               |

43. Savior Of The Nations Come (Bb, 100bpm)
II~4 V~2 ii   | VI~2 II~4  II II~4 |          |  IV II~2   |    IV II~2   |       II II~4
   V     ii   |         V 'II    V |      I   | 'IV vii-   |   'IV vii-   |  I   'II    V
  13  13 12   |   14   13  14   13 |     16   |  16   17   |    16   17   | 16    14   13
  12  12 11   |   13   12  13   12 |          |   8   16   |     8   16   |       13   12
   9  10  9   |   10    9   9    9 |          |  13   14   |    13   14   |        9    9
       5      |    6               |          |  11    9   |    11    9   |
  14   3 11   |    3   14   9   14 |      8   |   1   14   |     1   14   |  8     9   14
  12      9   |        12   6   12 |     12   |   6   11   |     6   11   | 12     6   12
   9      6   |         9   2    9 |     10   |   4    9   |     4    9   | 10     2    9
   5      2   |         5        5 |      1   |        7   |          7   |  1          5

V~2 V~2 ii   |  II II~4 ii II~4
iii     ii   | 'II  V^2 ii    V
 13  13 12   |  14   13 14   13
 12  12 11   |  13   12 13   12
     10  9   |   9    9 11    9
      5      |           9
 10   3 11   |   9    9 11   14
  7      9   |   6    7  9   12
  5      6   |   2    5  6    9
  3      2   |        2  2    5

44. The Advent of Our God (G, 140bpm)
  |    V  V   ii^1 vi7^2 | ii^1 II~2 ii^1 |     ii^1 II~2 III II~2 | ii^1   IV
  | 'vii 'V   ii^1  'V~2 |   ii    V   vi | V^1   vi    V  vi    V |   ii ii^1
  |    8  8      9     8 |    9   10   18 |  19   18   10  18   10 |    9   19
  |   14 14     13    13 |   13    9    9 |        9    9  10    9 |   13   18
  |   12 12     11    12 |   11        13 |       13               |   11   13
  |                    3 |             11 |       11               |        11
  |    2  2      9     6 |    9   14    9 |   9    9   14   8   14 |    9    9
  |    7  7     13     5 |   13   12    8 |  14    8   12  13   12 |   13   13
  |       5      2       |   11    7    2 |  12    2    7   3    7 |   11    2
  |              4       |    2    5    6 |   7    6    5   6    5 |    2    4

II~2    V ii^1 IV~2 |  V   iii   IV  V | V~2     III      IV |  V
   V 'vii   ii ii^1 | 'V    'V   ii 'V |   I V^1   I V^2 II7 | 'V
  10    8    9   12 |  8    10   19 19 |  20  19  18  10   9 |  8
   9   14   13   11 | 14    14   18 14 |  19      10       8 | 14
       12   11      | 12    12   13 12 |                  13 | 12
                    |        3   11    |                  11 |
  14    2    9    9 |  2     7    9  2 |  10   9   8   9   9 |  2
  12    7   13   13 |  7     5   13  7 |   8  14  12  14   8 |  7
   7        11    2 |  5         11  5 |  12  12   3  12  13 |  5
   5         2    4 |             2    |   1   7   1   2   2 |

OpenHymnal -- Harp Lead Sheets                                                               Page 13
----------------------------------------------------------------------------------------------------
45. The King Shall Come (Ab, 100bpm)
   |    V       | iii V~2       I^1 |   iii     | vi^2     | vi^2           | iii V~2
 I |   'V       |   I       IV 'I^1 |     I     |   vi     |   vi   I~4     | iii       IV
10 |   14       |  14  13   10   10 |    14     |   17     |   17    17     |  14  13   10
   |   12       |  12  12         1 |    12     |    8     |    8           |  12  12
   |            |  10  11         5 |    10     |   13     |   13           |  10  11
   |            |       5         3 |           |   10     |   10           |       5
 8 |    2       |   8   4    8    1 |     8     |    8     |    8     8     |  12   4    8
12 |    7       |  12       13    5 |    12     |   13     |   13    12     |  10       13
10 |    5       |  10       11    3 |    10     |   10     |   10    11     |   7       11
 1 |            |   1        4      |     1     |    6     |    6     1     |   3        4

  iii     iii |  IV
  iii       I | 'IV
   14      14 |  13
   12      12 |  11
   10      10 |
              |
   12       8 |   1
   10      12 |   6
    7      10 |   4
    3       1 |

46. A Great and Mighty Wonder (F, 100bpm)
   |       IV    | v-7      | IVM7 V~4 ii7  V |  IV    |       IV    | v-7      | IVM7 V~4 ii7  V
IV |     vii- IV |   I ii   |  'vi I^1      I | 'vi IV |     vii- IV |   I ii   |  'vi I^1      I
19 |       20 19 |  19 10   |   10   9   8 14 |   8 19 |       20 19 |  19 10   |   10   9   8 14
   |       11    |  10      |    8   8  13 12 |  13    |       11    |  10      |    8   8  13 12
   |             |  12      |   13  12   4    |   4    |             |  12      |   13  12   4
   |             |          |    4       2    |        |             |          |    4       2
11 |        9 11 |  10  9   |    1  10   6 10 |   1 11 |        9 11 |  10  9   |    1  10   6 10
 8 |       14  8 |   8 13   |    6   8      8 |   6  8 |       14  8 |   8 13   |    6   8      8
13 |        4 13 |  12  4   |       12     12 |     13 |        4 13 |  12  4   |       12     12
 4 |        7  4 |   1  2   |        3      1 |      4 |        7  4 |   1  2   |        3      1

 IV IVM7 |  V VI~2  IV V~2 |      | v-7      IV    | v-7 II~2   |    vi   V    V |  IV
'vi  'vi |  V  'vi 'vi   V |  I   | I^1 IV vii- IV |   I        | 'IV^1 V^1    I | 'vi
  8   10 |  9   14   8  13 | 12   |  19 19   20 19 |  19   10   |    10   9   14 |   8
 13    8 | 14   13  13  12 |      |  10      11    |  10    9   |     8  14   12 |  13
  4   13 | 12        4     |      |  12            |  12   13   |    13  12      |   4
       4 |                 |      |                |        2   |                |
  1    1 |  9    3   1   9 | 10   |  10 11    9 11 |  10    6   |     4   9   10 |   1
  6    6 | 14    1   6  14 |  8   |   8  8   14  8 |   8        |     1  14    8 |   6
         | 12    6      12 | 12   |  12 13    4 13 |  12        |     6  12   12 |
         |  5            5 |  1   |   3  4    7  4 |   1        |         7    1 |

47. All My Heart This Night Rejoices (G, 140bpm)
 V ii^1 | II~2 ii^1 | II~2     V~2 |     |     IV   V~2 | III   II~2 | II~2       II~2 | ii^1  V
'V   ii |    V ii^1 |    V V^1   I | V^1 |   'iv- vi7^3 |   I      V |    V   I^1    V |   ii 'V
 8    9 |   10    9 |   10  19  20 |  19 |     20    18 |  18     10 |   10    18   10 |    9  8
14   13 |    9   13 |    9      19 |     |     18    10 |  10      9 |    9          9 |   13 14
12   11 |        11 |              |     |     14    13 |            |                 |   11 12
        |           |              |     |     11    12 |            |                 |
 2    9 |   14    9 |   14   9  10 |   9 |     11     3 |   8     14 |   14    10   14 |    9  2
 7   13 |   12   13 |   12  14   8 |  14 |      7     1 |  12     12 |   12     8   12 |   13  7
 5   11 |    7    2 |    7  12  12 |  12 |      4     6 |   3      7 |    7    12    7 |   11  5
      2 |    5    4 |    5   7   1 |   7 |            5 |   1      5 |    5     3    5 |    2

OpenHymnal -- Harp Lead Sheets                                                               Page 14
----------------------------------------------------------------------------------------------------
    III | II~2 ii^1 |  V     | IV~2 |   IV   V~2 III |       IV II~2 |   ii^1 III II~2 | II~4  V
vii  vi |    V ii^1 | 'V     |   ii | ii^1 iii^1  vi | I^1 ii^1    V |     ii   I    V | 'V~2 'V
 19  18 |   10    9 |  8     |   12 |   19    20  18 |  18   19   10 |      9  18   10 |    9  8
     10 |    9   13 | 14     |   11 |   18    19  10 |       18    9 |     13  10    9 |   13 14
        |        11 | 12     |      |   13           |       13      |     11          |   12 12
        |           |        |      |   11           |       11      |                 |    2
  9   8 |   14    9 |  2     |    9 |    9    10   8 |  10    9   14 |      9   8   14 |    6  2
 14  13 |   12   13 |  7     |   13 |   13    14  13 |   8   13   12 |     13  12   12 |    5  7
  2   3 |    7    2 |  5     |   11 |    2     3   3 |  12    2    7 |     11   3    7 |       5
  7   6 |    5    4 |        |    2 |    4     5   6 |   3    4    5 |      2   1    5 |

48. All Praise to Jesus' Hallowed Name (C, 120bpm)
 V |     iii        |    vii I^1 |      I^1 VI~4 |       V iii | V~4          |
   | iii   I IV iii | vi   V   I |  V     I  'II |  V        I | I^1  V V^1   | iii
12 |  12  12 13  12 | 15  16  15 | 14    17   16 | 14   12  12 |  15 14  16   |  12
 9 |      10        |     14  12 |       15   13 |       9  10 |  12          |
 7 |                |         10 |       12      |       7     |              |
 5 |                |            |       10      |       5     |              |
 2 |  10   8 11  10 | 13  12   8 | 12     8    9 | 12    2   8 |  10 12  14   |  10
   |   7   5  8   7 | 10   9   5 |  9     5    6 |  9        5 |   8  9  12   |   7
   |   5   3  6   5 |  8   7   3 |  7     3    2 |  7        3 |   5  7   9   |   5
   |   3   1  4   3 |  6   5   1 |  5     1      |  5        1 |   3  5   7   |   3

          | I^1         iii   V^1 |         V^1 iii | iii^1
      V^1 |   I   iii vi7^2 'II~4 |   iii 'II~4   I |
       16 |  15    12    13    14 |    12    12  12 |    12
          |  12          12    12 |           9  10 |    10
          |  10          10     9 |           7     |     7
          |                     7 |                 |     5
       14 |   8    10     8     5 |    10     5   8 |     3
       12 |   5     7     6     2 |     7     2   5 |
        9 |   3     5     5       |     5         3 |
        7 |   1     3     3       |     3         1 |

49. Angels From the Realms of Glory (C, 100bpm)
iii   | V~4 iii   I V7^3 | V~4        |          V^1  V7 |    iii I^2 | V~4     I^1 iv-7
  I   | I^1   I I^2 V7^3 | I^1   IV   | I^1 vi 'II~4 'ii |  I   I  'I | I^1 iii   I ii-7
 12   |  15  12  17   16 |  15   13   |  12 15    12  11 | 10  12  10 |  15  12  17   16
 10   |  12  10  15   14 |  12        |            9   9 |     10   8 |  12      15   14
      |               12 |            |            7   7 |          5 |          12   11
      |               11 |            |                5 |            |          10
  8   |  10   8  12    9 |  10   11   |  10 13     5   4 |  8   8   3 |  10  10   8    9
  5   |   8   5  10    7 |   8    8   |   8 10     2   2 |  5   5   1 |   8   7   5    7
  3   |   5   3   8    5 |   5    6   |   5  8           |  3   3     |   5   5   3    4
  1   |   3   1   5    4 |   3    4   |   3  6           |  1   1     |   3   3   1    2

  vi        V | III~4           V     |  V vii   |     I^1 iii7 | vi   ii^1 iii^1
vi^2   vi iii |  vi^1 VI~4 vi V^2 II7 |      V   |       I    I | IV     ii   iii
  15   15  14 |    13   14 15  14  13 | 12  16   |      17   16 | 15     18    17
  13       12 |    10          12     |  9  14   |      15   15 | 13     16    14
              |                       |  7       |      12   12 |        13    12
              |                       |  5       |      10   10 |        11
  10   13  10 |     8   13 13   9   9 |  2  12   |       8    8 | 11      9    10
   8   10   7 |     6   10 10   7   8 |      9   |       5    5 |  8      6     7
   6    8   5 |     3    9  8   5   6 |      7   |       3    3 |  6      4     5
   3    6   3 |     1    6  6   2   2 |      5   |       1    1 |  4      2     3

OpenHymnal -- Harp Lead Sheets                                                               Page 15
----------------------------------------------------------------------------------------------------
VI~4           | I^1
ii^1 vi V~4  V |   I
  16 15  15 14 |  15
  13           |  12
               |  10
               |
  11 13  12 12 |   8
   9 10   9  9 |   5
   6  8   8  7 |   3
   4  6   5  5 |   1

50. Angels We Have Heard On High (F, 130bpm)
IVM7    vi   |       IVM7 |   V~4 IVM7 IV~2 |        V  IV | IVM7    vi   |         IVM7
 'vi   'vi   | V~4    'vi |     I  'vi IV^1 | IV^2 IM7 'vi |  'vi   'vi   | V~4^2    'vi
  10    10   |  19     10 |     9   10   19 |   10   9   8 |   10    10   |    19     10
   8     8   |  12      8 |     8    8   11 |        8  13 |    8     8   |    12      8
  13    13   |         13 |    12   13      |       14   4 |   13    13   |           13
   4         |          4 |          4      |       12     |    4         |            4
   1     3   |   9      1 |    10    1    8 |    8  10   1 |    1     3   |     9      1
   6     1   |   8      6 |     8    6   13 |   13   8   6 |    6     1   |     8      6
         6   |  12        |    12         4 |    4  14     |          6   |    12
             |   5        |     1         6 |    1   1     |              |     2

  V~4 IVM7 IV~2 |        V  IV |    IV IV~2    IVM7 |   v-7   vi^2 V~4 | IVM7          V ii7
    I  'vi IV^1 | IV^2 IM7 'vi | IV ii  II7   'VI~4 |     I    'vi I^1 |  'vi   vii7 V^2
    9   10   19 |   10   9   8 | 19 20   19      10 |    19     10   9 |   10     10   9   8
    8    8   11 |        8  13 |    11   11       9 |    10      8   8 |    8         14  14
   12   13      |       14   4 |                 13 |    12     13  12 |   13         12   4
         4      |       12     |                  4 |            3     |    4              2
   10    1    8 |    8  10   1 | 11  9    9       2 |    10      1  10 |    3      9   9   7
    8    6   13 |   13   8   6 |  8 13    8       6 |     8      6   8 |    1     14  14
   12         4 |    4  14     | 13  4   13         |    12         12 |    6     13  12
    1         6 |    1   1     |  4  2    2         |     1          3 |           7   2

V~4      |    vi V~4 IVM7   |      V~4 |    IV IV~2    IVM7 |   v-7   vi^2 V~4
I^1    I | 'IV^1   I  'vi   | IV^2   I | IV ii  II7   'VI~4 |     I    'vi I^1
  9   12 |     8   9   10   |   10   9 | 19 20   19      10 |    19     10   9
  8      |    13   8    8   |        8 |    11   11       9 |    10      8   8
 12      |        12   13   |       12 |                 13 |    12     13  12
         |              4   |          |                  4 |            3
 10   10 |     4  10    1   |    8  10 | 11  9    9       2 |    10      1  10
  8    8 |     1   8    6   |   13   8 |  8 13    8       6 |     8      6   8
 12   12 |     6  12        |    4  12 | 13  4   13         |    12         12
  3    1 |         1        |    1   1 |  4  2    2         |     1          3

IVM7          V ii7 | V~4      |    vi V~4 IVM7   |      V~4 |  IV
 'vi   vii7 V^2     | I^1    I | 'IV^1   I  'vi   | IV^2   I | 'vi
  10     10   9   8 |   9   12 |     8   9   10   |   10   9 |   8
   8         14  14 |   8      |    13   8    8   |        8 |  13
  13         12   4 |  12      |        12   13   |       12 |   4
   4              2 |          |              4   |          |
   3      9   9   7 |  10   10 |     4  10    1   |    8  10 |   1
   1     14  14     |   8    8 |     1   8    6   |   13   8 |   6
   6     13  12     |  12   12 |     6  12        |    4  12 |
          7   2     |   3    1 |         1        |    1   1 |

OpenHymnal -- Harp Lead Sheets                                                               Page 16
----------------------------------------------------------------------------------------------------
51. Away In A Manger (F, 100bpm)
    |      V~4       |        V~4     |             |         |              |
    |     IV~2       |       IV~2     |             |         |    I         |
    |        9       |          9     |             |         |   12         |
    |        8       |          8     |             |         |              |
    |       12       |         12     |             |         |              |
    |                |                |             |         |              |
    |       11       |         11     |             |         |   10         |
    |        8       |          8     |             |         |    8         |
    |       12       |         12     |             |         |   12         |
    |        4       |          4     |             |         |    1         |

            |         |      V~4       |        V~4     |             |         | V~4   V~4
            |         |     IV~2       |       IV~2     |             |         |   I   I~4
            |         |        9       |          9     |             |         |   9     8
            |         |        8       |          8     |             |         |   8    12
            |         |       12       |         12     |             |         |  12
            |         |                |                |             |         |
            |         |       11       |         11     |             |         |  10     8
            |         |        8       |          8     |             |         |   8    12
            |         |       12       |         12     |             |         |  12     4
            |         |        4       |          4     |             |         |   1     1

            |             |
            |             | IV
            |             | 12
            |             |
            |             |
            |             |
            |             | 11
            |             |  8
            |             | 13
            |             |  4

52. Come, Your Heart and Voices Raising (F, 120bpm)
 IV   | v-7 IVM7 |   IV~2   IV |  V7   V | IVM7   IV~2 |       V | ii7 V~2 |  V   | IVM7
'vi   | I^1  'vi |    II7 vii- | I~4 IM7 |  'vi   IV^1 |     IM7 |       V |  I   |  'vi
  8   |  19   10 |     19   20 |  19   9 |   10     19 |       9 |   8  13 | 14   |   10
 13   |  10    8 |     11   11 |  11   8 |    8     11 |       8 |  13  12 | 12   |    8
  4   |  12   13 |             |  12  14 |   13        |      14 |   4     |      |   13
      |        4 |             |      12 |    4        |      12 |   2     |      |    4
  1   |  10    1 |      9    9 |   8  10 |    1      8 |      10 |   6   9 | 10   |    1
  6   |   8    6 |      8   14 |  12   8 |    6     13 |       8 |      14 |  8   |    6
      |  12      |     13    4 |   4  14 |           4 |      14 |      12 | 12   |
      |   3      |      2    7 |   1   1 |           6 |       1 |       5 |  1   |

IV~2   IV |  V7   V |   ii7 |     |  vi V~4    vi |  V V~2   V |  IV
IV^1 vii- | I~4 IM7 |       |     | 'vi  vi 'ii^2 | V7   V IM7 | 'vi
  19   20 |  19   9 |     8 |     |  10   9     8 |  8  13  14 |   8
  11   11 |  11   8 |    13 |     |   8   8    13 | 14  12  12 |  13
          |  12  14 |     4 |     |  13  13       | 12         |   4
          |      12 |     2 |     |      12       |  5         |
   8    9 |   8  10 |     6 |     |   3  10     4 |  4   9  10 |   1
  13   14 |  12   8 |       |     |   1   8     2 |  2  14   8 |   6
   4    4 |   4  14 |       |     |   6  13     6 |  7  12  14 |
   6    7 |   1   1 |       |     |       6       |  5   5   1 |

OpenHymnal -- Harp Lead Sheets                                                               Page 17
----------------------------------------------------------------------------------------------------
53. Far, Far Away On Judea's Plains (F, 100bpm)
 IV V~4 V~4 IVM7        | iii     IVM7 | V~4          IVM7   |          VI~4      V~4
'vi I~4   I  'vi IV^2   |  vi      'vi |   I   IV^2    'vi   | vii     'vii- IV^2   I
  8   8   9   10   10   |  19       10 |   9     10     10   |  20        10   10   9
 13  12   8    8        |  10        8 |   8             8   |             9        8
  4      12   13        |           13 |  12            13   |            14       12
               4        |            4 |                 4   |            13
  1   8  10    1    8   |   8        1 |  10      8      1   |   9         4    8  10
  6  12   8    6   13   |  13        6 |   8     13      6   |  14         2   13   8
      4  12         4   |   3          |  12      4          |   2         7    4  12
      1   1         1   |   6          |   1      1          |   7              1   1

 IV    vi V~4 IVM7 | v-7     IVM7 |   IV   IV           VII    vi |   IVM7 V~4 |  IV         V
'vi 'IV^1 I^2  'vi |   I      'vi | vii- ii-7 III7 IV 'vii- 'IV^1 |    'vi   I | 'vi     iii^1
  8     8   9   10 |  19       10 |   20   20   20 19     8     8 |     10   9 |   8        14
 13    13   8    8 |  10        8 |   11   11            14    13 |      8   8 |  13        12
  4        12   13 |  12       13 |                               |     13  12 |   4
                 4 |            4 |                               |      4     |
  1     4  10    1 |  10        1 |    9    9   10 11     4     4 |      1  10 |   1        10
  6     1   8    6 |   8        6 |   14   14    9  8     2     1 |      6   8 |   6        14
        6   1      |  12          |    4    4   14 13     7     6 |         12 |             3
            5      |   1          |    7    2    3  4             |          1 |             5

   vi V~4 IVM7 | v-7 v-7      |      V~4  IV
'IV^1   I  'vi |   I   I IV   | IV^2   I 'vi
    8   9   10 |  19  19 19   |   10   9   8
   13   8    8 |  10  10      |        8  13
       12   13 |  12  12      |       12   4
             4 |              |
    4  10    1 |  10  10 11   |    8  10   1
    1   8    6 |   8   8  8   |   13   8   6
    6  12      |  12  12 13   |    4  12
        1      |   1   1  4   |    1   1

54. From Heaven Above To Earth I Come (D, 100bpm)
IV |   III~4^2   IV~2 | vii7   IV  vi | vii-     iii   |   vii-     |   vii7 vi7
ii |      'III     ii |    V   ii 'II | vii- IV vi^1   |    iii     |      V  'I
15 |        13     12 |   13   15  15 |   15 12   12   |     11     |     13  12
13 |        10     11 |   12   13  13 |   21      10   |     10     |     12  10
11 |        14        |    9   11     |   11           |     14     |      9   8
   |                  |   14          |   14           |            |     14   6
 9 |        10      9 |   12    9   9 |   11 11    8   |     12     |     12   3
 6 |        14      6 |    9    6   6 |    9  8    6   |     10     |      9   1
 4 |         3      4 |   14    4   2 |   14  6    3   |     14     |     14
 2 |                2 |    5    2     |    7  4    1   |      3     |      5

vii- III~4^2 vi7  IV |   vii7 IV~2  iii | vii-
vii-    'III  'I 'ii |      V   ii vi^1 |  V^1
  15      13  12  15 |     13   12   12 |   11
  21      10  10  11 |     12   11   10 |    9
  11      14   8     |      9           |   14
  14           6     |     14           |
  11      10   3   9 |     12    9    8 |   12
   9      14   1   4 |      9    6    6 |    9
  14       3       2 |     14    4    3 |    5
   7                 |      5    2    1 |    7

OpenHymnal -- Harp Lead Sheets                                                               Page 18
----------------------------------------------------------------------------------------------------
55. Gentle Mary Laid Her Child (A, 140bpm)
vi^2    IV  iii7 | vi^2 ii7 iii |    iii     | vi^2   | vi^2    IV  iii7 | vi^2 ii7 iii
  vi   'IV iii^1 |   vi 'IV iii |   vi^1     |   vi   |   vi   'IV iii^1 |   vi 'IV iii
   8     8     9 |    8   8  12 |     12     |    8   |    8     8     9 |    8   8  12
  13    13    14 |   13  13  10 |     10     |   13   |   13    13    14 |   13  13  10
  10    11    12 |   10  11     |            |   10   |   10    11    12 |   10  11
              10 |        2     |            |        |               10 |        2
   8     1    14 |    8   6  12 |      8     |    8   |    8     1    14 |    8   6  12
  13     6    12 |   13   4  10 |     13     |   13   |   13     6    12 |   13   4  10
  10     4    10 |   10       7 |     10     |   10   |   10     4    10 |   10       7
   6           5 |    6       3 |      1     |    6   |    6           5 |    6       3

   iii     | vi^2   |  iii      iii7 |   iii7  IV |    iii     | vi^2   |  iii       |  IV   iii7
  vi^1     |   vi   | vi^1 ii    iii |    iii 'IV |   vi^1     |   vi   | vi^1       | 'IV    iii
    12     |    8   |   19 18      9 |      9   8 |     12     |    8   |   12       |   8      9
    10     |   13   |   17        14 |     14  13 |     10     |   13   |   10       |  13     14
           |   10   |   13        12 |     12  11 |            |   10   |            |  11     12
           |        |   10        10 |     10     |            |        |            |         10
     8     |    8   |    8  9     12 |     12   1 |      8     |    8   |    8       |   1     12
    13     |   13   |   13 13     10 |     10   6 |     13     |   13   |   13       |   6     10
    10     |   10   |   10 11      7 |      7   4 |     10     |   10   |   10       |   4      7
     1     |    6   |    1  2      3 |      3     |      1     |    6   |    1       |          3

 iii      iii7 |  IV    | vi^2
vi^1 ii    iii | 'IV ii |   vi
  19 18      9 |   8 18 |    8
  17        14 |  13    |   13
  13        12 |  11    |   10
  10        10 |        |
   8  9     12 |   1  9 |    8
  13 13     10 |   6 13 |   13
  10 11      7 |   4 11 |   10
   1  2      3 |      2 |    6

56. God Rest Ye Merry Gentlemen (G, 160bpm)
  |        vii7 | iii       |     iii      |     |        vii7 | iii       |     iii      |
  |      V      |  'V       |      'V vi^1 |     |      V      |  'V       |      'V vi^1 |
  |     10    9 |   8       |       8    9 |     |     10    9 |   8       |       8    9 |
  |          14 |  14       |      14      |     |          14 |  14       |      14      |
  |          13 |  12       |      12      |     |          13 |  12       |      12      |
  |           7 |   3       |       3      |     |           7 |   3       |       3      |
  |     14    6 |   7       |       7    8 |     |     14    6 |   7       |       7    8 |
  |     12      |   5       |       5   13 |     |     12      |   5       |       5   13 |
  |      7      |           |            3 |     |      7      |           |            3 |
  |      5      |           |            1 |     |      5      |           |            1 |

III ii^1 II~2     |  iv- V~2 II~2 vii7 | iii        V | ii^1 iii ii^1 | II~2 III II~2
 vi ii^1    V I^1 | vii-   I    V      |  'V     'vii |   ii  'V ii^1 |    V   I    V
 18    9   10  18 |   19  20   10    9 |   8        8 |    9   8    9 |   10  18   10
 10   13    9     |   18  19    9   14 |  14       14 |   13  14   13 |    9  10    9
      11          |   14            13 |  12       12 |   11  12   11 |
                  |   11             7 |   3          |        3      |
  8    9   14  10 |    9  10   14    6 |   7        2 |    9   7    9 |   14   8   14
 13   13   12   8 |   14   8   12      |   5        7 |   13   5   13 |   12  12   12
  3    2    7  12 |   11  12    7      |              |   11        2 |    7   3    7
  6    4    5   3 |    7   1    5      |              |    2        4 |    5   1    5

OpenHymnal -- Harp Lead Sheets                                                               Page 19
----------------------------------------------------------------------------------------------------
    IV    VII   |         | ii^1    V   IV | II~2         V~2 | II~2   IV    VII   |
  IV^1 'iii^2   |         |   ii 'vii IV^1 |    V I^1 V^1   I |    V IV^1 'iii^2   |
     9      8   |         |    9    8    9 |   10  18  19  20 |   10    9      8   |
     8     14   |         |   13   14    8 |    9          19 |    9    8     14   |
    13          |         |   11   12   13 |                  |        13          |
    11          |         |             11 |                  |        11          |
     8     12   |         |    9    3    8 |   14  10   9  10 |   14    8     12   |
    13      3   |         |   13    2   13 |   12   8  14   8 |   12   13      3   |
    11      7   |         |   11    7   11 |    7  12  12  12 |    7   11      7   |
     6          |         |    2         6 |    5   3   7   1 |    5    6          |

57. Hark! The Herald Angels Sing (F, 100bpm)
        V |    vi IVM7      V~4 | IV~2 iii       |      V~4 IVM7 |     V~4   VII  V
IV      I | 'IV^1  'vi IV^2   I | IV^1  vi vii   | IV^2   I  'vi | ii7 I~4 'vii- V7
12     14 |     8   10   10   9 |   19  19  19   |   10   9   10 |  12   8     8 14
       12 |    13    8        8 |   11  10       |        8    8 |      12    14 12
          |         13       12 |                |       12   13 |                7
          |          4          |                |             4 |                5
11     10 |     4    1    8  10 |    8   8  16   |    8  10    1 |  11   8     4  4
 8      8 |     1    6   13   8 |   13  13  21   |   13   8    6 |   8  12     2  2
13     12 |     6         4  12 |    4   3  14   |    4  12      |  13   4     7  7
 4      1 |               1   1 |    6   6   7   |    1   1      |   2   1        5

 vi           V~4 |     V V~4   |       | v-7        vi |   IVM7      V~4 |          vi
'vi vii7 vi^1 I^1 | IV V7   I   |       |   I     'IV^1 |    'vi IV^2   I |       'IV^1
  8   10   10   9 | 19  9   9   |       |  19         8 |     10   10   9 |           8
 13             8 |    14   8   |       |  10        13 |      8        8 |          13
               12 |    12  12   |       |  12           |     13       12 |
                  |     5       |       |               |      4          |
  3    9    8  10 | 11  4  10   |       |  10         4 |      1    8  10 |           4
  1   14   13   8 |  8  2   8   |       |   8         1 |      6   13   8 |           1
  6   13    3  12 | 13  7  12   |       |  12         6 |           4  12 |           6
       7    1   3 |  4  5   1   |       |   1           |           1   1 |

  IVM7      V~4 |              |   II~2   |     V  vi   IV~2   |   V~4 IVM7 |         iii |
   'vi IV^2   I | vii     vii7 |          | VII~4 'vi   IV^1   |     I  'vi | vii      vi |
    10   10   9 |  20       19 |     10   |     9  10     19   |     9   10 |  20      19 |
     8        8 |              |      9   |     8   8     11   |     8    8 |          10 |
    13       12 |              |     13   |    14  13          |    12   13 |             |
     4          |              |      2   |    12              |          4 |             |
     1    8  10 |   9       16 |      6   |    10   3      8   |    10    1 |   9       8 |
     6   13   8 |  14       21 |          |     8   1     13   |     8    6 |  14      13 |
          4  12 |   2       20 |          |     1   6      4   |    12      |   2       3 |
          1   1 |   7       14 |          |     7          6   |     1      |   7       6 |

V~4  vi   IV~2   |     V  IV
I^1 'vi   IV^1   |   IM7 'vi
  9  10     19   |     9   8
  8   8     11   |     8  13
 12  13          |    14   4
                 |    12
 10   3      8   |    10   1
  8   1     13   |     8   6
 12   6      4   |    14
  3          6   |     1

OpenHymnal -- Harp Lead Sheets                                                               Page 20
----------------------------------------------------------------------------------------------------
58. I Heard The Bells On Christmas Day (Eb, 100bpm)
  |     iii   |    vii     |        V     | IV       |     iii   |     vii     vi |  VII~4
  |           |   'V^1     |     III7 I^2 | vi       |           | V^2 'ii   IVM7 | 'iii^2     vi
  |      10   |     10     |       21  20 | 20       |      10   |  10   9      9 |     10     20
  |      14   |      9     |       12     | 11       |      14   |      14      8 |     14     13
  |       5   |     14     |              |          |       5   |             13 |
  |       3   |            |              |          |       3   |                |
  |       7   |      5     |       10  12 |  9       |       7   |   9   5     11 |      5     10
  |           |      2     |        9  10 |  8       |           |  14   4     10 |      3      8
  |           |      7     |       14   8 |  2       |           |   5   2      8 |      7     13
  |           |            |        3   5 |  6       |           |   2          4 |             6

  VI~4
  vii-
     9
    14
    13

    11
     9
    14
     7

59. In The Bleak MidWinter (F, 100bpm)
  | IVM7   IV~2 IVM7 |  V~2   ii7 |   V V~4   V       |  V | IVM7   IV~2 IVM7 |  V~2   ii7
  |  'vi   IV^1  'vi | II~4       | V^1 I~2 V^1 ii7^2 | V7 |  'vi   IV^1  'vi | II~4
  |   10     19   10 |    9     8 |   9  10   9    13 |  9 |   10     19   10 |    9     8
  |    8     11    8 |   13    13 |  14   9  14       | 14 |    8     11    8 |   13    13
  |   13          13 |   12     4 |  12   8  12       | 12 |   13          13 |   12     4
  |    4           4 |          2 |      12           |  5 |    4           4 |          2
  |    1      8    1 |    9     6 |   9   9   9     4 |  4 |    1      8    1 |    9     6
  |    6     13    6 |   13       |  14   8  14     2 |  2 |    6     13    6 |   13
  |           4      |   12       |  12  12  12     1 |  7 |           4      |   12
  |           6      |    2       |   7   1   7     6 |  5 |           6      |    2

  vii  VI~4   V  IV |     |   IVM7     |            | IV~2  vi   V    vi |  V | IVM7   IV~2 IVM7
'vii- 'vii- IM7 'vi |     |    'vi     | vii   ii   | IV^1 'vi V^1 'vii- |  I |  'vi   IV^1  'vi
    9    10   9   8 |     |     10     |  20   10   |   19  10   9     8 | 14 |   10     19   10
   14     9   8  13 |     |      8     |            |   11   8  14    14 | 12 |    8     11    8
         14  14   4 |     |     13     |            |       13  12    13 |    |   13          13
         13  12     |     |      4     |            |                    |    |    4           4
    4     4  10   1 |     |      1     |   9    9   |    8   3   9     4 | 10 |    1      8    1
    2     2   8   6 |     |      6     |  14   13   |   13   1  14     2 |  8 |    6     13    6
    7     7  14     |     |            |   2    4   |    4   6  12     7 | 12 |           4
              1     |     |            |   7    2   |    6       7       |  1 |           6

 V~2 ii7 |   vii  VI~4   V  IV |
II~4     | 'vii- 'vii- IM7 'vi |
   9   8 |     9    10   9   8 |
  13  13 |    14     9   8  13 |
  12   4 |          14  14   4 |
       2 |          13  12     |
   9   6 |     4     4  10   1 |
  13     |     2     2   8   6 |
  12     |     7     7  14     |
   2     |               1     |

OpenHymnal -- Harp Lead Sheets                                                               Page 21
----------------------------------------------------------------------------------------------------
60. It Came Upon A Midnight Clear (Bb, 60bpm)
  ii |     II      V     |   ii  VI7   ii   | V~2   IV         V     |  IV   IV~2
vii- |   vii7 'VII~4     | vii- 'iii vii-   | iii IVM7     IM7^2 IM7 | 'IV    'IV
  12 |     14     16     |   12   13   12   |  13   14        16  17 |  16     12
  11 |     13      8     |   11   12   11   |  12   13         8     |   8     11
   9 |      9     14     |    9   10    9   |       11        14     |  13
     |            12     |         6        |                 12     |  11
  14 |     14     10     |   14    5   14   |  10   10        10   8 |   1      1
  11 |     13      1     |   11    3   11   |   7    1         1  14 |   6      6
   9 |      9      7     |    9         9   |   5    6         7  12 |   4      4
   7 |      7            |    7         7   |   3    4         5   1 |

II~2   II      V     |   ii  VI7   ii   | V~2 V~2   IV V~2 IV~2 |     II~2 |
vii- vii7 'VII~4     | vii- 'iii vii-   | iii     IVM7 iii IVM7 |      'II |
  17   14     16     |   12   13   12   |  13  13   14  13   12 |       17 |
  16   13      8     |   11   12   11   |  12  12   13  12   11 |       16 |
  14    9     14     |    9   10    9   |      10   11          |       13 |
   9          12     |         6        |       5               |        9 |
  14   14     10     |   14    5   14   |  10   3   10  10   10 |        9 |
  11   13      1     |   11    3   11   |   7        1   7    1 |        6 |
   9    9      7     |    9         9   |   5        6   5    6 |        2 |
   7    7            |    7         7   |   3        4   3    4 |          |

II~4  II   II~4 |        VI+ iii^2 VI~2 iii^2 | IV~2   IV~2 | II~2   II      V
 V^1 'II    V^1 | IV^2        'iii       'iii |  'IV    'IV |  vii vii7 'VII~4
  13  14     17 |   16    14    13   14    13 |   12     12 |   17   14     16
  12  13     16 |         13    12   13    12 |   11     11 |   16   13      8
   9   9     12 |         11    10   10    10 |             |         9     14
              9 |          6     7    6     7 |             |               12
  14   9     14 |    8     4     5    3     5 |    1      1 |   16   14     10
  12   6     12 |   13           3          3 |    6      6 |   14   13      1
   9   2      9 |   11                        |    4      4 |    9    9      7
   7          7 |    1                        |             |    7    7

  ii  VI7   ii   ii | V~2 V~2   IV V~2 IV~2 |
vii- 'iii vii- ii-7 | iii     IVM7 iii IVM7 |
  12   13   12   12 |  13  13   14  13   12 |
  11   12   11   11 |  12  12   13  12   11 |
   9   10    9    9 |      10   11          |
        6           |       5               |
  14    5   14   11 |  10   3   10  10   10 |
  11    3   11    9 |   7        1   7    1 |
   9         9    7 |   5        6   5    6 |
   7         7    2 |   3        4   3    4 |

61. Joy to the World (D, 80bpm)
IV   vii7 | IV~2  vii- |   vi |        | vii7   |     | IV IV |     vii7 IV~2 |
ii    V^2 |   ii iii^1 |   'I |   ii^1 |    V   |     | ii ii |      V^2   ii |   II~4
15     13 |   12    11 |    9 |     12 |   13   |     | 15 15 |       13   12 |     11
13     12 |   11    10 |    8 |        |   12   |     | 13 13 |       12   11 |
11      9 |         14 |    6 |        |    9   |     | 11 11 |        9      |
       14 |            |      |        |   14   |     |       |       14      |
 9      9 |    9    12 |    3 |     11 |   12   |     |  9  9 |        9    9 |      9
 6     14 |    6    10 |    1 |      9 |    9   |     |  6  6 |       14    6 |      6
 4      5 |    4    14 |      |      6 |   14   |     |  4  4 |        5    4 |      5
 2      2 |    2     5 |      |      4 |    5   |     |  2  2 |        2    2 |      2

OpenHymnal -- Harp Lead Sheets                                                               Page 22
----------------------------------------------------------------------------------------------------
    vii7 IV~2 |            |           VI | IV~2        | vi         |   VI   vi |     vii7
     V^2   ii |   II~4     |         'iii |   ii II~4   | 'I         | 'iii   'I |      V^2
      13   12 |     11     |           11 |   12   11   |  9         |   11    9 |       13
      12   11 |            |           10 |   11        |  8         |   10    8 |       12
       9      |            |            6 |             |  6         |    6    6 |        9
      14      |            |              |             |            |           |       14
       9    9 |      9     |            5 |    9    9   |  3         |    5    5 |        9
      14    6 |      6     |            3 |    6    6   |  1         |    3    3 |       14
       5    4 |      5     |              |    4    5   |            |         1 |        5
       2    2 |      2     |              |    2    2   |            |           |        2

IV~2         vii- |   vi |
  ii II~4   iii^1 |   'I |
  12   11      11 |    9 |
  11           10 |    8 |
               14 |    6 |
                  |      |
   9    9      12 |    3 |
   6    6      10 |    1 |
   4    5      14 |      |
   2    2       5 |      |

62. Let Our Gladness Have No End (G, 160bpm)
   V ii^1 II~2     | IV  V IV | III  V V~2 |  V |       III  III | iv-7 iv-7      | II~2 III II~4
'vii ii^1    V I^1 | ii 'V ii |  vi 'V   I | 'V | V^1     I vi^1 | ii-7 vii- vi^1 |    V   I 'V~2
   8    9   10  18 | 19 19 19 |  18 19  20 | 19 |  19    18   18 |   10   10    9 |   10  18    9
  14   13    9     | 18 14 18 |  10 14  19 | 14 |        10   10 |    9    9      |    9  10   13
  12   11          | 13 12 13 |     12     | 12 |                |   14   14      |            12
                   | 11    11 |            |    |                |   11   11      |             2
   2    9   14  10 |  9  2  9 |   8  2  10 |  2 |   9     8    8 |    9    9    8 |   14   8    6
   7   13   12   8 | 13  7 13 |  13  7   8 |  7 |  14    12   13 |   14   14   13 |   12  12    5
        2    7  12 | 11  5 11 |   3  5  12 |  5 |  12     3    3 |   11   11    3 |    7   3
        4    5   3 |  2     2 |   6      1 |    |   7     1    1 |    2    7    1 |    5   1

 V |   ii^1 iii III |  iv- ii^1 | II~2 | iii        III |  V III | iii |    V V~2 | IV iii
'V |   ii^1  'V   I | vii-   vi |    V |  'V vi^1    vi | 'V  vi |  'V | 'vii   I | ii  'V vi^1
 8 |      9  10  18 |   19   18 |   10 |  10    9    18 | 19  18 |  10 |    8  20 | 19  10    9
14 |     13  14  10 |   18    9 |    9 |  14         10 | 14  10 |  14 |   14  19 | 18  14
12 |     11  12     |   14   13 |      |  12            | 12     |  12 |   12     | 13  12
   |          3     |   11   11 |      |   3            |        |   3 |          | 11   3
 2 |      9   7   8 |    9    9 |   14 |   7    8     8 |  2   8 |   7 |    2  10 |  9   7    8
 7 |     13   5  12 |   14    8 |   12 |   5   13    13 |  7  13 |   5 |    7   8 | 13   5   13
 5 |      2       3 |   11    2 |    7 |        3     3 |  5   3 |     |       12 | 11        3
   |      4       1 |    7    6 |    5 |        1     6 |      6 |     |        1 |  2        1

 V
'V
 8
14
12

 2
 7
 5



OpenHymnal -- Harp Lead Sheets                                                               Page 23
----------------------------------------------------------------------------------------------------
63. Lo, How A Rose E'er Blooming (F, 100bpm)
   |       IV    | v-7      | IVM7 V~4 ii7  V |  IV    |       IV    | v-7      | IVM7 V~4 ii7  V
IV |     vii- IV |   I ii   |  'vi I^1      I | 'vi IV |     vii- IV |   I ii   |  'vi I^1      I
19 |       20 19 |  19 10   |   10   9   8 14 |   8 19 |       20 19 |  19 10   |   10   9   8 14
   |       11    |  10      |    8   8  13 12 |  13    |       11    |  10      |    8   8  13 12
   |             |  12      |   13  12   4    |   4    |             |  12      |   13  12   4
   |             |          |    4       2    |        |             |          |    4       2
11 |        9 11 |  10  9   |    1  10   6 10 |   1 11 |        9 11 |  10  9   |    1  10   6 10
 8 |       14  8 |   8 13   |    6   8      8 |   6  8 |       14  8 |   8 13   |    6   8      8
13 |        4 13 |  12  4   |       12     12 |     13 |        4 13 |  12  4   |       12     12
 4 |        7  4 |   1  2   |        3      1 |      4 |        7  4 |   1  2   |        3      1

 IV IVM7 |  V VI~2  IV V~2 |      | v-7      IV    | v-7 II~2   |    vi   V    V |  IV
'vi  'vi |  V  'vi 'vi   V |  I   | I^1 IV vii- IV |   I        | 'IV^1 V^1    I | 'vi
  8   10 |  9   14   8  13 | 12   |  19 19   20 19 |  19   10   |    10   9   14 |   8
 13    8 | 14   13  13  12 |      |  10      11    |  10    9   |     8  14   12 |  13
  4   13 | 12        4     |      |  12            |  12   13   |    13  12      |   4
       4 |                 |      |                |        2   |                |
  1    1 |  9    3   1   9 | 10   |  10 11    9 11 |  10    6   |     4   9   10 |   1
  6    6 | 14    1   6  14 |  8   |   8  8   14  8 |   8        |     1  14    8 |   6
         | 12    6      12 | 12   |  12 13    4 13 |  12        |     6  12   12 |
         |  5            5 |  1   |   3  4    7  4 |   1        |         7    1 |

64. Now Praise We Christ, the Holy One (C, 130bpm)
    iii |               |    V | IV    I^1    | IV    I^1 | vi7      | I^1    vi   | vi
      I | ii^1   iii ii |      | ii vi   I  V | ii  V   I |  'I IV   |   I  V 'I   | 'I
     12 |   13    12 11 |   12 | 13 15  15 14 | 13 14  15 |  12 13   |  15 14 13   | 13
     10 |               |    9 | 11     12    | 11     12 |  10      |  12    10   | 10
        |               |    7 |        10    |        10 |   8      |  10     8   |  8
        |               |    5 |              |           |   6      |         6   |  6
      8 |   11    10  9 |    2 |  9 13   8 12 |  9 12   8 |   5 11   |   8 12  3   |  3
      5 |    9     7  6 |      |  6 10   5  9 |  6  9   5 |   3  8   |   5  9  1   |  1
      3 |    6     5  4 |      |  4  8   3  7 |  4  7   3 |   1  6   |   3  7      |
      1 |    4     3  2 |      |  2  6   1  5 |  2  5   1 |      4   |   1  5      |

   IV I^1    |     III~4    vi^2 |
IV ii   I IV | iii  vi^1 ii      |
13 13  15 13 |  12    13 11   10 |
   11  12    |        10       8 |
       10    |                 6 |
             |                 3 |
11  9   8 11 |  10     8  9    1 |
 8  6   5  8 |   7     6  6      |
 6  4   3  6 |   5     3  4      |
 4  2   1  4 |   3     1  2      |

65. O Come, All Ye Faithful (G, 120bpm)
 V |      V | ii^1   | II~2 ii^1 II~2 III |     ii^1 iii | iii     |      V ii^1 II~2 |     IV~2
'V |     'V | ii^1   |    V ii^1    V   I | V^2   ii  'V |  'V     |   'vii ii^1    V |       ii
 8 |      8 |    9   |   10    9   10  18 |  10    9   8 |   8     |      8    9   10 |       12
14 |     14 |   13   |    9   13    9  10 |       13  14 |  14     |     14   13    9 |       11
12 |     12 |   11   |        11          |       11  12 |  12     |     12   11      |
   |        |        |                    |            3 |   3     |                  |
 2 |      2 |    9   |   14    9   14   8 |   9    9   7 |   7     |      2    9   14 |        9
 7 |      7 |   13   |   12   13   12  12 |  14   13   5 |   5     |      7   13   12 |       13
 5 |      5 |    2   |    7    2    7   3 |  12   11     |         |           2    7 |       11
   |        |    4   |    5    4    5   1 |   2    2     |         |           4    5 |        2

OpenHymnal -- Harp Lead Sheets                                                               Page 24
----------------------------------------------------------------------------------------------------
  |     III II~2 | III II~2 | ii^1 II~2 iii      |     IV~2    V |        V     |    V   II~2
  | vii  vi    V | vi7    V | ii^1    V  'V vi^1 |       ii 'vii |     'vii I~2 | 'vii      V
  |  19  18   10 |  18   10 |    9   10   8    9 |       12    8 |        8   9 |    8     10
  |      10    9 |  10    9 |   13    9  14      |       11   14 |       14     |   14      9
  |              |          |   11       12      |            12 |       12     |   12
  |              |          |             3      |               |              |
  |   9   8   14 |   8   14 |    9   14   7    8 |        9    2 |        2   8 |    2     14
  |  14  13   12 |  13   12 |   13   12   5   13 |       13    7 |        7  12 |    7     12
  |   2   3    7 |  12    7 |    2    7        3 |       11      |            2 |           7
  |   7   6    5 |   6    5 |    4    5        1 |        2      |            1 |           5

  ii^1 II~2 III | II~2 ii^1 II~2 | ii^1 II~2 ii^1 iii |      V III |     ii^1  V |
  ii^1    V  vi |    V ii^1    V |   vi    V ii^1  'V |   'vii   I | V^2   ii 'V |
     9   10  18 |   10    9   10 |   18   10    9   8 |      8  18 |  10    9  8 |
    13    9  10 |    9   13    9 |    9    9   13  14 |     14  10 |       13 14 |
    11          |        11      |   13        11  12 |     12     |       11 12 |
                |                |   11             3 |            |             |
     9   14   8 |   14    9   14 |    9   14    9   2 |      2   8 |   9    9  2 |
    13   12  13 |   12   13   12 |    8   12   13   7 |      7  12 |  14   13  7 |
     2    7   3 |    7    2    7 |    2    7    2   5 |          3 |  12   11  5 |
     4    5   6 |    5    4    5 |    6    5    4     |          1 |   2    2    |

66. O Little Town of Bethlehem (F, 100bpm)
IVM7 |       IVM7 |         |    V     V   | IVM7 IVM7 |           |           V |              V
 'vi |        'vi |         |    I   IM7   |  'vi  'vi |       II7 | V~4     V^1 |       vi^1 IM7
  10 |         10 |         |   14     9   |   10   10 |        19 |  19       9 |         10   9
   8 |          8 |         |   12     8   |    8    8 |           |  12      14 |              8
  13 |         13 |         |         14   |   13   13 |           |          12 |             14
   4 |          4 |         |         12   |    4    4 |           |             |             12
   1 |          1 |         |   10    10   |    1    1 |         9 |   9       9 |          8  10
   6 |          6 |         |    8     8   |    6    6 |         8 |   8      14 |         13   8
     |            |         |   12    14   |           |        13 |  12      12 |          3  14
     |            |         |    1     1   |           |         2 |   5       7 |          1   1

 IV IVM7 |         V   VII |       |     ii7   V |   IVM7 |       IVM7 |
'vi  'vi |     iii^1 'vii- |       |         V^1 |    'vi |        'vi | vii     vii
  8   10 |         9     8 |       |       8   9 |     10 |         10 |  19      20
 13    8 |        14    14 |       |      13  14 |      8 |          8 |
  4   13 |        12       |       |       4  12 |     13 |         13 |
       4 |                 |       |       2     |      4 |          4 |
  1    1 |        10     4 |       |       6   9 |      1 |          1 |  16       9
  6    6 |        14     2 |       |          14 |      6 |          6 |  21      14
         |         3     7 |       |          12 |        |            |  14       2
         |         5       |       |           7 |        |            |   7       7

IV~2  V      V~4 |  IV
IV^2 ii IV^2   I | 'vi
  19  8   10   9 |   8
  11 14        8 |  13
     12       12 |   4
                 |
   8 11    8  10 |   1
  13  9   13   8 |   6
   4 12    4  12 |
   1  2    1   1 |

OpenHymnal -- Harp Lead Sheets                                                               Page 25
----------------------------------------------------------------------------------------------------
67. See Amid the Winter's Snow (G, 100bpm)
 V   V~4   |   IV~2   |  V    iv-7     II~2 |     II~4 ii^1 |    V   V~4   |   IV~2
'V   'vi   |    I~2   | 'V vii%7^2 I^1    V | V^2 'V~2   ii | 'vii   'vi   |    I~2
 8     8   |     12   |  8       9  18   10 |  10    9    9 |    8     8   |     12
14    13   |     11   | 14      14        9 |       13   13 |   14    13   |     11
12    12   |          | 12       7          |       12   11 |   12    12   |
           |          |          4          |        2      |              |
 2     3   |      9   |  2       2  10   14 |   9    6    9 |    2     3   |      9
 7     1   |     13   |  7       7   8   12 |  14    5   13 |    7     1   |     13
 5     6   |      2   |  5       6  12    7 |  12        11 |          6   |      2
           |      1   |          4   3    5 |   2         2 |              |      1

iii vi^2     III | II~4    V |  V   III II~2 | IV  V   |       III II~2 |  vi    V
 'V 'V~4 V^2   I | 'V~2   'V | 'V   V~4    V | IV 'V   | V^1     I    V | 'vi 'vii
  8    9  10  18 |    9    8 | 19    18   10 |  9  8   |  19    18   10 |   9    8
 14    8      10 |   13   14 | 14    10    9 |  8 14   |        10    9 |   8   14
 12   13         |   12   12 | 12            | 13 12   |                |  13   12
  3    3         |    2      |               | 11      |                |
  7    1   9   8 |    6    2 |  2     8   14 |  8  2   |   9     8   14 |   3    2
  5    6  14  12 |    5    7 |  7    12   12 | 13  7   |  14    12   12 |   1    7
       5  12   3 |         5 |  5     1    7 | 11  5   |  12     3    7 |   6
           2   1 |           |        5    5 |  4      |   7     1    5 |

iii     vi   | V~2   IV~2 |         III | iv-7  IV  V
 'V   'VI7   |  'V     ii | V^1     vi7 | ii-7 II7 'V
  8      8   |  13     12 |  19      18 |   10   9  8
 14     13   |  12     11 |          10 |    9   8 14
 12          |            |             |   14  13 12
  3          |            |             |   11  11
  7     12   |   2      9 |   9       8 |    9   9  2
  5      3   |   7     13 |  14      13 |   14   8  7
         6   |   5     11 |  12      12 |   11  13  5
             |          2 |   7       6 |    2   2

68. Silent Night (Bb, 60bpm)
  ii iii^2   ii   |   iii^2   ii   |   IV     |       ii | V~2      VI~2 V~2
vii-  'iii vii-   |    'iii vii-   | IVM7     |     vii- | iii     III~4 iii
  12    13   12   |      13   12   |   16     |       12 |  13        14  13
  11    12   11   |      12   11   |    8     |       11 |  12        13  12
   9    10    9   |      10    9   |   13     |        9 |
         7        |       7        |   11     |          |
  14     5   14   |       5   14   |   10     |       14 |  10        10  10
  11     3   11   |       3   11   |    1     |       11 |   7         7   7
   9          9   |            9   |    6     |        9 |   5         6   5
   7          7   |            7   |    4     |        7 |   3         3   3

  ii iii^2   ii II~2 | V~2      VI~2 V~2 |   ii iii^2   ii II~2 |  IV      IV   IV |
vii-  'iii vii- 'vii | iii     III~4 iii | vii-  'iii vii- 'vii | 'IV     'IV IVM7 |
  12    13   12   10 |  13        14  13 |   12    13   12   10 |  16      16   14 |
  11    12   11    9 |  12        13  12 |   11    12   11    9 |   8       8   13 |
   9    10    9      |                   |    9    10    9      |  13      13   11 |
         7           |                   |          7           |  11      11      |
  14     5   14   14 |  10        10  10 |   14     5   14   14 |   1       1   10 |
  11     3   11    9 |   7         7   7 |   11     3   11    9 |   6       6    1 |
   9          9    7 |   5         6   5 |    9          9    7 |   4       4    6 |
   7          7      |   3         3   3 |    7          7      |                4 |

OpenHymnal -- Harp Lead Sheets                                                               Page 26
----------------------------------------------------------------------------------------------------
    II~2 IV~2     |
    vii-  'IV     |
      10   12     |
       9   11     |
                  |
                  |
      14    1     |
      11    6     |
       9    4     |
       7          |

69. Sing, O Sing, This Blessed Morn (C, 120bpm)
I^1  iv-      | IV^1    iii |      iii vi |   V^1  V7    |      vii- III~4 |     vi |   iii
  I ii-7    I | 'I~4 IV   I | IV     I 'I | 'II~4 'ii  I | vi    'ii  vi^1 |     'I |     I   iii
 15   14   10 |   11 13  12 | 13    12 13 |    12  11 10 | 15     14    13 |     13 |    12    12
 12   11      |    8     10 |       10 10 |     9   9    |        11    10 |     10 |    10
 10           |    6        |           8 |     7   7    |         9       |      8 |
              |             |           6 |         5    |         7       |      6 |
  8    9    8 |    4 11   8 | 11     8  3 |     5   4  8 | 13      4     8 |      3 |     8    10
  5    7    5 |    1  8   5 |  8     5  1 |     2   2  5 | 10      2     6 |      1 |     5     7
  3    4    3 |       6   3 |  6     3    |            3 |  8            3 |        |     3     5
  1    2    1 |       4   1 |  4     1    |            1 |  6            1 |        |     1     3

  V    V |      I^1   | IV^1    iii |   vi  V     |      I^1
V^2      | IV     I   | 'I~4 IV   I |   'I    I^1 | IV     I
 14   12 | 13    15   |   11 13  12 |   10 12  12 | 13    15
 12    9 |       12   |    8     10 |    8  9     |       12
       7 |       10   |    6        |    6  7     |       10
       5 |            |             |       5     |
  9    2 | 11     8   |    4 11   8 |    3  2  10 | 11     8
  7      |  8     5   |    1  8   5 |    1      8 |  8     5
  5      |  6     3   |       6   3 |           5 |  6     3
  2      |  4     1   |       4   1 |           3 |  4     1

70. The First Noel (D, 100bpm)
    |       vii- | vi7 iii^2   |   vi   vii7 | IV~2 vii7   |   vi   iii^2 |      vii7
    |        V^1 |  'I iii^1   | ii^1      V |   ii    V   | ii^1     iii | ii^1    V
    |         11 |  12    13   |   15     13 |   12   13   |   15      13 |   12   13
    |          9 |  10    12   |   13     12 |   11   12   |   13      12 |        12
    |         14 |   8    10   |           9 |         9   |           10 |         9
    |            |   6    14   |          14 |        14   |           14 |        14
    |         12 |   3    12   |   11     12 |    9   12   |   11      12 |   11   12
    |          9 |   1    10   |    9      9 |    6    9   |    9      10 |    9    9
    |          5 |        14   |    6     14 |    4   14   |    6      14 |    6   14
    |          7 |         5   |    4      5 |    2    5   |    4       3 |    4    5

  vi ii^2   VI |     vi |       vii- |  VI~4 iii^2   |   vi   vii7 | IV~2 vii7   |   vi   iii^2
ii^1  'ii 'iii |     'I |        V^1 | 'II~2 iii^1   | ii^1      V |   ii    V   | ii^1     iii
  15   12   11 |      9 |         11 |    12    13   |   15     13 |   12   13   |   15      13
  13   11   10 |      8 |          9 |    10    12   |   13     12 |   11   12   |   13      12
        9    6 |      6 |         14 |     9    10   |           9 |         9   |           10
        6      |        |            |     6    14   |          14 |        14   |           14
  11    4    5 |      5 |         12 |     3    12   |   11     12 |    9   12   |   11      12
   9    2    3 |      3 |          9 |     2    10   |    9      9 |    6    9   |    9      10
   6           |      1 |          5 |          14   |    6     14 |    4   14   |    6      14
   4           |        |          7 |           5   |    4      5 |    2    5   |    4       3

OpenHymnal -- Harp Lead Sheets                                                               Page 27
----------------------------------------------------------------------------------------------------
     vii7   |   vi ii^2   VI |     vi |       vii- |    IV   | vii7 vii7 | IV~2  iii
ii^1    V   | ii^1  'ii 'iii |     'I |        V^1 | IV ii   |    V  V^1 |   ii vi^1
  12   13   |   15   12   11 |      9 |         11 | 12 15   |   13   13 |   12   12
       12   |   13   11   10 |      8 |          9 |    13   |   12   12 |   11   10
        9   |         9    6 |      6 |         14 |    11   |    9    9 |
       14   |         6      |        |            |         |   14   14 |
  11   12   |   11    4    5 |      5 |         12 | 11  9   |   12   12 |    9    8
   9    9   |    9    2    3 |      3 |          9 |  8  6   |    9    9 |    6    6
   6   14   |    6           |      1 |          5 |  6  4   |   14    5 |    4    3
   4    5   |    4           |        |          7 |  4  2   |    5    7 |    2    1

vii-   vii7 | IV~2 vii%7   |   vi     VI |
vii-      V |   ii  ii-7   | ii^1   'iii |
  15     13 |   12    13   |   15     11 |
  21     12 |   11    11   |   13     10 |
  11      9 |          9   |           6 |
  14     14 |         14   |             |
  11     12 |    9    11   |   11      5 |
   9      9 |    6     9   |    9      3 |
  14     14 |    4    14   |    6        |
   7      5 |    2     2   |    4        |

71. To Shepherds As They Watched By Night (D, 100bpm)
IV |   III~4^2   IV~2 | vii7   IV  vi | vii-     iii   |   vii-     |   vii7 vi7
ii |      'III     ii |    V   ii 'II | vii- IV vi^1   |    iii     |      V  'I
15 |        13     12 |   13   15  15 |   15 12   12   |     11     |     13  12
13 |        10     11 |   12   13  13 |   21      10   |     10     |     12  10
11 |        14        |    9   11     |   11           |     14     |      9   8
   |                  |   14          |   14           |            |     14   6
 9 |        10      9 |   12    9   9 |   11 11    8   |     12     |     12   3
 6 |        14      6 |    9    6   6 |    9  8    6   |     10     |      9   1
 4 |         3      4 |   14    4   2 |   14  6    3   |     14     |     14
 2 |                2 |    5    2     |    7  4    1   |      3     |      5

vii- III~4^2 vi7  IV |   vii7 IV~2  iii | vii-
vii-    'III  'I 'ii |      V   ii vi^1 |  V^1
  15      13  12  15 |     13   12   12 |   11
  21      10  10  11 |     12   11   10 |    9
  11      14   8     |      9           |   14
  14           6     |     14           |
  11      10   3   9 |     12    9    8 |   12
   9      14   1   4 |      9    6    6 |    9
  14       3       2 |     14    4    3 |    5
   7                 |      5    2    1 |    7

72. Twas In The Moon of Wintertime (D, 120bpm)
      vii- |   vii vii-   vii%7 |    vii7     |   vii%7 |       vii- |   vii vii-   vii%7
      iv-7 | iii^1 iv-7    ii-7 | IV    V     |    ii-7 |       iv-7 | iii^1 iv-7    ii-7
        15 |    16   15      13 | 12   13     |      13 |         15 |    16   15      13
        21 |    21   21      11 |      12     |      11 |         21 |    21   21      11
        11 |    10   11       9 |       9     |       9 |         11 |    10   11       9
        14 |    14   14      14 |      14     |      14 |         14 |    14   14      14
        11 |    12   11      11 | 11   12     |      11 |         11 |    12   11      11
         9 |    10    9       9 |  8    9     |       9 |          9 |    10    9       9
        14 |    14   14      14 |  6   14     |      14 |         14 |    14   14      14
         4 |     5    4       2 |  4    5     |       2 |          4 |     5    4       2

OpenHymnal -- Harp Lead Sheets                                                               Page 28
----------------------------------------------------------------------------------------------------
   vii7     |   vii%7 | iii^2       | vii-   vii VII+   |   vii-   vii%7 | vii7   vii7 vii%7
IV    V     |    ii-7 |   iii       | iv-7 iii^1    V   |   iv-7    ii-7 |    V    V^2  ii-7
12   13     |      13 |    13       |   15    16   15   |     15      13 |   13     13    13
     12     |      11 |    12       |   21    21   21   |     21      11 |   12     12    11
      9     |       9 |    10       |   11    10   12   |     11       9 |    9      9     9
     14     |      14 |    14       |   14    14   14   |     14      14 |   14     14    14
11   12     |      11 |    12       |   11    12   12   |     11      11 |   12      9    11
 8    9     |       9 |    10       |    9    10    9   |      9       9 |    9     14     9
 6   14     |      14 |    14       |   14    14   14   |     14      14 |   14      5    14
 4    5     |       2 |     3       |    4     5    5   |      4       2 |    5      2     2

IV~2 |       | IV~2 III   | vii7 IV~2   | IV vii%7   | vii-   vii     | vii7
IV^2 |       | IV^2   I   |  vii IV^2   | ii  ii-7   | iv-7 iii^1     |  vii
  12 |       |   12  11   |   13   12   | 13    13   |   15    16     |   13
  11 |       |   11  10   |    9   11   | 11    11   |   21    21     |    9
     |       |            |   14        |        9   |   11    10     |   14
     |       |            |             |       14   |   14    14     |
   8 |       |    8   8   |    9    8   |  9    11   |   11    12     |    9
   6 |       |    6   5   |   14    6   |  6     9   |    9    10     |   14
   4 |       |    4   3   |    2    4   |  4    14   |   14    14     |    2
   1 |       |    1   1   |    7    1   |  2     2   |    4     5     |    7

73. What Child Is This? (D, 80bpm)
vii |        vii7   vii7 | IV~2         | vii-            |     vii |        vii7   vii7
iii |   ii^1    V      V |   ii         |  iii   vi^1   I |     iii |   ii^1    V      V
  9 |     12   13     13 |   12         |   11      9   9 |       9 |     12   13     13
 14 |          12     12 |   11         |   10            |      14 |          12     12
    |           9      9 |              |   14            |         |           9      9
    |          14     14 |              |                 |         |          14     14
 12 |     11   12     12 |    9         |   12      8   8 |      12 |     11   12     12
 10 |      9    9      9 |    6         |   10      6   5 |      10 |      9    9      9
 14 |      6   14     14 |    4         |   14      3   3 |      14 |      6   14     14
  3 |      4    5      5 |    2         |    3      1   1 |       3 |      4    5      5

IV~2         | vii-   vi        VII |   vii vii | vii- VII+   vii7 | IV~2
  ii         |  iii   'I   vii- vii | III~4 iii | vii-    V      V |   ii
  12         |   11    9     14   8 |     9   9 |   15   15     13 |   12
  11         |   10    8         14 |    14  14 |   21   21     12 |   11
             |   14    6            |           |   11   12      9 |
             |                      |           |   14   14     14 |
   9         |   12    3     11   9 |    10  12 |   11   12     12 |    9
   6         |   10    1      9  14 |    14  10 |    9    9      9 |    6
   4         |   14          14   2 |     6  14 |   14   14     14 |    4
   2         |    3           7   7 |     3   3 |    7    5      5 |    2

vii-            |   VII   | vii- VII+   vii7 | IV~2         | vii-   vi        VII |   vii vii
 iii   vi^1   I |   vii   | vii-    V      V |   ii         |  iii   'I   vii- vii | III~4 iii
  11      9   9 |     8   |   15   15     13 |   12         |   11    9     14   8 |     9   9
  10            |    14   |   21   21     12 |   11         |   10    8         14 |    14  14
  14            |         |   11   12      9 |              |   14    6            |
                |         |   14   14     14 |              |                      |
  12      8   8 |     9   |   11   12     12 |    9         |   12    3     11   9 |    10  12
  10      6   5 |    14   |    9    9      9 |    6         |   10    1      9  14 |    14  10
  14      3   3 |     2   |   14   14     14 |    4         |   14          14   2 |     6  14
   3      1   1 |     7   |    7    5      5 |    2         |    3           7   7 |     3   3

OpenHymnal -- Harp Lead Sheets                                                               Page 29
----------------------------------------------------------------------------------------------------
74. As With Gladness Men of Old (G, 100bpm)
 V    V ii^1  V |     IV II~2 |        V   |   IV~2   |  V    V ii^1  V |     IV II~2
'V   'V ii^1 'V | I^1 IV    V |     'vii   |     ii   | 'V   'V ii^1 'V | I^1 IV    V
 8    8    9  8 |  18 18   10 |        8   |     12   |  8    8    9  8 |  18 18   10
14   14   13 14 |     13    9 |       14   |     11   | 14   14   13 14 |     13    9
12   12   11 12 |     11      |       12   |          | 12   12   11 12 |     11
                |             |            |          |                 |
 2    2    9  2 |  10  8   14 |        2   |      9   |  2    2    9  2 |  10  8   14
 7    7   13  7 |   8 13   12 |        7   |     13   |  7    7   13  7 |   8 13   12
 5    5    2  5 |  12 11    7 |            |     11   |  5    5    2  5 |  12 11    7
           4    |   3  4    5 |            |      2   |            4    |   3  4    5

       V   |   IV~2   | II~2 ii^1  V   |   IV ii^1 II~2 |        V     |     ii^1  V
    'vii   |     ii   |    V ii^1 'V   | ii^1  II7    V |     'vii I^1 | V^2   ii 'V
       8   |     12   |   10    9  8   |   19   18   10 |        8  18 |  10    9  8
      14   |     11   |    9   13 14   |   18    9    9 |       14     |       13 14
      12   |          |        11 12   |   13   13      |       12     |       11 12
           |          |                |   11   11      |              |
       2   |      9   |   14    9  2   |    9    9   14 |        2  10 |   9    9  2
       7   |     13   |   12   13  7   |   13    8   12 |        7   8 |  14   13  7
           |     11   |    7    2  5   |    2   13    7 |           12 |  12   11  5
           |      2   |    5    4      |    4    2    5 |            3 |   2    2

75. In His Temple Now Behold Him (G, 120bpm)
II~2   IV II~2   |              |    V   IV II~2 ii^1   |     IV~2 |         |    V   IV II~2
   V ii^1    V   | I^1 vi^1     | 'vii IV^1    V   ii   |       ii |         | 'vii IV^1    V
  10   19   10   |  18    9     |    8    9   10    9   |       12 |         |    8    9   10
   9   18    9   |              |   14    8    9   13   |       11 |         |   14    8    9
       13        |              |   12   13        11   |          |         |   12   13
       11        |              |        11             |          |         |        11
  14    9   14   |  10    8     |    2    8   14    9   |        9 |         |    2    8   14
  12   13   12   |   8   13     |    7   13   12   13   |       13 |         |    7   13   12
   7    2    7   |  12    3     |        11    7   11   |       11 |         |        11    7
   5    4    5   |   3    1     |         6    5    2   |        2 |         |         6    5

    IVM7          VII+ | V~4       |   II~2     |        V   |        V | IV    V
I^1   ii vi^1 IM7      | 'vi       |     'V     |     'vii   |       'V | ii   'V
 18   10    9  10    8 |   8       |      8     |        8   |        8 |  8    8
       9            14 |  13       |     14     |       14   |       14 | 13   14
      13            12 |  12       |      3     |       12   |       12 | 11   12
      11             7 |           |      2     |            |          |
 10    9    8   8    5 |   3       |      7     |        2   |        2 |  9    2
  8   13   13  14      |   1       |      5     |        7   |        7 | 13    7
 12   11    3  12      |   6       |            |            |        5 | 11    5
  3    2    1   1      |           |            |            |          |  2

76. O Chief of Cities Bethlehem (D, 120bpm)
  |  VII vi |   vii- |   vi |   VII |      IV~2 |  iii VII+   | IV VII+ | IV  iii | vii vii
  | vii- 'I |    V^1 |   'I |     V | ii^1   ii | vi^1  IM7   | ii  V^2 | ii vi^1 | vii vii
  |    8  9 |     11 |    9 |     8 |   12   12 |   12   13   | 15   15 | 15   12 |  15  15
  |   14  8 |      9 |    8 |    14 |        11 |   10   12   | 13   21 | 13   10 |  21  21
  |       6 |     14 |    6 |       |           |         8   | 11   12 | 11      |   9   9
  |         |        |      |       |           |        14   |      14 |         |  14  14
  |   11  3 |     12 |    3 |    12 |   11    9 |    8   10   |  9    9 |  9    8 |   9   9
  |    9  1 |      9 |    1 |     9 |    9    6 |    6    8   |  6   14 |  6    6 |  14  14
  |   14    |      5 |      |    14 |    6    4 |    3   14   |  4    5 |  4    3 |   2   2
  |    7    |      7 |      |     5 |    4    2 |    1    1   |  2    2 |  2    1 |   7   7

OpenHymnal -- Harp Lead Sheets                                                               Page 30
----------------------------------------------------------------------------------------------------
  IV~2 | vii7 vii7 | IV~2 vii- |  iii   | vi   | VII   |
    ii |    V  V^1 |   ii  iii | vi^1   | 'I   |   V   |
    12 |   13   13 |   12   11 |   12   |  9   |   8   |
    11 |   12   12 |   11   10 |   10   |  8   |  14   |
       |    9    9 |        14 |        |  6   |       |
       |   14   14 |           |        |      |       |
     9 |   12   12 |    9   12 |    8   |  3   |  12   |
     6 |    9    9 |    6   10 |    6   |  1   |   9   |
     4 |   14    5 |    4   14 |    3   |      |  14   |
     2 |    5    7 |    2    3 |    1   |      |   5   |

77. Songs of Thankfulness and Praise (G, 120bpm)
II~2   |   IV II~2 iii ii^1 | II~2     |   IV II~2 iii      |   iii   |   V~2    V~2   |    V
   V   | ii^1    V  'V   ii |    V     | ii^1    V  'V vi^1 |    'V   | vi7^3   'V~2   | IV~2
  10   |   19   10   8    9 |   10     |   19   10   8    9 |    10   |    18      9   |   10
   9   |   18    9  14   13 |    9     |   18    9  14      |    14   |    10     13   |    9
       |   13       12   11 |          |   13       12      |    12   |    13     12   |   14
       |   11        3      |          |   11        3      |     3   |    12          |   12
  14   |    9   14   7    9 |   14     |    9   14   7    8 |     7   |     3      2   |   11
  12   |   13   12   5   13 |   12     |   13   12   5   13 |     5   |     1      6   |    2
   7   |    2    7       11 |    7     |    2    7        3 |         |     6      5   |    5
   5   |    4    5        2 |    5     |    4    5        1 |         |     5          |    4

  II~2     | IV~2     |        V V~4 | II~2     |      V      IV | V~2         | III     IV
    'V     | iv-7     |     'vii 'vi |    V     |   IV~2 I^1 II7 |   I VII~4   |  vi   ii^1
     8     |   12     |        8   9 |   10     |     10  18  19 |  20    20   |  18     19
    14     |   11     |       14   8 |    9     |      9      18 |  19         |  10     18
     3     |          |       12  13 |          |     14      13 |             |         13
     2     |          |           12 |          |     12      11 |             |         11
     7     |    9     |        2   3 |   14     |     11  10   9 |  10    10   |   8      9
     5     |   11     |        7   1 |   12     |      2   8   8 |   8    14   |  13     13
           |    2     |            6 |    7     |      5  12  13 |  12     3   |   3      2
           |    4     |              |    5     |      4   3   2 |   1     7   |   6      4

II~2     V~2 |     iii     ii^1 |  V
   V I^1   I | V^1  'V V^2   ii | 'V
  10  18  20 |  19   8  10    9 |  8
   9      19 |      14       13 | 14
             |      12       11 | 12
             |       3          |
  14  10  10 |   9   7   9    9 |  2
  12   8   8 |  14   5  14   13 |  7
   7  12  12 |  12      12   11 |  5
   5   3   1 |   7       2    2 |

78. The People That in Darkness Sat (F, 120bpm)
 IV |   v-7    IV~2 |   IV iii   IVM7   |   v-7     V | v-7   |    v-7      | IV~2    VI~4 V~4
'vi |   I^1 IV IV^1 | vii-   V    'vi   |   I^1 IV  V |   I   | IV I^1 IV   | IV^1   'vii-   I
  8 |    19 19   19 |   20  19     10   |    19 20 20 |  19   | 19  19 19   |   19      10   9
 13 |    10      11 |   11  10      8   |    10    19 |  10   |     10      |   11       9   8
  4 |    12         |              13   |    12    14 |  12   |     12      |           14  12
    |               |               4   |          12 |       |             |           13
  1 |    10 11    8 |    9   8      1   |    10 11  9 |  10   | 11  10 11   |    8       4  10
  6 |     8  8   13 |   14  14      6   |     8  8 14 |   8   |  8   8  8   |   13       2   8
    |    12 13    4 |    4   1          |    12 13 12 |  12   | 13  12 13   |    4       7  12
    |     3  4    6 |    7   5          |     3  4  5 |   1   |  4   3  4   |    6           1

OpenHymnal -- Harp Lead Sheets                                                               Page 31
----------------------------------------------------------------------------------------------------
IVM7    vi   vii V~4 |  IV   | v-7 ii7   V V~4 |  IV
 'vi 'IV^1 'vii-   I | 'vi   | I^1     V^1   I | 'vi
  10     8     9   9 |   8   |  19   8   9   9 |   8
   8    13    14   8 |  13   |  10  13  14   8 |  13
  13              12 |   4   |  12   4  12  12 |   4
   4                 |       |       2         |
   1     4     4  10 |   1   |  10   6   9  10 |   1
   6     1     2   8 |   6   |   8      14   8 |   6
         6     7  12 |       |  12      12  12 |
                   1 |       |   3       7   1 |

79. The Star Proclaims the King is Here (Eb, 100bpm)
      | iii   vii iii   |         |     iii   vii |             | iii       |    V~4
      |     'vii-       |         |         'vii- |     vi vi^1 |           |  I  'I  V vi
      |  10     9  10   |         |      10     9 |     20   20 |  10       | 10  15 21 20
      |  14    14  14   |         |      14    14 |     13   13 |  14       |     12    13
      |   5         5   |         |       5       |             |   5       |
      |   3         3   |         |       3       |             |   3       |
      |   7     4   7   |         |       7     4 |     10   10 |   7       |  8   8 12 10
      |         2       |         |             2 |      8    8 |           |  5   5  9  8
      |         7       |         |             7 |     13   13 |           |  3   1 14 13
      |                 |         |               |      6    1 |           |  1      5  6

  V~2       vii |
    I     'vii- |
   20         9 |
   12        14 |
                |
                |
   10         4 |
    8         2 |
    5         7 |
    1           |

80. To Jordan Came Our Lord, The Christ (C, 120bpm)
      V^1 | vi     vi^2   | vi IV | I^1   V    iii |     VI~4   |        V^1 | vi     vi^2
    'II~4 | 'I iii vi^1   | 'I ii |   I iii IV   I | ii 'II~2   |   ii 'II~4 | 'I iii vi^1
       12 | 13  12   15   | 13 13 |  15  14 13  12 | 11    10   |   11    12 | 13  12   15
        9 | 10       13   | 10 11 |  12  12     10 |        9   |          9 | 10       13
        7 |  8       10   |  8    |  10            |        6   |          7 |  8       10
          |  6            |  6    |                |            |            |  6
        5 |  3  10    8   |  3  9 |   8  10 11   8 |  9     3   |    9     5 |  3  10    8
        2 |  1   7    6   |  1  6 |   5   7  8   5 |  6     2   |    6     2 |  1   7    6
          |      5    3   |     4 |   3   5  6   3 |  4         |    4       |      5    3
          |      3    1   |     2 |   1   3  4   1 |  2         |    2       |      3    1

vi IV | I^1   V    iii |     VI~4   |     V^1  V |    vi IV     | vi   | vii VI~4 VII~4 vi
'I ii |   I iii IV   I | ii 'II~2   | I 'II~4    |  I 'I ii iii | 'I   |   V ii^1  'III IV
13 13 |  15  14 13  12 | 11    10   | 9    12 12 | 10 13 13  12 | 13   |  16   16    17 15
10 11 |  12  12     10 |        9   |       9  9 |    10 11     | 10   |  14   13    14 13
 8    |  10            |        6   |       7  7 |     8        |  8   |
 6    |                |            |          5 |     6        |  6   |
 3  9 |   8  10 11   8 |  9     3   | 8     5  2 |  8  3  9  10 |  3   |  12   11    10 11
 1  6 |   5   7  8   5 |  6     2   | 5     2    |  5  1  6   7 |  1   |   9    9     7  8
    4 |   3   5  6   3 |  4         | 3          |  3     4   5 |      |   7    6     3  6
    2 |   1   3  4   1 |  2         | 1          |  1     2   3 |      |   5    4        4

OpenHymnal -- Harp Lead Sheets                                                               Page 32
----------------------------------------------------------------------------------------------------
ii^1  vi  VI~2 vi | III~4 V~4    |    iii vi    |     |    V      |       VI~4   | VI~4 VI~4 vii
  ii II7 III~4 'I |  vi^1 I^1  V | IV   I 'I ii |     |      IV   |   ii 'II~2   | ii^1  V~2   V
  16  15    14 13 |    13  15 14 | 13  12 13 11 |     |   12 13   |   11    10   |   16   16  16
  13  13    13 10 |    10  12    |     10 10    |     |    9      |          9   |   13   13  14
  11            8 |              |         8    |     |    7      |          6   |
                6 |              |         6    |     |    5      |              |
   9   9    10  3 |     8  10 12 | 11   8  3  9 |     |    2 11   |    9     3   |   11   12  12
   6   8     7  1 |     6   8  9 |  8   5  1  6 |     |       8   |    6     2   |    9    9   9
   4   6     6    |     3   5  7 |  6   3     4 |     |       6   |    4         |    6    6   7
   2   2     3    |     1   3  5 |  4   1     2 |     |       4   |    2         |    4    5   5

I^1 ii^1      |
  I   ii vi   |
 17   16 15   |
 15   13      |
 12   11      |
 10           |
  8    9 13   |
  5    6 10   |
  3    4  8   |
  1    2  6   |

81. Within the Father's House (Eb, 120bpm)
  |   vii iii     | iii   |        iii |   vii   |        V~2   | VI+       |    iii^1 vi   vii
  | 'vii-         |       | vi         | 'vii-   |   vii- I^1   |  IV       |   'VII~4 vi 'vii-
  |     9  10     |  10   | 20      10 |     9   |     21  20   |  20       |       10  9     9
  |    14  14     |  14   | 13      14 |    14   |         12   |  11       |       14  8    14
  |         5     |   5   |          5 |         |              |  13       |        5 13
  |         3     |   3   |          3 |         |              |           |
  |     4   7     |   7   | 10       7 |     4   |     11  10   |  11       |        3 10     4
  |     2         |       |  8         |     2   |      9   8   |   8       |        7  8     2
  |     7         |       | 13         |     7   |     14   5   |  13       |          13     7
  |               |       |  6         |         |      7   3   |   4       |           6













82. Author of All Life (A, 160bpm)
vi^2   | III7 III~4 |     III7 III~4 |   vi^2 vi^2 |    iii |   III~4 vi^2 | vi^2   | III7 III~4
 'VI   | 'III III~4 |     'III III~4 |    'VI   vi |   'III |   III~4  'VI |  'VI   | 'III III~4
   8   |    9     8 |        9     8 |      8    8 |     12 |       8    8 |    8   |    9     8
  13   |   14    14 |       14    14 |     13   13 |     10 |      14   13 |   13   |   14    14
  10   |   10    13 |       10    13 |     10   10 |        |      13   10 |   10   |   10    13
       |         10 |             10 |             |        |      10      |        |         10
  13   |   10    10 |       10    10 |     13    8 |     10 |      10   13 |   13   |   10    10
  10   |    7     7 |        7     7 |     10   13 |      7 |       7   10 |   10   |    7     7
   6   |    3     6 |        3     6 |      6   10 |      3 |       6    6 |    6   |    3     6
       |          3 |              3 |           6 |        |       3      |        |          3

OpenHymnal -- Harp Lead Sheets                                                               Page 33
----------------------------------------------------------------------------------------------------
    III7 III~4 |   vi^2 vi^2 |    iii |   III~4 vi^2 | vi^2   |   iii   |    iii   | vi^2
    'III III~4 |    'VI   vi |   'III |   III~4  'VI |  'VI   | III~4   |   III+   |  'VI
       9     8 |      8    8 |     12 |       8    8 |    8   |    19   |     19   |    8
      14    14 |     13   13 |     10 |      14   13 |   13   |    17   |     17   |   13
      10    13 |     10   10 |        |      13   10 |   10   |    14   |     10   |   10
            10 |             |        |      10      |        |    10   |          |
      10    10 |     13    8 |     10 |      10   13 |   13   |    10   |      8   |   13
       7     7 |     10   13 |      7 |       7   10 |   10   |     7   |     10   |   10
       3     6 |      6   10 |      3 |       6    6 |    6   |     6   |      1   |    6
             3 |           6 |        |       3      |        |     3   |      3   |

 iii III~4 |     III~4   |   iii   | III~4     | III7 vi^2   | vi^2 vi^2   |  iii   III~4 | vi^2
III+ III~4 |     III~4   |   'VI   | III~4     | 'III vi^2   |  'VI VI~4   | 'III   III~4 |  'VI
  19     8 |         8   |    19   |     8     |    9    8   |    8    8   |   12       8 |    8
  17    14 |        14   |    17   |    14     |   14   13   |   13   13   |   10      14 |   13
  10    13 |        13   |    13   |    13     |   10   10   |   10   10   |           13 |   10
        10 |        10   |    10   |    10     |             |             |           10 |
   8    10 |        10   |    13   |    10     |   10    8   |   13    9   |   10      10 |   13
  10     7 |         7   |    10   |     7     |    7   13   |   10   13   |    7       7 |   10
   1     6 |         6   |     6   |     6     |    3    6   |    6   10   |    3       6 |    6
   3     3 |         3   |         |     3     |         3   |         6   |            3 |

83. O Wondrous Type, O Vision Fair (E, 140bpm)
  |       |      V |  iii^1 vi |     |    iii^1   |         |     |     |    V
  |   iii |   'vii | 'VII~4 vi |     |   'VII~4   |         |     |     | 'vii iii
  |    12 |     12 |     12 11 |     |       12   |         |     |     |   12  12
  |       |      9 |     10 10 |     |       10   |         |     |     |    9
  |       |     14 |     14  8 |     |       14   |         |     |     |   14
  |       |      5 |      5 13 |     |        5   |         |     |     |    5
  |    10 |      2 |      3 10 |     |        3   |         |     |     |    2  10
  |    14 |      7 |      7  8 |     |        7   |         |     |     |    7  14
  |     5 |        |        13 |     |            |         |     |     |        5
  |     3 |        |         6 |     |            |         |     |     |        3

   iii^1 IV^1 |     | iii   vi |     |     | vi   |
  'VII~4   IV |     |     vi^2 |     |     | vi   |
      12   11 |     |   8    8 |     |     |  8   |
      10    8 |     |  14   13 |     |     | 13   |
      14   13 |     |   5      |     |     |      |
       5      |     |   3      |     |     |      |
       3   11 |     |   7   10 |     |     | 10   |
       7    8 |     |        8 |     |     |  8   |
           13 |     |       13 |     |     | 13   |
            4 |     |        3 |     |     |  6   |

84. Tis Good, Lord, To Be Here (E, 100bpm)
iii |     vi |     | iii IV~2 |   I^1 |     |       |   vi   | IV~2 vii%7^3 |     |          V
    |   vi^1 |     |     ii-7 |     I |     | vii   | vi^2   | ii-7    vii7 |     | vii 'VII~4
  8 |     11 |     |   8   12 |    15 |     |  12   |   11   |   12      11 |     |  12      8
 14 |     10 |     |  14   11 |    12 |     |       |   10   |   11       9 |     |         14
  5 |      8 |     |   5      |    10 |     |       |    8   |           14 |     |          5
  3 |     13 |     |   3      |       |     |       |   13   |           13 |     |
  7 |     10 |     |   7    9 |     8 |     |   9   |   10   |    9       9 |     |   9      3
    |      8 |     |       14 |     5 |     |  14   |    8   |   14      14 |     |  14      7
    |     13 |     |        4 |     3 |     |   2   |   13   |    4      13 |     |   2
    |      1 |     |        2 |     1 |     |   7   |    3   |    2       7 |     |   7

OpenHymnal -- Harp Lead Sheets                                                               Page 34
----------------------------------------------------------------------------------------------------
  IV^1 |     | iii
    IV |     |
    11 |     |   8
     8 |     |  14
    13 |     |   5
       |     |   3
    11 |     |   7
     8 |     |
    13 |     |
     4 |     |

85. A Lamb Goes Uncomplaining Forth (F, 120bpm)
     IV v-7 |    IV~2 |     IVM7 | V~4 IVM7   | IV~2   IVM7 | V~4  IV |      IV v-7 |    IV~2
IV vii-   I | ii IV^1 |      'vi |   I  'vi   | IV^1    'vi | I~4 'vi | IV vii-   I | ii IV^1
19   20  19 | 10   19 |       10 |   9   10   |   19     10 |   9   8 | 19   20  19 | 10   19
     11  10 |      11 |        8 |   8    8   |   11      8 |   8  13 |      11  10 |      11
         12 |         |       13 |  12   13   |          13 |  12   4 |          12 |
            |         |        4 |        4   |           4 |         |             |
11    9  10 |  9    8 |        1 |  10    1   |    8      1 |   8   1 | 11    9  10 |  9    8
 8   14   8 | 13   13 |        6 |   8    6   |   13      6 |  12   6 |  8   14   8 | 13   13
13    4  12 |  4    4 |          |  12        |    4        |   4     | 13    4  12 |  4    4
 4    7   1 |  2    6 |          |   1        |    6        |   1     |  4    7   1 |  2    6

    IVM7 | V~4 IVM7   | IV~2   IVM7 | V~4  IV |  IV V~4 IVM7 |   V~4 | IVM7 V~4  IV
     'vi |   I  'vi   | IV^1    'vi | I~4 'vi | 'vi   I  'vi |     I |  'vi   I 'vi
      10 |   9   10   |   19     10 |   9   8 |   8   9   10 |     9 |   10   9   8
       8 |   8    8   |   11      8 |   8  13 |  13   8    8 |     8 |    8   8  13
      13 |  12   13   |          13 |  12   4 |   4  12   13 |    12 |   13  12   4
       4 |        4   |           4 |         |            4 |       |    4
       1 |  10    1   |    8      1 |   8   1 |   1  10    1 |    10 |    1  10   1
       6 |   8    6   |   13      6 |  12   6 |   6   8    6 |     8 |    6   8   6
         |  12        |    4        |   4     |      12      |    12 |       12
         |   1        |    6        |   1     |       1      |     1 |        1

  VII IVM7   | v-7   IV |      v-7 | IVM7 | IV~2   IV v-7    |   II~2 |   IV   IV   IV |  V
'vii-  'vi   |   I vii- | ii     I |  'vi | IV^1 vii-   I ii |        | vii- ii-7 vii- |  V 'I
    8   10   |  19   20 | 10    19 |   10 |   19   20  19 10 |     10 |   20   20   20 |  9 19
   14    8   |  10   11 |       10 |    8 |   11   11  10    |      9 |   11   11   11 | 14 12
        13   |  12      |       12 |   13 |            12    |     13 |                | 12
         4   |          |          |    4 |                  |      2 |                |
    4    1   |  10    9 |  9    10 |    1 |    8    9  10  9 |      6 |    9    9    9 | 14  8
    2    6   |   8   14 | 13     8 |    6 |   13   14   8 13 |        |   14   14   14 | 12 12
    7        |  12    4 |  4    12 |      |    4    4  12  4 |        |    4    4    4 |  7  1
             |   1    7 |  2     1 |      |    6    7   1  2 |        |    7    2    7 |  5

   V~2 |  V |      vi V~4 | ii7  V | VI~2  IV V~2 |       | ii7 V~4 IVM7   | v-7   IVM7
  II~4 |  V |   'IV^1   I |      V |  'vi 'vi V~4 |  I IV |       I  'vi   |   I    'vi
    10 |  9 |      10   9 |   8  9 |   14   8  13 | 12 12 |   8   9   10   |  19     10
     9 | 14 |       8   8 |  13 14 |   13  13  12 |       |  13   8    8   |  10      8
    13 | 12 |      13  12 |   4 12 |        4     |       |   4  12   13   |  12     13
    12 |    |             |   2    |              |       |   2        4   |          4
     9 |  9 |       4  10 |   6  9 |    3   1   9 | 10 11 |   6  10    1   |  10      1
    13 | 14 |       1   8 |     14 |    1   6   8 |  8  8 |       8    6   |   8      6
    12 | 12 |       6  12 |     12 |    6      12 | 12 13 |      12        |  12
     2 |  5 |           1 |      5 |            5 |  1  4 |       1        |   1

V~4  IV
I~4 'vi
  9   8
  8  13
 12   4

OpenHymnal -- Harp Lead Sheets                                                               Page 35
----------------------------------------------------------------------------------------------------
  8   1
 12   6
  4
  1

86. Jesus Grant That Balm and Healing (C, 100bpm)
vi       iv- | I^1  iv-  ii     |      VI~4   vi | IV   vi | vi       iv- | I^1  iv-  ii
'I   IV ii-7 |   I ii-7 ii7     |   vi ii^1 vi^2 | ii   'I | 'I   IV ii-7 |   I ii-7 ii7
13   13   14 |  15   14  13     |   15   16   15 | 14   13 | 13   13   14 |  15   14  13
10        11 |  12   11  11     |        13   13 | 13   10 | 10        11 |  12   11  11
 8           |  10        9     |                | 11    8 |  8           |  10        9
 6           |                  |                |       6 |  6           |
 3   11    9 |   8    9   8     |   13   11   10 |  9    3 |  3   11    9 |   8    9   8
 1    8    7 |   5    7   6     |   10    9    8 |  6    1 |  1    8    7 |   5    7   6
      6    4 |   3    4   4     |    8    6    6 |  4      |       6    4 |   3    4   4
      4    2 |   1    2   2     |    6    4    3 |  2      |       4    2 |   1    2   2

     VI~4   vi | IV   vi | iii   V^1 iii   | IV^1      | iii   V^1 IV^1    |  V~4
  vi ii^1 vi^2 | ii   'I |   I 'II~4   I   | 'I~4   IV |   I 'II~4 'I~4  I | 'I~2
  15   16   15 | 14   13 |  12    12  12   |   11   13 |  12    12   11 10 |    9
       13   13 | 13   10 |  10     9  10   |    8      |  10     9    8    |    8
               | 11    8 |         7       |    6      |         7    6    |    5
               |       6 |                 |           |                   |
  13   11   10 |  9    3 |   8     5   8   |    4   11 |   8     5    4  8 |    2
  10    9    8 |  6    1 |   5     2   5   |    1    8 |   5     2    1  5 |    1
   8    6    6 |  4      |   3         3   |         6 |   3             3 |
   6    4    3 |  2      |   1         1   |         4 |   1             1 |

I^1    IV   V |     iv-     |      ii^1    |   vi^2  VI~2 | vi
  I vi ii iii | IV ii-7     |   vi   ii vi |   vi^1 III~4 | 'I
 15 15 14  14 | 13   14     |   15   16 15 |     15    14 | 13
 12    13  12 |      11     |        13    |     13    13 | 10
 10    11     |             |        11    |     10       |  8
              |             |              |              |  6
  8 13  9  10 | 11    9     |   13    9 13 |      8    10 |  3
  5 10  6   7 |  8    7     |   10    6 10 |      6     7 |  1
  3  8  4   5 |  6    4     |    8    4  8 |      3     6 |
  1  6  2   3 |  4    2     |    6    2  6 |      1     3 |

87. Lord Who Throughout These Forty Days (F, 100bpm)
 IV | V~4  V  IV    |   vii V~4  IV   |   IVM7   VII   V |   IVM7 |     v-7      | ii7 V~4 IVM7
'vi | I~4  I 'vi ii | 'vii-   I 'vi   |    'vi 'vii- V^1 |    'vi |       I vi^1 |       I  'vi
  8 |   8 14   8 10 |     9   9   8   |     10     8   9 |     10 |      19   10 |   8   9   10
 13 |  12 12  13    |    14   8  13   |      8    14  14 |      8 |      10      |  13   8    8
  4 |          4    |        12   4   |     13        12 |     13 |      12      |   4  12   13
    |               |                 |      4           |      4 |              |   2        4
  1 |   8 10   1  9 |     4  10   1   |      1     4   9 |      1 |      10    8 |   6  10    1
  6 |  12  8   6 13 |     2   8   6   |      6     2  14 |      6 |       8   13 |       8    6
    |   4 12      4 |     7  12       |            7  12 |        |      12    3 |      12
    |   1  1      2 |         1       |                7 |        |       1    1 |       1

V~4 ii7   VII  V |  IV
  I     'vii-  I | 'vi
  9   8     8 14 |   8
  8  13    14 12 |  13
 12   4          |   4
      2          |
 10   6     4 10 |   1
  8         2  8 |   6
 12         7 12 |
  1            1 |

OpenHymnal -- Harp Lead Sheets                                                               Page 36
----------------------------------------------------------------------------------------------------
88. Savior When In Dust To Thee (F, 100bpm)
      ii7  V~2 IVM7 |    vi     |         |     ii7   |       ii7  V~2 IVM7 |    vi
          II~4  'vi | 'ii^2     |         |           |           II~4  'vi | 'ii^2
        8    9   10 |     8     |         |       8   |         8    9   10 |     8
       13   13    8 |    13     |         |      13   |        13   13    8 |    13
        4   12   13 |           |         |       4   |         4   12   13 |
        2         4 |           |         |       2   |         2         4 |
        6    9    1 |     4     |         |       6   |         6    9    1 |     4
            13    6 |     2     |         |           |             13    6 |     2
            12      |     6     |         |           |             12      |     6
             2      |           |         |           |              2      |

  ii7 V~4 IVM7     V |    vi     |            V |  IV        V  IV | ii7   ii7 V~4
        I  'vi iii^1 | 'ii^2     |   IV   iii^1 | 'vi vi^1 IM7 'vi |             I
    8   9   10     9 |     8     |   12      14 |   8   10   9   8 |   8     8   9
   13   8    8    14 |    13     |           12 |  13        8  13 |  13    13   8
    4  12   13    12 |           |              |   4       14   4 |   4     4  12
    2        4       |           |              |           12     |   2     2
    6  10    1    10 |     4     |   11      10 |   1    8  10   1 |   6     6  10
        8    6    14 |     2     |    8      14 |   6   13   8   6 |             8
       12          3 |     6     |   13       3 |        3  14     |            12
        1          5 |           |    4       5 |        1   1     |             1

IVM7         vi |   IV   IV~2 IVM7 | ii7   V   |        V ii7  V~2 IVM7 |    vi
 'vi vi^2   'vi | vii-   IV^1  'vi |     V^1   |     'iii     II~4  'vi | 'ii^2
  10   19    10 |   20     19   10 |   8   9   |       14   8    9   10 |     8
   8          8 |   11     11    8 |  13  14   |       12  13   13    8 |    13
  13         13 |               13 |   4  12   |            4   12   13 |
   4            |                4 |   2       |            2         4 |
   1   10     3 |    9      8    1 |   6   9   |       10   6    9    1 |     4
   6    8     1 |   14     13    6 |      14   |       12       13    6 |     2
       13     6 |    4      4      |      12   |        3       12      |     6
        3       |    7      6      |       7   |                 2      |

1. When I Survey the Wondrous Cross (Eb, 130bpm)
      |      VI~2 |         VI+ |   |       |      |   iii |   vii | iii   ii-7 |
      |   vi ii^1 |   iv-7 IVM7 |   |       | vi   |       | 'vii- |            |
      |   20   21 |     21   20 |   |       | 20   |    10 |     9 |  10      9 |
      |   13   20 |          11 |   |       | 13   |    14 |    14 |  14     14 |
      |        13 |          13 |   |       |      |     5 |       |   5      4 |
      |           |             |   |       |      |     3 |       |   3      2 |
      |   10   11 |     11   11 |   |       | 10   |     7 |     4 |   7      7 |
      |    8    9 |      9   10 |   |       |  8   |       |     2 |            |
      |   13   13 |     14    8 |   |       | 13   |       |     7 |            |
      |    6    4 |      4    4 |   |       |  6   |       |       |            |

       iii |   vii |      VI~2 |     |  VII~4 VI~4 |
vi         | 'vii- |   vi ii^1 |     | 'iii^2 vii- |
20      10 |     9 |   20   21 |     |     10    9 |
13      14 |    14 |   13   20 |     |     14   14 |
         5 |       |        13 |     |          13 |
         3 |       |           |     |             |
10       7 |     4 |   10   11 |     |      5   11 |
 8         |     2 |    8    9 |     |      3    9 |
13         |     7 |   13   13 |     |      7   14 |
 6         |       |    6    4 |     |           7 |

OpenHymnal -- Harp Lead Sheets                                                               Page 37
----------------------------------------------------------------------------------------------------
1. When I Survey the Wondrous Cross (F, 130bpm)
 IV   V~4 | IVM7   V    |        V~4 | IVM7 | IVM7     |   IVM7     V |    vi     V  IV | V~4
'vi     I |  'vi V^1 vi |   IV^2   I |  'vi |  'vi     |    'vi VII~4 | 'IV^1 IM7^2 'vi |   I
  8     9 |   10   9 10 |     10   9 |   10 |   10     |     10     9 |     8    14   8 |   9
 13     8 |    8  14    |          8 |    8 |    8     |      8     8 |    13    12  13 |   8
  4    12 |   13  12    |         12 |   13 |   13     |     13    14 |           7   4 |  12
          |    4        |            |    4 |    4     |      4    12 |           5     |
  1    10 |    1   9  8 |      8  10 |    1 |    1     |      1    10 |     4     3   1 |  10
  6     8 |    6  14 13 |     13   8 |    6 |    6     |      6     8 |     1     1   6 |   8
       12 |       12  1 |      4  12 |      |          |            1 |     6     7     |  12
        1 |        7  6 |      1   1 |      |          |            7 |           5     |   1

 IV   V~4 | IVM7   V    |        V~4 | IVM7 | IVM7     | V~4  IV |   vii        V |  IV
'vi     I |  'vi V^1 vi |   IV^2   I |  'vi |  'vi     |   I 'vi | 'vii- vi^1 IM7 | 'vi
  8     9 |   10   9 10 |     10   9 |   10 |   10     |   9   8 |     9   10   8 |   8
 13     8 |    8  14    |          8 |    8 |    8     |   8  13 |    14       14 |  13
  4    12 |   13  12    |         12 |   13 |   13     |  12   4 |             12 |   4
          |    4        |            |    4 |    4     |         |                |
  1    10 |    1   9  8 |      8  10 |    1 |    1     |  10   1 |     4    8  10 |   1
  6     8 |    6  14 13 |     13   8 |    6 |    6     |   8   6 |     2   13   8 |   6
       12 |       12  1 |      4  12 |      |          |  12     |     7    3  14 |
        1 |        7  6 |      1   1 |      |          |   1     |          1   1 |

1. When I Survey the Wondrous Cross (G, 130bpm)
   V IV |     |    V~2  V   |   |       VII   |   VII |     IV     III     | IV |  V~2   II~2  ii
  'V IV | V^2 |   'V~2 'V   |   |     iii^1   | iii^1 |   IV^2 IM7   I IM7 | IV | 'V~2      V V~4
   8  9 |  10 |      9  8   |   |         8   |     8 |      9  10  18  10 |  9 |    9     10  18
  14  8 |     |     13 14   |   |        14   |    14 |      8      10     |  8 |   13      9   9
  12 13 |     |     12 12   |   |             |       |     13             | 13 |   12
     11 |     |             |   |             |       |     11             | 11 |
   2  8 |   9 |      2  2   |   |        12   |    12 |      8   8   8   8 |  8 |    2     14   8
   7 13 |  14 |      6  7   |   |         3   |     3 |     13  14  12  14 | 13 |    6     12  12
   5 11 |  12 |      5  5   |   |         7   |     7 |     11  12   3  12 | 11 |    5      7   2
      4 |   2 |             |   |         5   |     5 |      1   1   1   1 |  4 |           5   5

 V |     ii^1 IV~2 ii^1 II~4 | II~2 |     ii^1 II~4   |   |        V |
'V | V^2  II7  V^2   ii 'V~2 |    V | V^2   ii 'V~2   |   |       'V |
19 |  19   18   10    9    8 |   10 |  10    9    8   |   |        8 |
14 |        9    9   13   13 |    9 |       13   13   |   |       14 |
12 |       13   12   11   12 |      |       11   12   |   |       12 |
   |       11   11         2 |      |             2   |   |          |
 2 |   9    9    9    9    6 |   14 |   9    9    6   |   |        2 |
 7 |  14    8   14   13    5 |   12 |  14   13    5   |   |        7 |
 5 |  12   13   12   11      |    7 |  12   11        |   |        5 |
   |   2    2    2    2      |    5 |   2    2        |   |          |

1. When I Survey the Wondrous Cross (D, 130bpm)
  |   vii- vi |     |      vii7 | IV~2   |   vi   | vii7   |  iii III   |   vi   |  iii iii^2
  |      V 'I |     | ii^1    V |   ii   | ii^1   |    V   | vi^1   I   |   'I   | vi^1   iii
  |     11  9 |     |   12   13 |   12   |   15   |   13   |   12  11   |    9   |   12    13
  |      9  8 |     |        12 |   11   |   13   |   12   |   10  10   |    8   |   10    12
  |     14  6 |     |         9 |        |        |    9   |            |    6   |         10
  |           |     |        14 |        |        |   14   |            |        |         14
  |     12  3 |     |   11   12 |    9   |   11   |   12   |    8   8   |    3   |    8    12
  |      9  1 |     |    9    9 |    6   |    9   |    9   |    6   5   |    1   |    6    10
  |     14    |     |    6   14 |    4   |    6   |   14   |    3   3   |        |    3    14
  |      5    |     |    4    5 |    2   |    4   |    5   |    1   1   |        |    1     3

OpenHymnal -- Harp Lead Sheets                                                               Page 38
----------------------------------------------------------------------------------------------------
   V~4 |   vi   vii- | vi7   | vii-   |   vii   |     vi |
  'I~2 | ii^1   iii7 |  'I   | iii7   | iii^1   |     'I |
    12 |   15     11 |  12   |   11   |     9   |      9 |
     9 |   13     10 |  10   |   10   |    14   |      8 |
     8 |           9 |   8   |    9   |         |      6 |
     5 |          14 |   6   |   14   |         |        |
     2 |   11     12 |   3   |   12   |    12   |      5 |
     1 |    9     10 |   1   |   10   |    10   |      3 |
       |    6      9 |       |    9   |    14   |      1 |
       |    4      3 |       |    3   |     5   |        |

93. All Glory, Laud, and Honor (C, 140bpm)
  |   iii    V7^2 | IV~2 I^1   | vii V~4       | I^1   |   iii    V7^2 | IV~2 I^1
  |     I IV V7^2 |  I~4   I   |   V I^1 IV  V |   I   |     I IV V7^2 |  I~4   I
  |    12 13   14 |   15  15   |  16  15 13 14 |  15   |    12 13   14 |   15  15
  |    10      12 |   12  12   |  14  12       |  12   |    10      12 |   12  12
  |            11 |   11  10   |               |  10   |            11 |   11  10
  |             9 |            |               |       |             9 |
  |     8 11    7 |    8   8   |  12  10 11 12 |   8   |     8 11    7 |    8   8
  |     5  8    5 |    5   5   |   9   8  8  9 |   5   |     5  8    5 |    5   5
  |     3  6    4 |    4   3   |   7   5  6  7 |   3   |     3  6    4 |    4   3
  |     1  4    2 |    1   1   |   5   3  4  5 |   1   |     1  4    2 |    1   1

vii V~4       | I^1 | vi | I^1  I     V~4 | VI~2      V |      V^1 III~4     |  V   V^1
  V I^1 IV  V |   I | IV |   I vi V^1 I^1 |  'II  V iii | vi 'II~4  vi^1 II7 |    'II~4
 16  15 13 14 |  15 | 15 |  17 17  16  15 |   14 14  14 | 15    14    13  13 | 12    12
 14  12       |  12 | 13 |  15 15      12 |   13     12 |       12    10     |  9     9
              |  10 |    |  12            |             |        9           |  7     7
              |     |    |  10            |             |        7           |  5
 12  10 11 12 |   8 | 11 |   8 13  14  10 |    9 12  10 | 13     5     8   9 |  2     5
  9   8  8  9 |   5 |  8 |   5 10  12   8 |    6  9   7 | 10     2     6   8 |        2
  7   5  6  7 |   3 |  6 |   3  8   9   5 |    2  7   5 |  8           3   6 |
  5   3  4  5 |   1 |  4 |   1  6   7   3 |       5   3 |  6           1   2 |

              |   V^1  V7        | IV     V~4   |
 I iii IV I^1 | 'II~4 'ii  I I^1 |     I 'I~2   |
10  12 13  12 |    12  11 10  12 | 11 10    9   |
              |     9   9        |  8       8   |
              |     7   7        |  6       5   |
              |         5        |  4           |
 8  10 11  10 |     5   4  8  10 |  1  8    2   |
 5   7  8   8 |     2   2  5   8 |     5    1   |
 3   5  6   5 |            3   5 |     3        |
 1   3  4   3 |            1   3 |     1        |

94. Hosanna, Loud Hosanna (Bb, 130bpm)
IV~2 |   VI~2 II~4 IV~2   | II~2   IV~2   ii | V~2  VI~2     V  IV | II~2 IV~2
 'IV |           V  'IV   |    V    'IV vii- | iii III~4   iii 'IV | vii-  'IV
  12 |     14   13   12   |   10     12   12 |  13    14    16  16 |   17   12
  11 |     13   12   11   |    9     11   11 |  12    13    14   8 |   16   11
     |     10    9        |                9 |              12  13 |   14
     |      6             |                  |                  11 |    9
   1 |      3   14    1   |   14      1   14 |  10    10    10   1 |   14    1
   6 |          12    6   |   12      6   11 |   7     7     7   6 |   11    6
   4 |           9    4   |    9      4    9 |   5     6     5   4 |    9    4
     |           5        |    5           7 |   3     3     3     |    7

OpenHymnal -- Harp Lead Sheets                                                               Page 39
----------------------------------------------------------------------------------------------------
  VI~2 II~4 IV~2   | II~2   IV~2   ii | V~2  VI~2       |     vii | II~2      II~2
          V  'IV   |    V    'IV vii- | iii III~4       |         | vii- IV^1 vii-
    14   13   12   |   10     12   12 |  13    14       |      16 |   17   16   17
    13   12   11   |    9     11   11 |  12    13       |      14 |   16        16
    10    9        |                9 |                 |      10 |   14        14
     6             |                  |                 |       7 |    9         9
     3   14    1   |   14      1   14 |  10    10       |       3 |   14   15   14
         12    6   |   12      6   11 |   7     7       |         |   11   20   11
          9    4   |    9      4    9 |   5     6       |         |    9   18    9
          5        |    5           7 |   3     3       |         |    7   13    7

 IV      IV   vii | II~2      II~2   |  IV IV~2 |   VI~2 II~4 IV~2   | II~2   IV~2   ii
'IV     'IV       | vii- IV^1 vii-   | 'IV  'IV |           V  'IV   |    V    'IV vii-
 16      16    16 |   17   16   17   |  16   12 |     14   13   12   |   10     12   12
  8       8    14 |   16        16   |   8   11 |     13   12   11   |    9     11   11
 13      13    10 |   14        14   |  13      |     10    9        |                9
 11      11     7 |    9         9   |  11      |      6             |
  1       1     3 |   14   15   14   |   1    1 |      3   14    1   |   14      1   14
  6       6       |   11   20   11   |   6    6 |          12    6   |   12      6   11
  4       4       |    9   18    9   |   4    4 |           9    4   |    9      4    9
                  |    7   13    7   |          |           5        |    5           7

V~2  VI~2       |
iii III~4       |
 13    14       |
 12    13       |
                |
                |
 10    10       |
  7     7       |
  5     6       |
  3     3       |

95. Go To Dark Gethsemane (Eb, 90bpm)
      vii iii |     iii |       vii iii | vi   vii   |          |    IV   |   iii     | V~2 VI+
    'vii-     |         |     'vii-     | vi 'vii-   |    I     | vi vi   |           | iii  IV
        9  10 |      10 |         9  10 |  9     9   |   10     | 20 20   |    10     |  20  20
       14  14 |      14 |        14  14 |  8    14   |          | 13 11   |    14     |  12  11
            5 |       5 |             5 | 13         |          |         |     5     |      13
            3 |       3 |             3 |            |          |         |     3     |
        4   7 |       7 |         4   7 | 10     4   |    8     | 10  9   |     7     |  10  11
        2     |         |         2     |  8     2   |    5     |  8  8   |           |  14   8
        7     |         |         7     | 13     7   |    3     | 13  2   |           |   5  13
              |         |               |  6         |    1     |  6  6   |           |   3   4

    VI~4 iii |     iii |   VI~4 iii   vi |
    ii^1     |         |   ii^1     IV^1 |
       9  10 |      10 |      9  10    9 |
      13  14 |      14 |     13  14    8 |
           5 |       5 |          5   13 |
           3 |       3 |          3      |
      11   7 |       7 |     11   7   11 |
       9     |         |      9        8 |
      13     |         |     13        4 |
       4     |         |      4        6 |

OpenHymnal -- Harp Lead Sheets                                                               Page 40
----------------------------------------------------------------------------------------------------
96. Over Kidron Jesus Treadeth (Ab, 100bpm)
IVM7       |           |       iii | vi^2     | IVM7       |         |          V | vi^2
 'IV       |       IM7 |       iii | vi^1     |  'vi       |         |       III7 | vi^2
  17       |        10 |        14 |   17     |   17       |         |         14 |   17
   8       |           |        12 |    8     |    8       |         |         12 |    8
  13       |           |        10 |   13     |   13       |         |            |   13
  11       |           |           |   10     |   11       |         |            |   10
   1       |         8 |        12 |    8     |    1       |         |         10 |    8
   6       |        14 |        10 |   13     |    6       |         |          2 |   13
   4       |        12 |         7 |   10     |            |         |          7 |    6
           |         1 |         3 |    1     |            |         |          3 |    3

    vi^2   |   vi^2   | vi^2 vi^2     |     IVM7 |   I^1   I^1 |     iii     |
    vi^1   |   vi^1   |   vi vi^2     |      'IV |     I     I |   iii^1     | IM7
      17   |     17   |   17   17     |       17 |    17    17 |      14     |  10
       8   |      8   |    8    8     |        8 |     8     8 |      12     |
      13   |     13   |   13   13     |       13 |    12    12 |      10     |
      10   |     10   |   10   10     |       11 |    10    10 |             |
       8   |      8   |    8    8     |        1 |     8     8 |      14     |   8
      13   |     13   |   13   13     |        6 |    12    12 |      12     |  14
      10   |     10   |   10   10     |        4 |    10    10 |      10     |  12
       1   |      1   |    6    3     |          |     1     1 |       5     |   1

 II~2     | V7 |  IV
'VII7     |    | 'IV
   17     | 14 |  13
    9     | 12 |  11
          | 11 |
          |  5 |
   14     |  4 |   1
   13     |    |   6
    7     |    |   4
          |    |

97. 'Tis Midnight and On Olive's Brow (F, 140bpm)
ii7   V~4 | IVM7   IV | IV~2   | IVM7 |    vi   | IV~2 ii7 |      V~4 |  IV   |    IVM7 |    V
        I |  'vi vii- | IV^2   |  'vi | ii 'I   | IV^1     | IV^2   I | 'vi   |   'VI~4 | III7
  8     9 |   10   20 |   19   |   10 | 10 10   |   19   8 |   10   9 |   8   |      10 |    9
 13     8 |    8   11 |   11   |    8 |     8   |   11  13 |        8 |  13   |       9 |   14
  4    12 |   13      |        |   13 |    13   |        4 |       12 |   4   |      13 |   12
  2       |    4      |        |    4 |         |        2 |          |       |       4 |
  6    10 |    1    9 |    8   |    1 |  9  4   |    8   6 |    8  10 |   1   |       2 |   10
        8 |    6   14 |   13   |    6 | 13  3   |   13     |   13   8 |   6   |       6 |    9
       12 |         4 |    4   |      |  4  1   |    4     |    4  12 |       |         |   14
        1 |         7 |    1   |      |  2      |    6     |    1   1 |       |         |    3

ii7     V |   |       |    V |    vi V~4 |
    iii^1 |   |       |    V | 'ii^2  vi |
  8     9 |   |       |    9 |     8   8 |
 13    14 |   |       |   14 |    13  13 |
  4    12 |   |       |   12 |        12 |
  2       |   |       |      |           |
  6    10 |   |       |    9 |     4  10 |
       14 |   |       |   14 |     2   8 |
        3 |   |       |   12 |     6  13 |
        5 |   |       |    5 |         6 |

OpenHymnal -- Harp Lead Sheets                                                               Page 41
----------------------------------------------------------------------------------------------------
98. 'Twas On That Dark, That Doleful Night (F, 140bpm)
ii7   V~4 | IVM7   IV | IV~2   | IVM7 |    vi   | IV~2 ii7 |      V~4 |  IV   |    IVM7 |    V
        I |  'vi vii- | IV^2   |  'vi | ii 'I   | IV^1     | IV^2   I | 'vi   |   'VI~4 | III7
  8     9 |   10   20 |   19   |   10 | 10 10   |   19   8 |   10   9 |   8   |      10 |    9
 13     8 |    8   11 |   11   |    8 |     8   |   11  13 |        8 |  13   |       9 |   14
  4    12 |   13      |        |   13 |    13   |        4 |       12 |   4   |      13 |   12
  2       |    4      |        |    4 |         |        2 |          |       |       4 |
  6    10 |    1    9 |    8   |    1 |  9  4   |    8   6 |    8  10 |   1   |       2 |   10
        8 |    6   14 |   13   |    6 | 13  3   |   13     |   13   8 |   6   |       6 |    9
       12 |         4 |    4   |      |  4  1   |    4     |    4  12 |       |         |   14
        1 |         7 |    1   |      |  2      |    6     |    1   1 |       |         |    3

ii7     V |   |       |    V |    vi V~4 |
    iii^1 |   |       |    V | 'ii^2  vi |
  8     9 |   |       |    9 |     8   8 |
 13    14 |   |       |   14 |    13  13 |
  4    12 |   |       |   12 |        12 |
  2       |   |       |      |           |
  6    10 |   |       |    9 |     4  10 |
       14 |   |       |   14 |     2   8 |
        3 |   |       |   12 |     6  13 |
        5 |   |       |    5 |         6 |

99. Jesus, In Thy Dying Woes (F, 100bpm)
ii7    V ii7 |   V     |   ii7   V   |   V ii7   | VI~2   v-7 IVM7 | v-7   IVM7 |   V~2
       V     | VI7     |       V~2   | v-7       |  'vi   I^1  'vi |   I    'vi |   iii ii
  8    9   8 |  14     |     8  14   |   9   8   |   14    19   10 |  19     10 |    10 10
 13   14  13 |  13     |    13  13   |  12  13   |   13    10    8 |  10      8 |    13
  4   12   4 |  12     |     4  12   |       4   |         12   13 |  12     13 |    12
  2        2 |         |     2       |       2   |               4 |          4 |
  6    9   6 |  10     |     6  10   |  10   6   |    3    10    1 |  10      1 |    10  9
      14     |  13     |        13   |  12       |    1     8    6 |   8      6 |    13 13
      12     |  12     |         6   |   3       |    6    12      |  12        |    12  4
       5     |   6     |         5   |   5       |          3      |   1        |     3  2

 V
 V
14
12


 9
14
12
 5

100. O Sacred Head, Now Wounded (C, 100bpm)
   |        IV^1    | IV    vii- |    vi^2  VI~2     | vi    |        IV^1    | IV    vii-
 I | IV I^1 'I~4  I |     I  'ii | vi vi^1 III~4     | 'I  I | IV I^1 'I~4  I |     I  'ii
10 | 13  12   11 10 |  9 10   14 | 15   15    14     | 13 10 | 13  12   11 10 |  9 10   14
   |           8    |  8      11 |      13    13     | 10    |           8    |  8      11
   |           6    |  6       9 |      10           |  8    |           6    |  6       9
   |                |  4       7 |                   |  6    |                |  4       7
 8 | 11  10    4  8 |  1  8    4 | 13    8    10     |  3  8 | 11  10    4  8 |  1  8    4
 5 |  8   8    1  5 |     5    2 | 10    6     7     |  1  5 |  8   8    1  5 |     5    2
 3 |  6   5       3 |     3      |  8    3     6     |     3 |  6   5       3 |     3
 1 |  4   3       1 |     1      |  6    1     3     |     1 |  4   3       1 |     1

OpenHymnal -- Harp Lead Sheets                                                               Page 42
----------------------------------------------------------------------------------------------------
   vi^2  VI~2     | vi    |  iv- IV         iv- |   IV I^1   |     iii    ii^1 |     vi
vi vi^1 III~4     | 'I vi | ii-7 ii I^1 IV ii-7 | IV^2   I   | IV II~4 ii      |   'i-7
15   15    14     | 13 15 |   14 13  12 13   14 |   15  15   | 13   12 11   11 |     15
     13    13     | 10    |   11 11          11 |   13  12   |      10       9 |     13
     10           |  8    |                     |   11  10   |               6 |
                  |  6    |                     |            |               4 |
13    8    10     |  3 13 |    9  9  10 11    9 |    8   8   | 11    9  9    2 |      8
10    6     7     |  1 10 |    7  6   8  8    7 |    6   5   |  8    5  6      |      6
 8    3     6     |     8 |    4  4   5  6    4 |    4   3   |  6    3  4      |      1
 6    1     3     |     6 |    2  2   3  4    2 |    1   1   |  4    2  2      |

       VI~4 V~4   V |           |    I^1  V~4  V |
 V V~4  'II I^1 V^2 | iii  V  I | ii     'I~2    |  I
14  15   16  15  14 |  13 14 10 | 11  10    9 12 | 10
         13  12  12 |           |      8    8  9 |
                    |           |      5    5  7 |
                    |           |      3       5 |
12  12    9  10   9 |  12 12  8 |  9   1    2  2 |  8
 9   9    6   8   7 |  10  9  5 |  6        1    |  5
 7   8    2   5   5 |   5  7  3 |  4             |  3
 5   5        3   2 |   3  5  1 |  2             |  1

101. Stricken, Smitten, and Afflicted (Bb, 180bpm)
II~4  II |          | II~4  II    II | V~2 VI~2 II~4   | II~4 II~4  II |
   V 'II |      I   | II~4 'II   'II | iii       V^2   |    V    V 'II |      I
  13  14 |     16   |   14  14    14 |  13   14   13   |   13   13  14 |     16
  12  13 |          |   13  13    13 |  12   13   12   |   12   12  13 |
   9   9 |          |   12   9     9 |       10    9   |    9    9   9 |
         |          |    9           |        6        |               |
  14   9 |      8   |    9   9     9 |  10    3    9   |   14   14   9 |      8
  12   6 |     12   |    6   6     6 |   7         7   |   12   12   6 |     12
   9   2 |     10   |    5   2     2 |   5         5   |    9    9   2 |     10
   5     |      1   |    2           |   3         2   |    5    5     |      1

II~4  II    II | V~2 VI~2 II~4   | II~4    IV | II~2 II~4   II~2 |  IV   II~2  IV |
II~4 'II   'II | iii       V^2   |    V   'IV | vii-    V   vii- | 'IV   vii- 'IV |      I
  14  14    14 |  13   14   13   |   13    16 |   17   17     17 |  16     17  16 |     16
  13  13    13 |  12   13   12   |   12     8 |   16   16     16 |   8     16   8 |
  12   9     9 |       10    9   |    9    13 |   14   12     14 |  13     14  13 |
   9           |        6        |         11 |    9    9      9 |  11      9  11 |
   9   9     9 |  10    3    9   |   14     1 |   14   14     14 |   1     14   1 |      8
   6   6     6 |   7         7   |   12     6 |   11   12     11 |   6     11   6 |     12
   5   2     2 |   5         5   |    9     4 |    9    9      9 |   4      9   4 |     10
   2           |   3         2   |    5       |    7    5      7 |          7     |      1

 II II~4   | II~4    II V~2 | II~4  II     ii | V~2 VI~2 II~4   | II~4
'II  V^1   |    V   'II iii | II~4 'II   ii^1 | iii       V^2   |    V
 14   13   |   13    14  13 |   14  14     14 |  13   14   13   |   13
 13   12   |   12    13  12 |   13  13     13 |  12   13   12   |   12
  9    9   |    9     9     |   12   9     11 |       10    9   |    9
           |                |    9          9 |        6        |
  9   14   |   14     9  10 |    9   9     13 |  10    3    9   |   14
  6   12   |   12     6   7 |    6   6     11 |   7         7   |   12
  2    9   |    9     2   5 |    5   2      9 |   5         5   |    9
       7   |    5         3 |    2          4 |   3         2   |    5

OpenHymnal -- Harp Lead Sheets                                                               Page 43
----------------------------------------------------------------------------------------------------
102. Were You There? (E, 100bpm)
       V |       |         | iii     |    V     IV~2 |   IV~2       |   |  iii^1   VII   |  V^1
  'VII~4 |       |         |         | 'vii iii ii-7 |   ii-7 iii   |   | 'VII~4 iii^1   | 'V^1
       8 |       |         |   8     |   12  12   12 |     12  12   |   |     12    15   |   12
      14 |       |         |  14     |    9       11 |     11       |   |     10    21   |    9
       5 |       |         |   5     |   14          |              |   |     14         |   14
         |       |         |   3     |    5          |              |   |      5         |
       3 |       |         |   7     |    2  10    9 |      9  10   |   |      3    12   |    5
       7 |       |         |         |    7  14   14 |     14  14   |   |      7    10   |    2
         |       |         |         |        5    4 |      4   5   |   |           14   |    7
         |       |         |         |        3    2 |      2   3   |   |            5   |

        |         |   vi |        V |  VI~2   |   vi vi |       |         |    VII
  iii   |         |   vi |   'VII~4 | 'VI~2   | vi^1 vi |       |         | 'iii^2
   12   |         |    8 |        8 |     5   |    8 11 |       |         |      8
        |         |   13 |       14 |     3   |   13 10 |       |         |     14
        |         |      |        5 |     7   |       8 |       |         |
        |         |      |          |     6   |      13 |       |         |
   10   |         |   10 |        3 |     3   |   10 10 |       |         |      5
   14   |         |    8 |        7 |     7   |    8  8 |       |         |      3
    5   |         |   13 |          |     6   |   13 13 |       |         |      7
    3   |         |    6 |          |         |    1  6 |       |         |

103. Awake, My Heart, With Gladness (Eb, 140bpm)
      |   iii |   vii |     |    VI~2   |           | V~2 |       |   iii |   vii |
      |       | 'vii- |     | vi vii7   |  V V~4  V |   I |       |       | 'vii- |
      |    10 |     9 |     | 20   21   | 21  20 21 |  20 |       |    10 |     9 |
      |    14 |    14 |     | 13   20   |           |  12 |       |    14 |    14 |
      |     5 |       |     |      14   |           |     |       |     5 |       |
      |     3 |       |     |      13   |           |     |       |     3 |       |
      |     7 |     4 |     | 10    9   | 12  12 12 |  10 |       |     7 |     4 |
      |       |     2 |     |  8   14   |  9   9  9 |   8 |       |       |     2 |
      |       |     7 |     | 13   13   | 14   8 14 |   5 |       |       |     7 |
      |       |       |     |  6    7   |  5   5  5 |   1 |       |       |       |

   VI~2   |           | V~2 | iii     |       vii |   |        vii |          | vi   vii
vi vii7   |  V V~4  V |   I |         |     'vii- |   |   vi 'vii- |   I~4  I | IV 'vii-
20   21   | 21  20 21 |  20 |  10     |         9 |   |   20     9 |     9 10 |  9     9
13   20   |           |  12 |  14     |        14 |   |   13    14 |          |  8    14
     14   |           |     |   5     |           |   |            |          | 13
     13   |           |     |   3     |           |   |            |          |
10    9   | 12  12 12 |  10 |   7     |         4 |   |   10     4 |     8  8 | 11     4
 8   14   |  9   9  9 |   8 |         |         2 |   |    8     2 |     5  5 |  8     2
13   13   | 14   8 14 |   5 |         |         7 |   |   13     7 |     4  3 | 13     7
 6    7   |  5   5  5 |   1 |         |           |   |    6       |     1  1 |  4

iii     |     VI+ |     |    VI~2   |          |
        |      IV |     | vi vii7   | vii-     |
 10     |      20 |     | 20   21   |   21     |
 14     |      11 |     | 13   20   |          |
  5     |      13 |     |      14   |          |
  3     |         |     |      13   |          |
  7     |      11 |     | 10    9   |   11     |
        |       8 |     |  8   14   |    9     |
        |      13 |     | 13   13   |   14     |
        |       4 |     |  6    7   |    7     |

OpenHymnal -- Harp Lead Sheets                                                               Page 44
----------------------------------------------------------------------------------------------------
104. Christ Arose (C, 100bpm)
iii     IV |   iii   |  V  V7   |   IV iii |       V vi | V~4 iii   | III~4       |  V
  I   IV^2 |     I   |    'ii   | IV^2   I | IV IV~2 IV | I^1   I   |  vi^1 V^2   |
 12     13 |    12   | 12  11   |   13  12 | 13   14 15 |  15  12   |    13  12   | 12
 10     11 |    10   |  9   9   |   11  10 |      12 13 |  12  10   |    10       |  9
           |         |  7   7   |          |            |           |             |  7
           |         |  5   5   |          |            |           |             |  5
  8      8 |     8   |  2   4   |    8   8 | 11   11 11 |  10   8   |     8   9   |  2
  5      6 |     5   |      2   |    6   5 |  8    8  8 |   8   5   |     6   7   |
  3      4 |     3   |          |    4   3 |  6    5  6 |   5   3   |     3   5   |
  1      1 |     1   |          |    1   1 |  4    4  4 |   3   1   |     1   2   |

         V   | I^1   IV~2 | I^1 V~4 vi      V    | iii        |  V          V   |       iii
             |   I    I~4 |   I I^1 IV   IV~2 IV |   I  V I^2 | V7     I^2 V7   | vi IV   I
        12   |  15     16 |  17  15 16     14 13 |  12 14  15 | 16      15 16   | 15 13  12
         9   |  12     15 |  15  12 15     12    |  10        | 14         14   |        10
         7   |  10     12 |  12     13           |            | 12         12   |
         5   |         11 |  10                  |            |                 |
         2   |   8      8 |   8  10 11     11 11 |   8 12  12 | 11      12 11   | 13 11   8
             |   5      5 |   5   8  8      8  8 |   5  9  10 |  9      10  9   | 10  8   5
             |   3      4 |   3   5  6      5  6 |   3  7   8 |  7       8  7   |  8  6   3
             |   1      1 |   1   3  4      4  4 |   1  5   5 |  5       5  5   |  6  4   1

         VI~4    vi |        V  V   | I^1    I^1 | IV^1 I^1 ii^1 |          V | I^1
IV   II7  'II   II7 |  V vi V7      |   I ii   I |   IV   I   ii | I^2     V7 |   I
13    13   16    15 | 14 15 16 12   |  17 16  15 |   18  17   16 |  15     16 |  15
           13    13 |       14  9   |  15     12 |   15  15   13 |         14 |  12
                    |       12  7   |  12     10 |   13  12   11 |         12 |  10
                    |           5   |  10        |       10      |            |
11     9    9     9 | 12 13 11  2   |   8 11   8 |   11   8    9 |  12     11 |   8
 8     8    6     8 |  9 10  9      |   5  9   5 |    8   5    6 |  10      9 |   5
 6     6    2     6 |  7  8  7      |   3  4   3 |    6   3    4 |   8      7 |   3
 4     2          2 |  5  6  5      |   1  2   1 |    4   1    2 |   5      5 |   1

105. Christ Jesus Lay In Death's Strong Bands (C, 110bpm)
IV |     vi vi ii^1 |   vi   vi    |    iii         |  VI~4     |     vi vi ii^1 |   vi   vi
ii | iii 'I IV   ii | vi^2   'I IV | ii   I IV   ii | 'II~2     | iii 'I IV   ii | vi^2   'I IV
13 |  12 13 15   16 |   15   13 13 | 11  12 13   11 |    10     |  12 13 15   16 |   15   13 13
11 |     10 13   13 |   13   10    |     10         |     9     |     10 13   13 |   13   10
   |      8      11 |         8    |                |     6     |      8      11 |         8
   |      6         |         6    |                |           |      6         |         6
 9 |  10  3 11    9 |   10    3 11 |  9   8 11    9 |     3     |  10  3 11    9 |   10    3 11
 6 |   7  1  8    6 |    8    1  8 |  6   5  8    6 |     2     |   7  1  8    6 |    8    1  8
 4 |   5     6    4 |    6       6 |  4   3  6    4 |           |   5     6    4 |    6       6
 2 |   3     4    2 |    3       4 |  2   1  4    2 |           |   3     4    2 |    3       4

   iii         |  VI~4       |     IV^1  V |      ii^1    | vii iii^1      | vi    V~4
ii   I IV   ii | 'II~2       |     'I~4    | IV     ii vi |   V   iii vi   | 'I IV I^1 IV
11  12 13   11 |    10       |       11 12 | 13     16 15 |  16    17 15   | 13 13  15 13
    10         |     9       |        8  9 |        13    |  14    14      | 10     12
               |     6       |        6  7 |        11    |        12      |  8
               |             |           5 |              |                |  6
 9   8 11    9 |     3       |        4  2 | 11      9 13 |  12    10 13   |  3 11  10 11
 6   5  8    6 |     2       |        1    |  8      6 10 |   9     7 10   |  1  8   8  8
 4   3  6    4 |             |             |  6      4  8 |   7     5  8   |     6   5  6
 2   1  4    2 |             |             |  4      2  6 |   5     3  6   |     4   3  4

OpenHymnal -- Harp Lead Sheets                                                               Page 45
----------------------------------------------------------------------------------------------------
   iii ii^1     |           |  VI~4
vi   I          |   IV   ii | 'II~2
15  12   11     |   13   11 |    10
    10    9     |           |     9
          6     |           |     6
          4     |           |
13   8    2     |   11    9 |     3
10   5          |    8    6 |     2
 8   3          |    6    4 |
 6   1          |    4    2 |

106. Christ The Lord Is Risen Today (Lyra) (F, 120bpm)
 IV        | IV~2    VI~4 V~4 | iii   IVM7        |   vii  IV |  IV        | IV~2    VI~4 V~4
'vi   ii   | IV^1   'vii-   I |  vi    'vi   IV^2 | 'vii- 'vi | 'vi   ii   | IV^1   'vii-   I
  8   10   |   19      10   9 |  19     10     10 |     9   8 |   8   10   |   19      10   9
 13        |   11       9   8 |  10      8        |    14  13 |  13        |   11       9   8
  4        |           14  12 |         13        |         4 |   4        |           14  12
           |           13     |          4        |           |            |           13
  1    9   |    8       4  10 |   8      1      8 |     4   1 |   1    9   |    8       4  10
  6   13   |   13       2   8 |  13      6     13 |     2   6 |   6   13   |   13       2   8
       4   |    4       7  12 |   3             4 |     7     |        4   |    4       7  12
       2   |    6           1 |   6             1 |           |        2   |    6           1

iii   IVM7        |   vii  IV |           |           V~4 | IVM7 V~4 IVM7   | v-7 v-7
 vi    'vi   IV^2 | 'vii- 'vi | ii   'I   | vii         I |  'vi I^1  'vi   |   I   I
 19     10     10 |     9   8 | 10   19   |  20         9 |   10   9   10   |  19  19
 10      8        |    14  13 |      12   |             8 |    8   8    8   |  10  10
        13        |         4 |           |            12 |   13  12   13   |  12  12
         4        |           |           |               |    4        4   |
  8      1      8 |     4   1 |  9    8   |   9        10 |    1  10    1   |  10  10
 13      6     13 |     2   6 | 13   12   |  14         8 |    6   8    6   |   8   8
  3             4 |     7     |  4    1   |   2        12 |       12        |  12  12
  6             1 |           |  2        |   7         1 |        3        |   1   1

   vi   IVM7    | IV~2    VI~4 V~4 | IV~2   IVM7     |   vii  IV
'IV^1    'vi ii | IV^1   'vii-   I | IV^1    'vi     | 'vii- 'vi
    8     10 10 |   19      10   9 |   19     10     |     9   8
   13      8    |   11       9   8 |   11      8     |    14  13
          13    |           14  12 |          13     |         4
           4    |           13     |           4     |
    4      1  9 |    8       4  10 |    8      1     |     4   1
    1      6 13 |   13       2   8 |   13      6     |     2   6
    6         4 |    4       7  12 |    4            |     7
              2 |    6           1 |    6            |

107. Christ The Lord Is Risen Today (Lyra) (G, 130bpm)
 V  V~4 II~2    V |         V |     V~2 iii     |      IV II~2 | II~2 ii^1
'V 'V~4    V 'vii | vi^1   'V |       I  'V I^1 | II~4 ii    V |    V ii^1 I^1 V^2
 8    9   10    8 |    9    8 |      20  10  18 |   19 19   10 |   10    9  18  10
14    8    9   14 |        14 |      19  14     |      18    9 |    9   13
12   12        12 |        12 |          12     |      13      |        11
                  |           |           3     |      11      |
 2    2   14    2 |    8    2 |      10   7  10 |    9  9   14 |   14    9  10   9
 7    1   12    7 |   13    7 |       8   5   8 |   13 13   12 |   12   13   8  14
 5    5    7      |    3    5 |      12      12 |   12 11    7 |    7    2  12  12
           5      |    1      |       1       3 |    2  2    5 |    5    4   3   2

OpenHymnal -- Harp Lead Sheets                                                               Page 46
----------------------------------------------------------------------------------------------------
              |     III iv-7 iii |         V
vi^1   vi^1   | V^1   I ii-7  'V | vi^1   'V
   9      9   |  19  18   10   8 |    9    8
              |      10    9  14 |        14
              |           14  12 |        12
              |           11   3 |
   8      8   |   9   8    9   7 |    8    2
  13     13   |  14  12   14   5 |   13    7
   3      3   |  12   3   11     |    3    5
   1      1   |   7   1    2     |    1

108. I Know That My Redeemer Lives (D, 140bpm)
      III |      vii7   | IV   vii7 | vi7 | IV~2        | vii7      | vii-   | vi |     vi
    vi7^2 | ii^1    V   | ii   III7 |  'I |   ii   ii^1 |    V ii^1 |  iii   | 'I |     'I
       11 |   12   13   | 15     13 |  12 |   12     12 |   13   12 |   11   |  9 |      9
       10 |        12   | 13     10 |  10 |   11        |   12      |   10   |  8 |      8
          |         9   | 11      9 |   8 |             |    9      |   14   |  6 |      6
          |        14   |        14 |   6 |             |   14      |        |    |
        8 |   11   12   |  9     10 |   3 |    9     11 |   12   11 |   12   |  3 |      5
        6 |    9    9   |  6      9 |   1 |    6      9 |    9    9 |   10   |  1 |      3
        5 |    6   14   |  4     14 |     |    4      6 |   14    6 |   14   |    |      1
        3 |    4    5   |  2      3 |     |    2      4 |    5    4 |    3   |    |

           | vii7        III   | vi |      vii7   | IV  vii- |   vi |
    ii^1   |    V ii^1 vi7^2   | 'I | ii^1    V   | ii iii^1 |   'I |
      12   |   13   12    11   |  9 |   12   13   | 15    11 |    9 |
           |   12         10   |  8 |        12   | 13    10 |    8 |
           |    9              |  6 |         9   | 11    14 |    6 |
           |   14              |    |        14   |          |      |
      11   |   12   11     8   |  3 |   11   12   |  9    12 |    5 |
       9   |    9    9     6   |  1 |    9    9   |  6    10 |    3 |
       6   |   14    6     5   |    |    6   14   |  4    14 |    1 |
       4   |    5    4     3   |    |    4    5   |  2     5 |      |

109. Jesus Christ Is Risen Today (C, 120bpm)
      V^1   | IV^1      IV iii |    ii        ii    IV | I^2     | IV^1 iii        |  ii    I^2
    'II~4   | 'I~4 IV IV^2   I |   ii7 I^1   ii7  I    |  'I     | 'I~4   I IV I^1 | ii7  I  'I
       12   |   11 13   13  12 |    11  12    11 10 11 |  10     |   11  12 13  12 |  11 10  10
        9   |    8      11  10 |     9         9     8 |   8     |    8  10        |   9      8
        7   |    6             |                     6 |   5     |    6            |          5
            |                  |                     4 |         |                 |
        5   |    4 11    8   8 |     8  10     8  8  1 |   3     |    4   8 11  10 |   8  8   3
        2   |    1  8    6   5 |     6   8     6  5    |   1     |    1   5  8   8 |   6  5   1
            |       6    4   3 |     4   5     4  3    |         |        3  6   5 |   4  3
            |       4    1   1 |     2   3     2  1    |         |        1  4   3 |   2  1

    ii        ii    IV | I^2     |     vi      V | V~4  IV I^1 |     vi        vi    V~4
 I ii7 I^1   ii7  I    |  'I     |  V vi7 V^1    | I^1 II7   I |  V vi7 V^1   vi7  V I^1
10  11  12    11 10 11 |  10     | 14  15  16 12 |  15  16  17 | 14  15  16    15 14  15
     9         9     8 |   8     |     13      9 |  12  15  15 |     13        13     12
                     6 |   5     |             7 |      13  12 |
                     4 |         |             5 |      11  10 |
 8   8  10     8  8  1 |   3     | 12  12  14  2 |  10   9   8 | 12  12  14    12 12  10
 5   6   8     6  5    |   1     |  9  10  12    |   8   8   5 |  9  10  12    10  9   8
 3   4   5     4  3    |         |  7   8   9    |   5   6   3 |  7   8   9     8  7   5
 1   2   3     2  1    |         |  5   6   7    |   3   2   1 |  5   6   7     6  5   3

OpenHymnal -- Harp Lead Sheets                                                               Page 47
----------------------------------------------------------------------------------------------------
  V    V |  V          V~4    | IV^1      IV iii |   V7^2 V~4 iii     iv- V~4 VI~4 |        I^1
V^2      |    V~4  V   I^1  I | 'I~4 IV IV^2   I |   V7^2 I^1   I IV ii-7 I^1 ii^1 | I^2  V   I
 14   12 | 12  13 14    15 10 |   11 13   13  12 |     14  15  12 13   14  15   16 |  15 14  15
 12    9 |  9           12    |    8      11  10 |     12  12  10      11  12   13 |         12
       7 |  7                 |    6             |     11                          |         10
       5 |  5                 |                  |      9                          |
  9    2 |  2  12 12    10  8 |    4 11    8   8 |      7  10   8 11    9  10   11 |  12 12   8
  7      |      9  9     8  5 |    1  8    6   5 |      5   8   5  8    7   8    9 |  10  9   5
  5      |      8  7     5  3 |       6    4   3 |      4   5   3  6    4   5    6 |   8  7   3
  2      |      5  5     3  1 |       4    1   1 |      2   3   1  4    2   3    4 |   5  5   1

110. Jesus Christ Who Came to Save (C, 120bpm)
vi III~4       |      iii^2   |   iii       V | vi   vi   vii | III~4 IM7    IV      IV
'I  vi^1 iii   |  V    'iii   |     I ii^1 V7 | 'I   'I vii%7 |  vi^1 IM7 vi ii vii%7^2
13    13  12   | 14      12   |    12   13 14 | 13   13    16 |    13  14 15 14      13
10    10       |         10   |    10      12 | 10   10    14 |    10  12    13      11
 8             |          7   |               |  8    8       |        10    11
 6             |              |               |  6    6       |         8
 3     8  10   | 12       5   |     8   11 11 |  3    3    13 |     8   7 13  9       9
 1     6   7   |  9       3   |     5    9  9 |  1    1    11 |     6   5 10  6       7
       3   5   |  7           |     3    6  7 |             9 |     3   3  8  4       6
       1   3   |  5           |     1    4  5 |             7 |     1   1  6  2       4

   VI7 IV   |    vi iii^2   |   iii      | vi
  'iii ii   |  V 'I  'iii   |     I    V | 'I
    13 13   | 14 13    12   |    12   14 | 13
    12 11   |    10    10   |    10      | 10
    10      |     8     7   |            |  8
     6      |     6         |            |  6
     5  9   | 12  3     5   |     8   12 |  3
     3  6   |  9  1     3   |     5    9 |  1
        4   |  7            |     3    7 |
        2   |  5            |     1    5 |

111. The Strife Is O'er, The Battle Done (E, 140bpm)
    | vi |       |   |      iii^1   V |   |  VII |         |       |    V IV^1   | IV~2 |
    | vi |       |   | iii 'VII~4 iii |   | 'III | iii     |   iii | 'vii   IV   | vii- |
    | 11 |       |   |  12     12  15 |   |   15 |  12     |    12 |   12   11   |   12 |
    | 10 |       |   |         10  21 |   |   21 |         |       |    9    8   |   11 |
    |  8 |       |   |         14  12 |   |      |         |       |   14   13   |      |
    | 13 |       |   |          5     |   |      |         |       |    5        |      |
    | 10 |       |   |  10      3  10 |   |   10 |  10     |    10 |    2   11   |    9 |
    |  8 |       |   |  14      7  14 |   |   14 |  14     |    14 |    7    8   |   14 |
    | 13 |       |   |   5          5 |   |    3 |   5     |     5 |        13   |    4 |
    |  6 |       |   |   3          3 |   |      |   3     |     3 |         4   |    7 |

    |       |   |    V       |       |    V IV^1   | IV~2 |      VII |   |   V |     | vi |
    |       |   | 'vii iii   |   iii | 'vii   IV   | vii- | iii 'III |   | iii |     | vi |
    |       |   |   12  12   |    12 |   12   11   |   12 |  12   15 |   |  15 |     | 11 |
    |       |   |    9       |       |    9    8   |   11 |       21 |   |  21 |     | 10 |
    |       |   |   14       |       |   14   13   |      |          |   |  12 |     |  8 |
    |       |   |    5       |       |    5        |      |          |   |     |     | 13 |
    |       |   |    2  10   |    10 |    2   11   |    9 |  10   10 |   |  10 |     | 10 |
    |       |   |    7  14   |    14 |    7    8   |   14 |  14   14 |   |  14 |     |  8 |
    |       |   |        5   |     5 |        13   |    4 |   5    3 |   |   5 |     | 13 |
    |       |   |        3   |     3 |         4   |    7 |   3      |   |   3 |     |  6 |

OpenHymnal -- Harp Lead Sheets                                                               Page 48
----------------------------------------------------------------------------------------------------
  |      iii^1   V |   |  VII
  | iii 'VII~4 iii |   | 'III
  |  12     12  15 |   |   15
  |         10  21 |   |   21
  |         14  12 |   |
  |          5     |   |
  |  10      3  10 |   |   10
  |  14      7  14 |   |   14
  |   5          5 |   |    3
  |   3          3 |   |

112. Lo, God To Heav'n Ascendeth (F, 140bpm)
   |   IV IV~2   IVM7 | V~4 V~4   |   IVM7 V~4   |  IV    |   IV IV~2   IVM7 | V~4 V~4
IV | vii- IV^1    'vi | I~4   I   |    'vi I~4   | 'vi IV | vii- IV^1    'vi | I~4   I
19 |   20   19     10 |   9   9   |     10   9   |   8 19 |   20   19     10 |   9   9
   |   11   11      8 |   8   8   |      8   8   |  13    |   11   11      8 |   8   8
   |               13 |  12  12   |     13  12   |   4    |               13 |  12  12
   |                4 |           |      4       |        |                4 |
11 |    9    8      1 |   8  10   |      1   8   |   1 11 |    9    8      1 |   8  10
 8 |   14   13      6 |  12   8   |      6  12   |   6  8 |   14   13      6 |  12   8
13 |    4    4        |   4  12   |          4   |     13 |    4    4        |   4  12
 4 |    7    6        |   1   1   |          1   |      4 |    7    6        |   1   1

  IVM7 V~4   |  IV IVM7 |     V~4 ii7 |   IVM7 |       V IVM7   | v-7 IVM7  IV |       V IVM7
   'vi I~4   | 'vi  'vi |       I     |    'vi |   iii^1  'vi   |   I  'vi 'vi |   iii^1  'vi
    10   9   |   8   10 |       9   8 |     10 |       9   10   |  19   10   8 |       9   10
     8   8   |  13    8 |       8  13 |      8 |      14    8   |  10    8  13 |      14    8
    13  12   |   4   13 |      12   4 |     13 |      12   13   |  12   13   4 |      12   13
     4       |        4 |           2 |      4 |            4   |        4     |            4
     1   8   |   1    1 |      10   6 |      1 |      10    1   |  10    1   1 |      10    3
     6  12   |   6    6 |       8     |      6 |      14    6   |   8    6   6 |      14    1
         4   |          |      12     |        |       3        |  12          |       3    6
         1   |          |       1     |        |       5        |   1          |       5

v-7 IVM7   |  V    vi   VII  V |  IV
  I  'vi   |  V 'IV^1 'vii-  I | 'vi
 19   10   |  9     8     8 14 |   8
 10    8   | 14    13    14 12 |  13
 12   13   | 12                |   4
       4   |                   |
 10    1   |  9     4     4 10 |   1
  8    6   | 14     1     2  8 |   6
 12        | 12     6     7 12 |
  1        |  5              1 |

113. See, The Lord Ascends In Triumph (A, 120bpm)
vi^2   iii  IV iii7 |   III~4   iii7 |  iii  IV  ii      ii |   iii7   |   iii7     iii
  vi iii^1 'IV  iii |    VI~4    iii | vi^1 'IV 'IV   vii%7 |    iii   |    iii   iii^1
   8    12   8    9 |      18      9 |   19   8   9      18 |      9   |      9      19
  13    10  13   14 |      17     14 |   17  13  13       9 |     14   |     14      17
  10        11   12 |      13     12 |   13  11  11         |     12   |     12      14
                 10 |      10     10 |   10       2         |     10   |     10      10
   8    14   1   12 |       9     12 |    8   1   6      14 |     12   |     12      14
  13    12   6   10 |      13     10 |   13   6   4      13 |     10   |     10      12
  10    10   4    7 |      10      7 |   10   4          11 |      7   |      7      10
   6     5        3 |       6      3 |    1               7 |      3   |      3       5

OpenHymnal -- Harp Lead Sheets                                                               Page 49
----------------------------------------------------------------------------------------------------
 IV       |   V^1 iii   |     iii | iii       vii | vi^2     iii |  IV iii7   III~4 iii
'IV       |         I   |     iii | iii     'vii- | vi^1      vi | 'IV  iii    VI~4   I
  8       |     9  19   |      12 |  12         9 |    8      12 |   8    9      18  19
 13       |    14  17   |      10 |  10        14 |   13      10 |  13   14      17  17
 11       |    12  12   |         |               |   10         |  11   12      13  12
          |     7  10   |         |               |              |       10      10  10
  1       |     5   8   |      12 |  12        11 |    8       8 |   1   12       9   8
  6       |        12   |      10 |  10         2 |   13      13 |   6   10      13  12
  4       |        10   |       7 |   7         7 |   10      10 |   4    7      10  10
          |         1   |       3 |   3           |    1       6 |        3       6   1

  III7   iii7 | vi^2 iii vi^2  iii7 |   vii%7^3   iii7 |  iii  IV      | III~4 iii7 vi^2
iii7^2    iii | vi^1 iii vi^1 iii^2 |      iv-7    iii | vi^1 'IV ii   | III~4  iii   vi
    18      9 |    8  12    8     9 |        18      9 |   19   8 18   |     9    9    8
    17     14 |   13  10   13    14 |         9     14 |   17  13      |    14   14   13
     9     12 |   10       10    12 |        14     12 |   13  11      |    13   12   10
    10     10 |                  10 |        13     10 |   10          |    10   10
     9     12 |    8  12    8    14 |        11     12 |    8   1  9   |    10   12    8
    12     10 |   13  10   13    12 |         2     10 |   13   6 13   |     7   10   13
    10      7 |   10   7   10    10 |         7      7 |   10   4 11   |     6    7   10
     7      3 |    1   3    1     7 |         4      3 |    1      2   |     3    3    6

vi^2   VI~4^2   |   iii    IV ii-7 | iii vi^2 iii7   |  iii7    IV   | vi^2   VI~4^2
  vi     VI~4   | iii^1   'IV 'iv- | iii vi^1  iii   | iii^1   'IV   |   vi     VI~4
   8        9   |    19     8    9 |  12    8    9   |     9     8   |    8        9
  13       13   |    17    13   14 |  10   13   14   |    14    13   |   13       13
  10       10   |    14    11   11 |       10   12   |    12    11   |   10       10
                |    10          2 |            10   |    10         |
   8        9   |    14     1    7 |  12    8   12   |    14     1   |    8        9
  13       13   |    12     6    4 |  10   13   10   |    12     6   |   13       13
  10       10   |    10     4      |   7   10    7   |    10     4   |   10       10
   6        6   |     5            |   3    1    3   |     5         |    6        6

iii    IV   | iii  IV   iii |     III~4   iii |     vi   iii |     vi  iii iii |  IV ii-7
  I   'IV   |   I 'IV    vi |   III~4^2   iii |   ii^1    vi |   ii^1 VI~4  vi | 'IV 'iv-
 19     8   |  12   8    12 |         8    12 |      8    12 |      8   12  12 |   8    9
 17    13   |  10  13    10 |        14    10 |     13    10 |     13   10  10 |  13   14
 12    11   |      11       |        13       |              |                 |  11   11
 10         |               |        10       |              |                 |        2
  8     1   |   8   1     8 |        14    12 |     11     8 |     11    9   8 |   1    7
 12     6   |  12   6    13 |        13    10 |      2    13 |      2   13  13 |   6    4
 10     4   |  10   4    10 |        10     7 |      6    10 |      6   10  10 |   4
  1         |   1         6 |         7     3 |      4     6 |      4    6   6 |

IV^1         |   vi^2   iii |  IV iii7      | iii    IV  ii |       vi^2
     I~4     |   vi^1    vi | 'IV  iii ii   |   I   'IV 'IV |         vi
   8   9     |      8    12 |   8    9 18   |  19     8   9 |          8
  13         |     13    10 |  13   14      |  17    13  13 |         13
  11         |     10       |  11   12      |  12    11  11 |         10
   6         |              |       10      |  10         2 |
   4   8     |      8     8 |   1   12  9   |   8     1   6 |          8
      12     |     13    13 |   6   10 13   |  12     6   4 |         13
      11     |     10    10 |   4    7 11   |  10     4     |         10
       1     |      1     6 |        3  2   |   1           |          6

OpenHymnal -- Harp Lead Sheets                                                               Page 50
----------------------------------------------------------------------------------------------------
114. The Cloud Received Christ From Their Sight (Ab, 200bpm)
  |         | vi^2       | vi^2     vi^2 |     |         |           |         |
  |         |   vi       |   vi       vi |     |         |           |         |
  |         |   17       |   17       17 |     |         |           |         |
  |         |    8       |    8        8 |     |         |           |         |
  |         |   13       |   13       13 |     |         |           |         |
  |         |   10       |   10       10 |     |         |           |         |
  |         |    8       |    8        8 |     |         |           |         |
  |         |   13       |   13       13 |     |         |           |         |
  |         |   10       |   10       10 |     |         |           |         |
  |         |    6       |    6        6 |     |         |           |         |

115. Breathe on Me, Breath of God (Ab, 110bpm)
 IV IVM7   |   iii  IV |        | vi^2   vi^2 |      IV | vi^2       | iii   IVM7   |   iii |  IV
'IV  'vi   |     I 'IV | vi     | vi^2     vi |     'IV |   vi       |   I    'vi   |     I | 'IV
 13   17   |    14  13 | 17     |   17     17 |      13 |   17       |  14     17   |    14 |  13
 11    8   |    12  11 |        |    8      8 |      11 |    8       |  12      8   |    12 |  11
      13   |    10     |        |   13     13 |         |   13       |  10     13   |    10 |
      11   |           |        |   10     10 |         |   10       |         11   |       |
  1    1   |     8   1 | 15     |    8      8 |       1 |    8       |   8      1   |     8 |   1
  6    6   |    12   6 | 20     |   13     13 |       6 |   13       |  12      6   |    12 |   6
  4        |    10   4 | 13     |    6     10 |       4 |   10       |  10          |    10 |   4
           |     1     |  6     |    3      6 |         |    6       |   1          |     1 |

116. Come Down, O Love Divine (D, 120bpm)
         |  VI~4 vii7 | IV~2 |   vii%7  iii | vii-   III~4^2 | vi7 IV~2 | vii7 vi7 vii-
  vi^1   | 'II~2    V |   ii |    ii-7 vi^1 | vii-     III~4 |  'I   ii |    V  'I  V^1
     9   |    12   13 |   12 |      13   12 |   15        13 |  12   12 |   13  12   11
         |    10   12 |   11 |      11   10 |   21        10 |  10   11 |   12  10    9
         |     9    9 |      |       9      |   11        14 |   8      |    9   8   14
         |     6   14 |      |      14      |   14           |   6      |   14   6
     8   |     3   12 |    9 |      11    8 |   11        10 |   3    9 |   12   3   12
     6   |     2    9 |    6 |       9    6 |    9        14 |   1    6 |    9   1    9
     3   |         14 |    4 |      14    3 |   14         6 |        4 |   14        5
     1   |          5 |    2 |       2    1 |    7         3 |        2 |    5        7

  vii   vii   vii- |     | vii-   vii7 | IV~2 III~4^2 | vi7 |   vii7 IV~2 | vii-   | vi vi
iii^1     V   iii7 |     | vii-      V |   ii   VII~4 |  'I |      V   ii |  iii   | 'I 'I
    9     9     11 |     |   15     13 |   12      13 |  12 |     13   12 |   11   |  9  9
   14    14     10 |     |   21     12 |   11      10 |  10 |     12   11 |   10   |  8  8
                 9 |     |   11      9 |           14 |   8 |      9      |   14   |  6  6
                14 |     |   14     14 |              |   6 |     14      |        |
   12    12     12 |     |   11     12 |    9      10 |   3 |     12    9 |   12   |  3  3
   10     9     10 |     |    9      9 |    6      14 |   1 |      9    6 |   10   |  1  1
   14    14      9 |     |   14     14 |    4       3 |     |     14    4 |   14   |
    5     5      3 |     |    7      5 |    2       7 |     |      5    2 |    3   |

     vii7 vi7 vii- |     vii     |
ii^1    V  'I  V^1 |       V     |
  12   13  12   11 |       9     |
       12  10    9 |      14     |
        9   8   14 |             |
       14   6      |             |
  11   12   3   12 |      12     |
   9    9   1    9 |       9     |
   6   14        5 |      14     |
   4    5        7 |       5     |

OpenHymnal -- Harp Lead Sheets                                                               Page 51
----------------------------------------------------------------------------------------------------
117. Come, God Creator, Holy Ghost (C, 130bpm)
iii    iii |    iii    vii | I^1   |        V~4   V | I^1   vii | I~2^1 I^2 I^1 |         iv- I^1
  I IV   I | ii   I vi   V |   I   | I^1 IV I^1 V^2 |   I     V |   I~2 I^1   I | IV I^1 ii-7   I
 12 13  12 | 11  12 15  16 |  15   |  12 13  15  16 |  17    16 |    16  17  15 | 13  12   14  15
 10     10 |     10     14 |  12   |         12  14 |  15    14 |    15  15  12 |          11  12
           |               |  10   |             12 |  12       |    12  12  10 |              10
           |               |       |                |  10       |     9         |
  8 11   8 |  9   8 13  12 |   8   |  10 11  10   9 |   8    12 |     8  10   8 | 11  10    9   8
  5  8   5 |  6   5 10   9 |   5   |   8  8   8   7 |   5     9 |     5   8   5 |  8   8    7   5
  3  6   3 |  4   3  8   7 |   3   |   5  6   5   5 |   3     7 |     2   5   3 |  6   5    4   3
  1  4   1 |  2   1  6   5 |   1   |   3  4   3   2 |   1     5 |     1   3   1 |  4   3    2   1

vii   |      IV^1    |   iii   V^1 |  V~4 iii
  V   |   IV 'I~4 IV |     I 'II~4 | 'I~2   I
 16   |   13   11 13 |    12    12 |   12  12
 14   |         8    |    10     9 |    9  10
      |         6    |           7 |    8
      |              |             |    5
 12   |   11    4 11 |     8     5 |    2   8
  9   |    8    1  8 |     5     2 |    1   5
  7   |    6       6 |     3       |        3
  5   |    4       4 |     1       |        1

118. Come Holy Spirit, Lord Our God (G, 120bpm)
 V V~2  V |   IV   | II~2       | IV   | V~2  V   | IV   iii     | II~2 ii^1 iii     |  V
'V   I 'V |   ii   |    V       | ii   |   I 'V   | ii    'V I^1 |    V   ii  'V     | 'V
19  20 19 |   19   |   10       | 19   |  20 19   | 19     8  18 |   10    9   8     |  8
14  19 14 |   18   |    9       | 18   |  19 14   | 18    14     |    9   13  14     | 14
12     12 |   13   |            | 13   |     12   | 13    12     |        11  12     | 12
          |   11   |            | 11   |          | 11     3     |             3     |
 2  10  2 |    9   |   14       |  9   |  10  2   |  9     7  10 |   14    9   7     |  2
 7   8  7 |   13   |   12       | 13   |   8  7   | 13     5   8 |   12   13   5     |  7
 5  12  5 |   11   |    7       | 11   |  12  5   | 11        12 |    7   11         |  5
     1    |    2   |    5       |  2   |   1      |  2         3 |    5    2         |

II~4 iv-7 III | II~2   IV |      V   | IV~2     | iii  vi | II~2    III | II~2    V II~4 | II~2
'V~2 ii-7   I |    V   ii |     'V   |   ii     |  'V 'vi |    V   vi^1 |    V 'vii 'V~2 |    V
   9   10  18 |   10   19 |      8   |   12     |   8   9 |   10     18 |   10    8    9 |   10
  13    9  10 |    9   18 |     14   |   11     |  14   8 |    9     10 |    9   14   13 |    9
  12   14     |        13 |     12   |          |  12  13 |             |        12   12 |
   2   11     |        11 |          |          |   3     |             |              2 |
   6    9   8 |   14    9 |      2   |    9     |   7   3 |   14      8 |   14    2    6 |   14
   5   14  12 |   12   13 |      7   |   13     |   5   1 |   12     13 |   12    7    5 |   12
       11   3 |    7   11 |      5   |   11     |       6 |    7      3 |    7           |    7
        2   1 |    5    2 |          |    2     |         |    5      1 |    5           |    5

 V V~2  V |   IV   | II~2       | IV   | V~2  V   | IV   iii     | II~2 ii^1 iii     |  V
'V   I 'V |   ii   |    V       | ii   |   I 'V   | ii    'V I^1 |    V   ii  'V     | 'V
19  20 19 |   19   |   10       | 19   |  20 19   | 19     8  18 |   10    9   8     |  8
14  19 14 |   18   |    9       | 18   |  19 14   | 18    14     |    9   13  14     | 14
12     12 |   13   |            | 13   |     12   | 13    12     |        11  12     | 12
          |   11   |            | 11   |          | 11     3     |             3     |
 2  10  2 |    9   |   14       |  9   |  10  2   |  9     7  10 |   14    9   7     |  2
 7   8  7 |   13   |   12       | 13   |   8  7   | 13     5   8 |   12   13   5     |  7
 5  12  5 |   11   |    7       | 11   |  12  5   | 11        12 |    7   11         |  5
     1    |    2   |    5       |  2   |   1      |  2         3 |    5    2         |

OpenHymnal -- Harp Lead Sheets                                                               Page 52
----------------------------------------------------------------------------------------------------
II~4 iv-7 III | II~2   IV |      V   | IV~2     | iii  vi | II~2    III | II~2  vi |      V | IV
'V~2 ii-7   I |    V   ii |     'V   |   ii     |  'V 'vi |    V   vi^1 |    V 'vi |     'V | IV
   9   10  18 |   10   19 |      8   |   12     |   8   9 |   10     18 |   10   9 |      8 |  9
  13    9  10 |    9   18 |     14   |   11     |  14   8 |    9     10 |    9   8 |     14 |  8
  12   14     |        13 |     12   |          |  12  13 |             |       13 |     12 | 13
   2   11     |        11 |          |          |   3     |             |          |        | 11
   6    9   8 |   14    9 |      2   |    9     |   7   3 |   14      8 |   14   3 |      2 |  8
   5   14  12 |   12   13 |      7   |   13     |   5   1 |   12     13 |   12   1 |      7 | 13
       11   3 |    7   11 |      5   |   11     |       6 |    7      3 |    7   6 |      5 | 11
        2   1 |    5    2 |          |    2     |         |    5      1 |    5     |        |  4

 VI~4 ii^1  V     | IV~2   | II~2   IV    V     |  V
'VI~4   ii 'V     |   ii   |    V IV^1 'vii     | 'V
   10    9  8     |   12   |   10    9    8     |  8
    9   13 14     |   11   |    9    8   14     | 14
   13   11 12     |        |        13   12     | 12
                  |        |        11          |
    3    9  2     |    9   |   14    8    2     |  2
    2   13  7     |   13   |   12   13    7     |  7
    6   11  5     |   11   |    7   11          |  5
         2        |    2   |    5    6          |

119. Holy Ghost, with Light Divine (Eb, 100bpm)
iii        |   vii   iii |   VI+        | V~2 VI+   | iii        |      vi |     iii VI~4
        vi | 'vii-       |    IV vii-   | iii  IV   |         vi |    I IV |         vii-
 10     20 |     9    10 |    20   21   |  20  20   |  10     20 |   10  9 |      10    9
 14     13 |    14    14 |    11        |  12  11   |  14     13 |       8 |      14   14
  5        |           5 |    13        |      13   |   5        |      13 |       5   13
  3        |           3 |              |           |   3        |         |       3
  7     10 |     4     7 |    11   11   |  10  11   |   7     10 |    8 11 |       7   11
         8 |     2       |     8    9   |  14   8   |          8 |    5  8 |            9
        13 |     7       |    13   14   |   5  13   |         13 |    3 13 |           14
         6 |             |     4    7   |   3   4   |          6 |    1  4 |            7

vi   vii
vi 'vii-
 9     9
 8    14
13

10     4
 8     2
13     7
 6

120. Holy Spirit, Ever Dwelling (Ab, 180bpm)
 IV   iii   iii   |   iii           | vi^2       I^1     |     iii  IV |  IV   iii   iii
'IV   vi7     I   |     I           |   vi       I^1     |     IM7 'IV | 'IV   vi7     I
 13    14    14   |    14           |   17        17     |      14  13 |  13    14    14
 11    13    12   |    12           |    8         8     |      12  11 |  11    13    12
       12    10   |    10           |   13        12     |      10     |        12    10
       10         |                 |   10        10     |             |        10
  1     8     8   |     8           |    8         8     |       8   1 |   1     8     8
  6    13    12   |    12           |   13        12     |      14   6 |   6    13    12
  4    12    10   |    10           |   10         1     |      12   4 |   4    12    10
        6     1   |     1           |    6         3     |       1     |         6     1

OpenHymnal -- Harp Lead Sheets                                                               Page 53
----------------------------------------------------------------------------------------------------
  iii           | vi^2       I^1     |     iii  IV | vi^2     vi^2     |     iii   V7
    I           |   vi       I^1     |     IM7 'IV |   vi     vi^2     |     vi7
   14           |   17        17     |      14  13 |   17       17     |      14   14
   12           |    8         8     |      12  11 |    8        8     |      13   12
   10           |   13        12     |      10     |   13       13     |      12   11
                |   10        10     |             |   10       10     |      10    5
    8           |    8         8     |       8   1 |    8        8     |       8    4
   12           |   13        12     |      14   6 |   13       13     |      13
   10           |   10         1     |      12   4 |   10        6     |      12
    1           |    6         3     |       1     |    6        3     |       6

 IV   IV    V       |         I^1 |     iii   iii   |   iii           | vi^2   vi^2   vi^2
'IV III+ vi^2       |           I |     vi7     I   |     I           |   vi   vi^2     vi
 13   13   14       |          17 |      14    14   |    14           |   17     17     17
 11   11   13       |           8 |      13    12   |    12           |    8      8      8
           12       |          12 |      12    10   |    10           |   13     13     13
                    |          10 |      10         |                 |   10     10     10
  1   10   10       |           8 |       8     8   |     8           |    8      8      8
  6    1    1       |          12 |      13    12   |    12           |   13     13     13
  4    4    6       |          10 |      12    10   |    10           |   10      6     10
       3    3       |           1 |       6     1   |     1           |    6      3      6

    iii  IV
    IM7 'IV
     14  13
     12  11
     10

      8   1
     14   6
     12   4
      1

121. The Comforter Has Come (C, 95bpm)
iii |     IV iii   |     | vi VI~4 vi   |     | iii   IV iii   |     | vi   II7 ii7 |
  I |   IV^2   I   |     | IV ii^1 IV   |     |   I IV^2   I   |     | 'I           |   V7
 12 |     13  12   |     | 15   16 15   |     |  12   13  12   |     | 10     9   8 |   12
 10 |     11  10   |     | 13   13 13   |     |  10   11  10   |     |  8     8   6 |
    |              |     |              |     |                |     |  6     6   4 |
    |              |     |              |     |                |     |        2   2 |
  8 |      8   8   |     | 11   11 11   |     |   8    8   8   |     |  3     1   1 |   11
  5 |      6   5   |     |  8    9  8   |     |   5    6   5   |     |  1           |    9
  3 |      4   3   |     |  6    6  6   |     |   3    4   3   |     |              |    7
  1 |      1   1   |     |  4    4  4   |     |   1    1   1   |     |              |    5

iii   IV iii   | iii     | vi VI~4 vi   |     | I^2   |    V | I^1 | I^1 |   IV~2 I^1 IV~2
  I IV^2   I   |   I iii | IV ii^1 IV   |     |  'I   |   V7 |   I |   I |    I~4   I  I~4
 12   13  12   |  12  15 | 15   16 15   |     |  12   |   16 |  15 |  15 |     16  15   16
 10   11  10   |  10     | 13   13 13   |     |  10   |   14 |  12 |  12 |     15  12   15
               |         |              |     |   8   |   12 |  10 |  10 |     12  10   12
               |         |              |     |   5   |      |     |     |     11       11
  8    8   8   |   8  12 | 11   11 11   |     |   3   |   11 |   8 |   8 |      8   8    8
  5    6   5   |   5  10 |  8    9  8   |     |   1   |    9 |   5 |   5 |      5   5    5
  3    4   3   |   3   5 |  6    6  6   |     |       |    7 |   3 |   3 |      4   3    4
  1    1   1   |   1   3 |  4    4  4   |     |       |    5 |   1 |   1 |      1   1    1

OpenHymnal -- Harp Lead Sheets                                                               Page 54
----------------------------------------------------------------------------------------------------
I^1   | vi VI~4 vi   |     | iii   IV iii   | iii   | vi   II7 ii7 |      | iii   IV iii
  I   | IV ii^1 IV   |     |   I IV^2   I   |   I   | 'I           |   V7 |   I IV^2   I
 17   | 15   16 15   |     |  12   13  12   |  12   | 10     9   8 |   12 |  12   13  12
 15   | 13   13 13   |     |  10   11  10   |  10   |  8     8   6 |      |  10   11  10
 12   |              |     |                |       |  6     6   4 |      |
 10   |              |     |                |       |        2   2 |      |
  8   | 11   11 11   |     |   8    8   8   |   8   |  3     1   1 |   11 |   8    8   8
  5   |  8    9  8   |     |   5    6   5   |   5   |  1           |    9 |   5    6   5
  3   |  6    6  6   |     |   3    4   3   |   3   |              |    7 |   3    4   3
  1   |  4    4  4   |     |   1    1   1   |   1   |              |    5 |   1    1   1

iii     | vi VI~4 vi   |     | I^2   |    V | I^1
  I iii | IV ii^1 IV   |     |  'I   |   V7 |   I
 12  15 | 15   16 15   |     |  12   |   16 |  15
 10     | 13   13 13   |     |  10   |   14 |  12
        |              |     |   8   |   12 |  10
        |              |     |   5   |      |
  8  12 | 11   11 11   |     |   3   |   11 |   8
  5  10 |  8    9  8   |     |   1   |    9 |   5
  3   5 |  6    6  6   |     |       |    7 |   3
  1   3 |  4    4  4   |     |       |    5 |   1

122. God the Father Be Our Stay (D, 100bpm)
IV~2   vii%7   | VII+ vii-   iii^2 | vii- IV~2   vii- |   vi   | IV~2   vii%7
  ii    vii-   |    V vii-     iii | vii-   ii      V |   'I   |   ii    vii-
  12      13   |   15   15      13 |   15   12     11 |    9   |   12      13
  11      11   |   21   21      12 |   21   11      9 |    8   |   11      11
           9   |   12   11      10 |   11          14 |    6   |            9
          14   |   14   14      14 |   14             |        |           14
   9      11   |   12   11      12 |   11    9     12 |    3   |    9      11
   6       9   |    9    9      10 |    9    6      9 |    1   |    6       9
   4      14   |   14   14      14 |   14    4     14 |        |    4      14
   2       7   |    5    7       3 |    7    2      5 |        |    2       7

VII+ vii-   iii^2 | vii- IV~2   vii- |   vi   |            |  VII vi         vi
   V vii-     iii | vii-   ii      V |   'I   |   vi^1     | vii- 'I       ii^1
  15   15      13 |   15   12     11 |    9   |      9     |    8  9         15
  21   21      12 |   21   11      9 |    8   |            |   14  8         13
  12   11      10 |   11          14 |    6   |            |       6
  14   14      14 |   14             |        |            |
  12   11      12 |   11    9     12 |    3   |      8     |   11  3         11
   9    9      10 |    9    6      9 |    1   |      6     |    9  1          9
  14   14      14 |   14    4     14 |        |      3     |   14             6
   5    7       3 |    7    2      5 |        |      1     |    7             4

vii vii   III~4^2 vi7   |   vii-     | III~4^2 iii^2 vii-   vii     | vi7 vii-     |
iii vii      'III  'I   |   vii-     |    'III III~4  iii   iii     |  'I  iii   I |
 16  15        13  12   |     15     |      13    12   11     9     |  12   11   9 |
 21  21        10  10   |     21     |      10    10   10    14     |  10   10     |
 10   9        14   8   |     11     |      14    14   14           |   8   14     |
 14  14             6   |     14     |                              |   6          |
 12   9        10   3   |     11     |      10    10   12    12     |   3   12   8 |
 10  14        14   1   |      9     |      14    14   10    10     |   1   10   5 |
 14   2         3       |     14     |       3     6   14    14     |       14   3 |
  3   7                 |      7     |             3    3     3     |        3   1 |

OpenHymnal -- Harp Lead Sheets                                                               Page 55
----------------------------------------------------------------------------------------------------
 VII vii     |  VII vii       vii- | vii VII+   III~4^2 vi7   |   vii
vii- iii     | vii- iii       vii- | iii    V     III~4  'I   |   vii   ii^1
   8   9     |    8   9         15 |  16   15        13  12   |    15     12
  14  14     |   14  14         21 |  21   21        10  10   |    21
             |                  11 |  10   12        14   8   |     9
             |                  14 |  14   14             6   |    14
  11  12     |   11  12         11 |  12   12        10   3   |     9     11
   9  10     |    9  10          9 |  10    9        14   1   |    14      9
  14  14     |   14  14         14 |  14   14         6       |     2      6
   7   3     |    7   3          7 |   3    5         3       |     7      4

III~4^2 iii^2       vi     |    V~2   vi |   |            |   vi   vii-      III |   vii-   vi
   'III III~4 I^1   'I     | IV       'I |   |   vi^1     |   'I    iii IV vi7^2 |      V   'I
     13    12  11    9     | 12  11    9 |   |      9     |    9     11 12    11 |     11    9
     10    10        8     |      9    8 |   |            |    8     10       10 |      9    8
     14    14        6     |      6    6 |   |            |    6     14          |     14    6
                           |      5      |   |            |                      |
     10    10  10    3     | 11   2    3 |   |      8     |    3     12 11     8 |     12    3
     14    14   8    1     |  8        1 |   |      6     |    1     10  8     6 |      9    1
      3     6   5          |  6          |   |      3     |          14  6     5 |     14
            3   3          |  4          |   |      1     |           3  4     3 |      5













123. Holy God, We Praise Thy Name (F, 120bpm)
 IV   |      V  IV |   V        V |  IV |     |    V~4 IVM7 |     IVM7 |      V~4 |  IV
'vi   |   IV~2 'vi | IM7 vi^1 IM7 | 'vi |     |   IV~2  'vi |      'vi | IV^2   I | 'vi
  8   |     14   8 |   9   10   9 |   8 |     |      9   10 |       10 |   10   9 |   8
 13   |     12  13 |   8        8 |  13 |     |      8    8 |        8 |        8 |  13
  4   |          4 |  14       14 |   4 |     |     12   13 |       13 |       12 |   4
      |            |  12       12 |     |     |           4 |        4 |          |
  1   |     11   1 |  10    8  10 |   1 |     |     11    1 |        1 |    8  10 |   1
  6   |      8   6 |   8   13   8 |   6 |     |      8    6 |        6 |   13   8 |   6
      |     12     |  14    3  14 |     |     |     12      |          |    4  12 |
      |      4     |   1    1   1 |     |     |      4      |          |    1   1 |

     V  IV |   V        V |  IV | IVM7   |    V~4 IVM7 |     IVM7 |      V~4 |        |     V~4
  IV~2 'vi | IM7 vi^1 IM7 | 'vi |  'vi   |   IV~2  'vi |      'vi | IV^2   I |   vi   |       I
    14   8 |   9   10   9 |   8 |   10   |      9   10 |       10 |   10   9 |   10   |       9
    12  13 |   8        8 |  13 |    8   |      8    8 |        8 |        8 |        |       8
         4 |  14       14 |   4 |   13   |     12   13 |       13 |       12 |        |      12
           |  12       12 |     |    4   |           4 |        4 |          |        |
    11   1 |  10    8  10 |   1 |    1   |     11    1 |        1 |    8  10 |    8   |      10
     8   6 |   8   13   8 |   6 |    6   |      8    6 |        6 |   13   8 |   13   |       8
    12     |  14    3  14 |     |        |     12      |          |    4  12 |    1   |      12
     4     |   1    1   1 |     |        |      4      |          |    1   1 |    6   |       1

OpenHymnal -- Harp Lead Sheets                                                               Page 56
----------------------------------------------------------------------------------------------------
IVM7   IV | v-7 |   IV   |  V7      |          V |  IV
 'vi   ii |   I | vii-   | I~4   ii |   IV^2 IM7 | 'vi
  10   20 |  19 |   20   |  19   10 |     10   9 |   8
   8   11 |  10 |   11   |  11      |          8 |  13
  13      |  12 |        |  12      |         14 |   4
   4      |     |        |          |         12 |
   1    9 |  10 |    9   |   8    9 |      8  10 |   1
   6   13 |   8 |   14   |  12   13 |     13   8 |   6
        4 |  12 |    4   |   4    4 |      4  14 |
        2 |   1 |    7   |   1    2 |      1   1 |

124. Holy, Holy, Holy (D, 110bpm)
        | vi7 IV~2 | vii7     VII+ | IV~2   |  iii   IV~2  iii | vii- VII~4   IV~2
        |  'I   ii |    V      I^2 |   ii   | vi^1     ii vi^1 | vii-   vii     ii
        |  12   12 |   13       13 |   12   |   12     12   12 |   15    15     12
        |  10   11 |   12       12 |   11   |   10     11   10 |   21    21     11
        |   8      |    9        8 |        |                  |   11    10
        |   6      |   14       14 |        |                  |   14    14
        |   3    9 |   12       12 |    9   |    8      9    8 |   11    10      9
        |   1    6 |    9       10 |    6   |    6      6    6 |    9     9      6
        |        4 |   14        8 |    4   |    3      4    3 |   14     3      4
        |        2 |    5        5 |    2   |    1      2    1 |    7     7      2

       vii7 vi7 |   |         | vi7  VI7 IV~2 | vii7     VII+ | IV~2   | vii-         | vii7
  vi^2 III7  'I |   |         |  'I 'iii   ii |    V      I^2 |   ii   | vii- ii^1 IV |    V
    12   13  12 |   |         |  12   12   12 |   13       13 |   12   |   15   12 12 |   13
         10  10 |   |         |  10   10   11 |   12       12 |   11   |   21         |   12
          9   8 |   |         |   8    6      |    9        8 |        |   11         |    9
         14   6 |   |         |   6           |   14       14 |        |   14         |   14
    10   10   3 |   |         |   3    5    9 |   12       12 |    9   |   11   11 11 |   12
     8    9   1 |   |         |   1    3    6 |    9       10 |    6   |    9    9  8 |    9
     6   14     |   |         |             4 |   14        8 |    4   |   14    6  6 |   14
     3    3     |   |         |             2 |    5        5 |    2   |    7    4  4 |    5

vii-   vii     |  VII
   V iii^1     | iv-7
  11     9     |    8
   9    14     |   14
  14           |
               |
  12    12     |   11
   9    10     |    9
  14    14     |   14
   5     5     |    4

125. Isaiah, Mighty Seer, In Days of Old (Eb, 140bpm)
    iii |   iii     |        |       |       iii | vi   vii   |       |         |
        |           | vi     |       |           | vi 'vii-   |       |         | vi    I
     10 |    10     | 20     |       |        10 |  9     9   |       |         | 20   10
     14 |    14     | 13     |       |        14 |  8    14   |       |         | 13
      5 |     5     |        |       |         5 | 13         |       |         |
      3 |     3     |        |       |         3 |            |       |         |
      7 |     7     | 10     |       |         7 | 10     4   |       |         | 10    8
        |           |  8     |       |           |  8     2   |       |         |  8    5
        |           | 13     |       |           | 13     7   |       |         | 13    3
        |           |  6     |       |           |  6         |       |         |  6    1

OpenHymnal -- Harp Lead Sheets                                                               Page 57
----------------------------------------------------------------------------------------------------
iii     | iii        | vi   vii   |      V ii-7 | iii       | iii     |          | V~2
        |        I   | vi 'vii-   |   'vii      |           |         |     vii- |   I
 10     |  10   10   |  9     9   |     10    9 |  10       |  10     |       21 |  20
 14     |  14        |  8    14   |      9   14 |  14       |  14     |          |  12
  5     |   5        | 13         |     14    4 |   5       |   5     |          |
  3     |   3        |            |      5    2 |   3       |   3     |          |
  7     |   7    8   | 10     4   |      2    7 |   7       |   7     |       11 |  10
        |        5   |  8     2   |      7      |           |         |        9 |   8
        |        3   | 13     7   |             |           |         |       14 |   5
        |        1   |  6         |             |           |         |        7 |   1

    iii |   vii iii   |          |           |       | iii       | iii   vii   |
        | 'vii-       |     vi   | vi vii-   |       |           |     'vii-   |  I
     10 |     9  10   |     20   | 20   21   |       |  10       |  10     9   | 10
     14 |    14  14   |     13   | 13        |       |  14       |  14    14   |
      5 |         5   |          |           |       |   5       |   5         |
      3 |         3   |          |           |       |   3       |   3         |
      7 |     4   7   |     10   | 10   11   |       |   7       |   7     4   |  8
        |     2       |      8   |  8    9   |       |           |         2   |  5
        |     7       |     13   | 13   14   |       |           |         7   |  3
        |             |      6   |  6    7   |       |           |             |  1

       V~2 |      VI+   |         | ii7^2 iv-7     |           |         |              |     iii
vi       I | vii-  IV   |    V vi |    IV vii-     | vi vii-   |    V vi |   vi^1 vii   |
20      20 |   21  20   |   21 20 |    16   16     | 20   21   |   21 20 |     20  21   |      10
13      12 |       11   |      13 |    15   21     | 13        |      13 |     13       |      14
           |       13   |         |    11   11     |           |         |              |       5
           |            |         |    13          |           |         |              |       3
10      10 |   11  11   |   12 10 |    11    9     | 10   11   |   12 10 |     10   9   |       7
 8       8 |    9   8   |    9  8 |     8   14     |  8    9   |    9  8 |      8  14   |
13       5 |   14  13   |   14 13 |    13    4     | 13   14   |   14 13 |     13   2   |
 6       1 |    7   4   |    5  6 |     4    7     |  6    7   |    5  6 |      1   7   |

        |              |     iii |         |              |     iii |        |       iii
   V vi |   vi^1 vii   |         |    V vi |   vi^1 vii   |         | vi     |
  21 20 |     20  21   |      10 |   21 20 |     20  21   |      10 | 20     |        10
     13 |     13       |      14 |      13 |     13       |      14 | 13     |        14
        |              |       5 |         |              |       5 |        |         5
        |              |       3 |         |              |       3 |        |         3
  12 10 |     10   9   |       7 |   12 10 |     10   9   |       7 | 10     |         7
   9  8 |      8  14   |         |    9  8 |      8  14   |         |  8     |
  14 13 |     13   2   |         |   14 13 |     13   2   |         | 13     |
   5  6 |      1   7   |         |    5  6 |      1   7   |         |  6     |

vi   vii   |       | iii     V~2 | VI+     |     iii |   VI~4 iii   vi |
vi 'vii-   |       |         I^1 |  IV     |         |   ii^1     IV^1 |
 9     9   |       |  10      20 |  20     |      10 |      9  10    9 |
 8    14   |       |  14      12 |  11     |      14 |     13  14    8 |
13         |       |   5         |  13     |       5 |          5   13 |
           |       |   3         |         |       3 |          3      |
10     4   |       |   7      10 |  11     |       7 |     11   7   11 |
 8     2   |       |           8 |   8     |         |      9        8 |
13     7   |       |           5 |  13     |         |     13        4 |
 6         |       |           3 |   4     |         |      4        6 |

OpenHymnal -- Harp Lead Sheets                                                               Page 58
----------------------------------------------------------------------------------------------------
126. We All Believe in One True God (C, 120bpm)
                 ii          V~2       | IV  VI~4 vii      V    I^1
  II7 I^1 IV  I ii7 II~2               | ii 'II~2   V vi iii IV   I IV
   13  12 13 10  11   10      10       | 13    13  16 15  14 13  15 13
                  9            9       | 11    10  14     12     12
                               6       |        9                10
                               5       |        6
    9  10 11  8   8    9       2       |  9     3  12 13  10 11   8 11
    8   8  8  5   6    6               |  6     2   9 10   7  8   5  8
    6   5  6  3   4    3               |  4         7  8   5  6   3  6
    2   3  4  1   2    2               |  2         5  6   3  4   1  4

     vi  ii               |            IV^1          |   vii   I VI~4 I^1   VI~4 ii^1
VI~4 IV ii7   II~2 ii     |   vi^1     'I~4  I       |     V I^2  V~2   I    V~2   ii
  14 15  13     10 11     |     10       11 10       |    16  17   16  17     16   16
     13  11               |               8          |    14  15   13  15     13   13
          9               |               6          |                 12          11
                          |                          |                 10
  13 11   8      9  9     |      8        4  8       |    12  12   12   8     12    9
  10  8   6      6  6     |      6        1  5       |     9  10    9   5      9    6
   9  6   4      3  4     |      3           3       |     7   8    6   3      6    4
   6  4   2      2  2     |      1           1       |     5   5    5   1      5    2

I^1          IV           |    iii     iv-      V      vi |   V V~4 ii^1    iii vi
  I  V vi IV ii   ii II~2 | IV   I IV ii-7 vi iii IV   'I | iii I^1   ii IV   I 'I  I ii  I
 17 14 15 13 13   11   10 | 13  12 13   14 15  14 13   13 |  14  15   16 13  12 13 10 11 10
 15          11           |     10      11     12      10 |  12  12   13     10 10
 12                       |                             8 |           11         8
 10                       |                             6 |                      6
  8 12 13 11  9    9    9 | 11   8 11    9 13  10 11    3 |  10  10    9 11   8  3  8  9  8
  5  9 10  8  6    6    6 |  8   5  8    7 10   7  8    1 |   7   8    6  8   5  1  5  6  5
  3  7  8  6  4    4    3 |  6   3  6    4  8   5  6      |   5   5    4  6   3     3  4  3
  1  5  6  4  2    2    2 |  4   1  4    2  6   3  4      |   3   3    2  4   1     1  2  1

vi7                  V7   |    iii     iv- I^1   V    iii      |          IV^1
 'I IV^2 II~4       'ii   | ii   I IV ii-7   I iii IV   I ii   |    I     'I~4  I
 12   11   10        11   | 11  12 13   14  15  14 13  12 11   |   10       11 10
 10                   9   |     10      11  12  12     10      |             8
  8                   5   |                 10                 |             6
  6                       |                                    |
  5    8    9         4   |  9   8 11    9   8  10 11   8  9   |    8        4  8
  3    6    6         2   |  6   5  8    7   5   7  8   5  6   |    5        1  5
  1    4    5             |  4   3  6    4   3   5  6   3  4   |    3           3
       1    2             |  2   1  4    2   1   3  4   1  2   |    1           1

127. A Mighty Fortress Is Our God (D, 110bpm)
IV |   vi IV  iii III~4^2   | vii-   III~4^2 vi7 vii- |   vii7 IV~2 vii%7 | vii-   vi   IV
ii | ii^1 ii vi^1   VII~4   | vii-      'III  'I vii- |      V   ii  vii- |  iii   'I   ii
15 |   15 15   12      13   |   15        13  12   15 |     13   12    13 |   11    9   15
13 |   13 13   10      10   |   21        10  10   21 |     12   11    11 |   10    8   13
11 |      11           14   |   11        14   8   11 |      9          9 |   14    6   11
   |                        |   14             6   14 |     14         14 |
 9 |   11  9    8      10   |   11        10   3   11 |     12    9    11 |   12    3    9
 6 |    9  6    6      14   |    9        14   1    9 |      9    6     9 |   10    1    6
 4 |    6  4    3       3   |   14         3       14 |     14    4    14 |   14         4
 2 |    4  2    1       7   |    7                  7 |      5    2     7 |    3         2

OpenHymnal -- Harp Lead Sheets                                                               Page 59
----------------------------------------------------------------------------------------------------
  vi IV  iii III~4^2   | vii-   III~4^2 vi7 vii- |   vii7 IV~2 vii%7 | vii-   vi
ii^1 ii vi^1   VII~4   | vii-      'III  'I vii- |      V   ii  vii- |  iii   'I
  15 15   12      13   |   15        13  12   15 |     13   12    13 |   11    9
  13 13   10      10   |   21        10  10   21 |     12   11    11 |   10    8
     11           14   |   11        14   8   11 |      9          9 |   14    6
                       |   14             6   14 |     14         14 |
  11  9    8      10   |   11        10   3   11 |     12    9    11 |   12    3
   9  6    6      14   |    9        14   1    9 |      9    6     9 |   10    1
   6  4    3       3   |   14         3       14 |     14    4    14 |   14
   4  2    1       7   |    7                  7 |      5    2     7 |    3

   iii vii%7   | vi7  VII  iii IV~2 | vii7   IV   | vii-   IV III~4^2 | vi7 vii7 vii7 IV~2
  vi^1  vii-   |  'I vii- vi^1   ii |    V   ii   | vii-   ii    'III |  'I    V  V^1   ii
    12    13   |  12    8   12   12 |   13   15   |   15   13      13 |  12   13   13   12
    10    11   |  10   14   10   11 |   12   13   |   21   11      10 |  10   12   12   11
           9   |   8                |    9   11   |   11           14 |   8    9    9
          14   |   6                |   14        |   14              |   6   14   14
     8    11   |   3   11    8    9 |   12    9   |   11    9      10 |   3   12   12    9
     6     9   |   1    9    6    6 |    9    6   |    9    6      14 |   1    9    9    6
     3    14   |       14    3    4 |   14    4   |   14    4       3 |       14    5    4
     1     7   |        7    1    2 |    5    2   |    7    2         |        5    7    2

VII+ vii-   vii- |   vii7 IV~2 VII+ | vii-   vi
VII+  iii   vii- |      V   ii VII+ |  iii   'I
  13   11     15 |     13   12   13 |   11    9
  12   10     21 |     12   11   12 |   10    8
  14   14     11 |      9        14 |   14    6
              14 |     14           |
  12   12     11 |     12    9   12 |   12    3
  14   10      9 |      9    6   14 |   10    1
   5   14     14 |     14    4    5 |   14
   7    3      7 |      5    2    7 |    3

128. A Mighty Fortress Is Our God (D, 160bpm)
    vii-    vii%7 IV   III~4^2   | vii-   vii7 IV~2 III~4^2       vi
    vii- IV  ii-7 ii     III~4   | iv-7      V   ii    'III I^1   'I
      15 12    13 15        13   |   15     13   12      13  11    9
      21       11 13        10   |   21     12   11      10        8
      11        9 11        14   |   11      9           14        6
      14       14                |   14     14
      11 11    11  9        10   |   11     12    9      10  10    3
       9  8     9  6        14   |    9      9    6      14   8    1
      14  6    14  4         6   |   14     14    4       3   5
       7  4     2  2         3   |    4      5    2           3

    vii-    vii%7 IV   III~4^2   | vii-   vii7 IV~2 III~4^2       vi
    vii- IV  ii-7 ii     III~4   | iv-7      V   ii    'III I^1   'I
      15 12    13 15        13   |   15     13   12      13  11    9
      21       11 13        10   |   21     12   11      10        8
      11        9 11        14   |   11      9           14        6
      14       14                |   14     14
      11 11    11  9        10   |   11     12    9      10  10    3
       9  8     9  6        14   |    9      9    6      14   8    1
      14  6    14  4         6   |   14     14    4       3   5
       7  4     2  2         3   |    4      5    2           3

OpenHymnal -- Harp Lead Sheets                                                               Page 60
----------------------------------------------------------------------------------------------------
 VII   vii-  vii- vii%7  iii     |    iii vii%7   IV |   I~2^1   III~4^2
vii-     ii vii%7  vii- vi^1     |   vi^1  vii-   ii |     I~2      VI~2 IV
   8     11    12    13   12     |     12    13   15 |      15        13 12
  14      9    11    11   10     |     10    11   13 |      12        10
         14    14     9          |            9   11 |       9        14
                7    14          |           14      |
  11     11     6    11    8     |      8    11    9 |       8        13 11
   9      9     4     9    6     |      6     9    6 |       5        10  8
  14      5     2    14    3     |      3    14    4 |       2        14  6
   7      2     7     7    1     |      1     7    2 |       1         6  4

vii7   IV~2 vii7 vi7   | vii-   vii7 IV~2 III~4^2 vii-   vi
   V     ii    V  'I   | iv-7      V   ii    'III  iii   'I
  13     12   13  12   |   15     13   12      13   11    9
  12     11   12  10   |   21     12   11      10   10    8
   9           9   8   |   11      9           14   14    6
  14          14   6   |   14     14
  12      9   12   3   |   11     12    9      10   12    3
   9      6    9   1   |    9      9    6      14   10    1
  14      4   14       |   14     14    4       3   14
   5      2    5       |    4      5    2            3

129. If God Had Not Been on Our Side (A, 120bpm)
    ii7 |   vii    V   |   vii  V | vi^2     vii   |  iii7  IV III7 vi^2 |     ii7 |   vii    V
    'IV | 'vii-   'V   | 'vii- 'V | vi^1   'vii-   | iii^1 'vi iii7   vi |     'IV | 'vii-   'V
      8 |     9    9   |     9  9 |    8       9   |     9   8    9    8 |       8 |     9    9
     13 |    14   14   |    14 14 |   13      14   |    14  13   14   13 |      13 |    14   14
     11 |         12   |       12 |   10           |    12  11   10   10 |      11 |         12
      2 |              |          |                |    10        3      |       2 |
      6 |    11    2   |    11  2 |    8      11   |    14   1    2    8 |       6 |    11    2
      4 |     2    7   |     2  7 |   13       2   |    12   6    7   13 |       4 |     2    7
        |     7    5   |     7  5 |   10       7   |    10        5   10 |         |     7    5
        |              |          |    1           |     5        3    6 |         |

  vii  V | vi^2     vii   |  iii7  IV III7 vi^2 | III~4    V |    IV   vii vi^2 |
'vii- 'V | vi^1   'vii-   | iii^1 'vi iii7   vi |  VI~2   'V |   'IV 'vii- vi^1 |
    9  9 |    8       9   |     9   8    9    8 |     9    9 |     8     9    8 |
   14 14 |   13      14   |    14  13   14   13 |    14   14 |    13    14   13 |
      12 |   10           |    12  11   10   10 |    13   12 |    11         10 |
         |                |    10        3      |    10      |                  |
   11  2 |    8      11   |    14   1    2    8 |    14    2 |     1    11    8 |
    2  7 |   13       2   |    12   6    7   13 |    13    7 |     6     2   13 |
    7  5 |   10       7   |    10        5   10 |    10    5 |     4     7   10 |
         |    1           |     5        3    6 |     6      |                1 |

iii7 vi^2   vii   | ii7   iii |      V |    IV       |
 iii vi^1 'vii-   | 'IV    vi |     'V |   'IV       |
   9    8     9   |   8    12 |      9 |     8       |
  14   13    14   |  13    10 |     14 |    13       |
  12   10         |  11       |     12 |    11       |
  10              |   2       |        |             |
  12    8    11   |   6     8 |      2 |     1       |
  10   13     2   |   4    13 |      7 |     6       |
   7   10     7   |        10 |      5 |     4       |
   3    1         |         6 |        |             |

OpenHymnal -- Harp Lead Sheets                                                               Page 61
----------------------------------------------------------------------------------------------------
130. If God Had Not Been on Our Side (C, 120bpm)
       |           |     IV    | I^1 VI~4   vi   | vi |        |           |     IV
    IV |  I   ii   |     ii  V |   I ii^1 vi^2   | 'I |     IV |  I   ii   |     ii  V
    13 | 10   11   |     13 14 |  15   16   15   | 13 |     13 | 10   11   |     13 14
       |           |     11    |  12   13   13   | 10 |        |           |     11
       |           |           |  10             |  8 |        |           |
       |           |           |                 |  6 |        |           |
    11 |  8    9   |      9 12 |   8   11   10   |  3 |     11 |  8    9   |      9 12
     8 |  5    6   |      6  9 |   5    9    8   |  1 |      8 |  5    6   |      6  9
     6 |  3    4   |      4  7 |   3    6    6   |    |      6 |  3    4   |      4  7
     4 |  1    2   |      2  5 |   1    4    3   |    |      4 |  1    2   |      2  5

I^1 VI~4   vi   | vi vii7      vii |      V I^1   |  V     V~4    | vi           |        V
  I ii^1 vi^2   | 'I  'II vii-   V | vi iii   I   |    iii I^1  V | 'I iii IV ii |
 15   16   15   | 13   13   16  16 | 15  14  15   | 12  12  15 14 | 13  12 13 11 |       12
 12   13   13   | 10    9       14 |     12  12   |  9      12    | 10           |        9
 10             |  8    7          |         10   |  7            |  8           |        7
                |  6               |              |  5            |  6           |        5
  8   11   10   |  3    6   14  12 | 13  10   8   |  2  10  10 12 |  3  10 11  9 |        2
  5    9    8   |  1    2   11   9 | 10   7   5   |      7   8  9 |  1   7  8  6 |
  3    6    6   |            9   7 |  8   5   3   |      5   5  7 |      5  6  4 |
  1    4    3   |            7   5 |  6   3   1   |      3   3  5 |      3  4  2 |

          |
ii^1 ii   |
  13 11   |
          |
          |
          |
  11  9   |
   9  6   |
   6  4   |
   4  2   |

131. Look Down, O Lord, From Heaven Behold (F, 100bpm)
II~2 |         V   |  V   II~2    |   II~2  V    |   II~2  V   |         V   |  V   II~2
     |   VI~4  V   |  V        'I |         V 'I |         V   |   VI~4  V   |  V        'I
  10 |     10  9   | 20     10 19 |     10  9 19 |     10  9   |     10  9   | 20     10 19
   9 |        14   | 19      9 12 |      9 14 12 |      9 14   |        14   | 19      9 12
  13 |        12   | 14     13    |     13 12    |     13 12   |        12   | 14     13
   2 |             | 12      2    |      2       |      2      |             | 12      2
   6 |      9  9   |  9      6  8 |      6 14  8 |      6  9   |      9  9   |  9      6  8
     |     13 14   | 14        12 |        12 12 |        14   |     13 14   | 14        12
     |      2 12   | 12         1 |         7  1 |        12   |      2 12   | 12         1
     |      6  5   |  5           |         5    |         5   |      6  5   |  5

  II~2  V    |   II~2  V V~4 | IVM7 ii7 VI~2   | ii7   V   ii7 | V~4   IVM7   |  V    V
        V 'I |         V   I |  'vi      'vi   |     V^1       |   I    'vi   |  V    V
    10  9 19 |     10  9   9 |   10   8   14   |   8   9     8 |   9     10   |  9    9
     9 14 12 |      9 14   8 |    8  13   13   |  13  14    13 |   8      8   | 14   14
    13 12    |     13 12  12 |   13   4        |   4  12     4 |  12     13   | 12   12
     2       |      2        |    4   2        |   2         2 |          4   |
     6 14  8 |      6  9  10 |    1   6    3   |   6   9     6 |  10      1   | 14    9
       12 12 |        14   8 |    6        1   |      14       |   8      6   | 12   14
        7  1 |        12  12 |             6   |      12       |  12          |  7   12
        5    |         5   1 |                 |       7       |   1          |  5    5

OpenHymnal -- Harp Lead Sheets                                                               Page 62
----------------------------------------------------------------------------------------------------
            IV |      II~2
VI~4   IV vii- | IV
  20   19   20 | 19     10
            11 |         9
               |        13
               |         2
   9   11    9 | 11      6
  13    8   14 |  8
   2   13    4 | 13
   6    4    7 |  4

132. Look Down, O Lord, From Heaven Behold (D, 110bpm)
IV~2 |      iii IV~2   | vii7 IV~2 vii-   |   VII     |    III~4^2 vi7 IV~2 |      iii IV~2
  ii | ii^1   I   ii   |  V^1   ii  iii   |     V     | IV    'III  'I   ii | ii^1   I   ii
  12 |   12  12   12   |   13   12   11   |     8     | 12      13  12   12 |   12  12   12
  11 |       10   11   |   12   11   10   |    14     |         10  10   11 |       10   11
     |                 |    9        14   |           |         14   8      |
     |                 |   14             |           |              6      |
   9 |   11   8    9   |   12    9   12   |    12     | 11      10   3    9 |   11   8    9
   6 |    9   5    6   |    9    6   10   |     9     |  8      14   1    6 |    9   5    6
   4 |    6   3    4   |    5    4   14   |    14     |  6       3        4 |    6   3    4
   2 |    4   1    2   |    7    2    3   |     5     |  4                2 |    4   1    2

vii7 IV~2 vii-   |   VII     |    III~4^2 vi7 IV~2 |   vi   III~4^2   |   VII III~4^2 vi7
 V^1   ii  iii   |     V     | IV    'III  'I   ii | ii^1      'III   | vii%7    'III  'I
  13   12   11   |     8     | 12      13  12   12 |   15        13   |    15      13  12
  12   11   10   |    14     |         10  10   11 |   13        10   |    21      10  10
   9        14   |           |         14   8      |             14   |    14      14   8
  14             |           |              6      |                  |     7           6
  12    9   12   |    12     | 11      10   3    9 |   11        10   |     6      10   3
   9    6   10   |     9     |  8      14   1    6 |    9        14   |     4      14   1
   5    4   14   |    14     |  6       3        4 |    6         3   |     2       3
   7    2    3   |     5     |  4                2 |    4             |     7

  vi IV~2 vii7   | vi7 vii-     | vi vii-   vi |  VII vi
ii^1   ii    V   |  'I  iii     | 'I    V   'I | vii- 'I
  15   12   13   |  12   11     |  9   11    9 |    8  9
  13   11   12   |  10   10     |  8    9    8 |   14  8
             9   |   8   14     |  6   14    6 |       6
            14   |   6          |              |
  11    9   12   |   3   12     |  3   12    3 |   11  5
   9    6    9   |   1   10     |  1    9    1 |    9  3
   6    4   14   |       14     |      14      |   14  1
   4    2    5   |        3     |       5      |    7

133. Lord, Keep Us Steadfast in Thy Word (G, 150bpm)
  |     IV~2     VII   |     |  vi ii^1 II~2    vi ii^1 | II~2 II~2 | III II~2 IV iii      ii^1
  |     vii-   iii^1   |     | 'vi   ii    V   'vi   ii |    V    V |   I    V ii  'V vi^1   ii
  |       12       8   |     |   9    9   10     9    9 |   10   10 |  18   10 19  10    9    9
  |       11      14   |     |   8   13    9     8   13 |    9    9 |  10    9 18  14        13
  |                    |     |  13   11         13   11 |           |          13  12        11
  |                    |     |                          |           |          11   3
  |        9      12   |     |   3    9   14     3    9 |   14   14 |   8   14  9   7    8    9
  |       14       3   |     |   1   13   12     1   13 |   12   12 |  12   12 13   5   13   13
  |       11       7   |     |   6   11    7     6   11 |    7    7 |   3    7 11        3   11
  |        7       5   |     |        2    5          2 |    5    5 |   1    5  2        1    2

OpenHymnal -- Harp Lead Sheets                                                               Page 63
----------------------------------------------------------------------------------------------------
 V   |    vi    V       |
'V   |   'vi 'vii       |
 8   |     9    8       |
14   |     8   14       |
12   |    13   12       |
     |                  |
 2   |     3    2       |
 7   |     1    7       |
 5   |     6            |
     |                  |

134. The Mouth of Fools Doth God Confess (G, 120bpm)
 V     | IV~2 iii ii^1 II~2 |     | iii      iv-7 III | ii^1  V |  V     | IV~2 iii ii^1 II~2
'V     | vii-  'V   ii    V |     |  'V vi^1 vii-  vi |   ii 'V | 'V     | vii-  'V   ii    V
 8     |   12   8    9   10 |     |   8    9   10  18 |    9  8 |  8     |   12   8    9   10
14     |   11  14   13    9 |     |  14         9  10 |   13 14 | 14     |   11  14   13    9
12     |       12   11      |     |  12        14     |   11 12 | 12     |       12   11
       |        3           |     |   3        11     |         |        |        3
 2     |    9   7    9   14 |     |   7    8    9   8 |    9  2 |  2     |    9   7    9   14
 7     |   14   5   13   12 |     |   5   13   14  13 |   13  7 |  7     |   14   5   13   12
 5     |   11       11    7 |     |        3   11   3 |   11  5 |  5     |   11       11    7
       |    7        2    5 |     |        1    7   6 |    2    |        |    7        2    5

    | iii      iv-7 III | ii^1  V |       | iii   IV~2   | IV~2   | iii      iv-7 III
    |  'V vi^1 vii-  vi |   ii 'V |       |  'V   vii-   |   ii   |  'V vi^1 vii-  vi
    |   8    9   10  18 |    9  8 |       |   8     12   |   12   |   8    9   10  18
    |  14         9  10 |   13 14 |       |  14     11   |   11   |  14         9  10
    |  12        14     |   11 12 |       |  12          |        |  12        14
    |   3        11     |         |       |   3          |        |   3        11
    |   7    8    9   8 |    9  2 |       |   7      9   |    9   |   7    8    9   8
    |   5   13   14  13 |   13  7 |       |   5     14   |   13   |   5   13   14  13
    |        3   11   3 |   11  5 |       |         11   |   11   |        3   11   3
    |        1    7   6 |    2    |       |          7   |    2   |        1    7   6

iii  vi II~2 | iii7  VI~2 III |   IV II~2      iii ii^1 |  V
 'V 'vi    V |   'V 'VI~2   I | ii^1    V vi^1  'V   ii | 'V
 10   9   10 |    9    10  18 |   19   10    9   8    9 |  8
 14   8    9 |   14    14  10 |   18    9       14   13 | 14
 12  13      |   12    13     |   13            12   11 | 12
  3          |    3           |   11             3      |
  7   3   14 |    7     3   8 |    9   14    8   7    9 |  2
  5   1   12 |    5     7  12 |   13   12   13   5   13 |  7
      6    7 |          6   3 |    2    7    3       11 |  5
           5 |              1 |    4    5    1        2 |

135. All Who Believe and Are Baptized (Eb, 100bpm)
  |         |          |     iii   |   VI+     |         |          |     iii   |   VI+
  |         | vi       |           |    IV     |         | vi       |           |    IV
  |         | 20       |      10   |    20     |         | 20       |      10   |    20
  |         | 13       |      14   |    11     |         | 13       |      14   |    11
  |         |          |       5   |    13     |         |          |       5   |    13
  |         |          |       3   |           |         |          |       3   |
  |         | 10       |       7   |    11     |         | 10       |       7   |    11
  |         |  8       |           |     8     |         |  8       |           |     8
  |         | 13       |           |    13     |         | 13       |           |    13
  |         |  6       |           |     4     |         |  6       |           |     4

OpenHymnal -- Harp Lead Sheets                                                               Page 64
----------------------------------------------------------------------------------------------------
         |          |         | iii   iii   | VI~4   iii   vi |     vii
    vi   |   vi     |         |             |  VI+       IV^1 |   'vii-
    20   |   20     |         |  10    10   |    9    10    9 |       9
    13   |   13     |         |  14    14   |   13    14    8 |      14
         |          |         |   5     5   |          5   13 |
         |          |         |   3     3   |          3      |
    10   |   10     |         |   7     7   |   11     7   11 |       4
     8   |    8     |         |             |   13          8 |       2
    13   |   13     |         |             |    4          4 |       7
     6   |    6     |         |             |    6          6 |

136. Baptized Into Thy Name Most Holy (F, 140bpm)
 IV     | V~4 IV~2 |   IVM7 | V~4  IV | V~4   V V~4 | IVM7 v-7 |      | v-7 |  IV     | V~4 IV~2
'vi     |   I IV^1 |    'vi |   I 'vi |   I V^1   I |  'vi I^1 | IV   |   I | 'vi     |   I IV^1
  8     |   9   19 |     10 |   9   8 |   9   9   9 |   10  19 | 19   |  19 |   8     |   9   19
 13     |   8   11 |      8 |   8  13 |   8  14   8 |    8  10 |      |  10 |  13     |   8   11
  4     |  12      |     13 |  12   4 |  12  12  12 |   13  12 |      |  12 |   4     |  12
        |          |      4 |         |             |    4     |      |     |         |
  1     |  10    8 |      1 |  10   1 |  10   9  10 |    1  10 | 11   |  10 |   1     |  10    8
  6     |   8   13 |      6 |   8   6 |   8  14   8 |    6   8 |  8   |   8 |   6     |   8   13
        |  12    4 |        |  12     |  12  12  12 |       12 | 13   |  12 |         |  12    4
        |   1    6 |        |   1     |   1   7   1 |        3 |  4   |   1 |         |   1    6

  IVM7 | V~4  IV | V~4   V V~4 | IVM7 v-7 |      | v-7 |    V V~4 | IVM7 ii7 |   IVM7 | V~4
   'vi |   I 'vi |   I V^1   I |  'vi I^1 | IV   |   I |   ii I^1 |  'vi     |    'vi |   I
    10 |   9   8 |   9   9   9 |   10  19 | 19   |  19 |    9   9 |   10   8 |     10 |   9
     8 |   8  13 |   8  14   8 |    8  10 |      |  10 |   14   8 |    8  13 |      8 |   8
    13 |  12   4 |  12  12  12 |   13  12 |      |  12 |   12  12 |   13   4 |     13 |  12
     4 |         |             |    4     |      |     |          |    4   2 |      4 |
     1 |  10   1 |  10   9  10 |    1  10 | 11   |  10 |   11  10 |    1   6 |      1 |  10
     6 |   8   6 |   8  14   8 |    6   8 |  8   |   8 |    9   8 |    6     |      6 |   8
       |  12     |  12  12  12 |       12 | 13   |  12 |   12  12 |          |        |  12
       |   1     |   1   7   1 |        3 |  4   |   1 |    2   3 |          |        |   1

         |    vi |   vii V~4 |  IV
I~2   IV |   'vi | 'vii- I~4 | 'vi
 19   19 |    10 |     9   9 |   8
 12      |     8 |    14   8 |  13
         |    13 |        12 |   4
         |       |           |
  9   11 |     3 |     4   8 |   1
  8    8 |     1 |     2  12 |   6
 12   13 |     6 |     7   4 |
  1    4 |       |         1 |

138. You People Who Now Are Baptized (G, 130bpm)
iii  V~4   | ii^1 iii      ii^1 | II~2 iii | II~2       IV II~2 | II~4  V | iii  V~4
 'V 'V~4   |   ii  'V vi^1   ii |    V  'V |    V I^1 ii^1    V | 'V~2 'V |  'V 'V~4
  8    8   |    9   8    9    9 |   10   8 |   10  18   19   10 |    9  8 |   8    8
 14   12   |   13  14        13 |    9  14 |    9       18    9 |   13 14 |  14   12
 12        |   11  12        11 |       12 |            13      |   12 12 |  12
  3        |        3           |        3 |            11      |    2    |   3
  7    2   |    9   7    8    9 |   14   7 |   14  10    9   14 |    6  2 |   7    2
  5    1   |   13   5   13   13 |   12   5 |   12   8   13   12 |    5  7 |   5    1
       5   |   11        3   11 |    7     |    7  12    2    7 |       5 |        5
           |    2        1    2 |    5     |    5   3    4    5 |         |

OpenHymnal -- Harp Lead Sheets                                                               Page 65
----------------------------------------------------------------------------------------------------
ii^1 iii      ii^1 | II~2 iii | II~2       IV II~2 | II~4  V | iii IVM7 IV |     iii   |
  ii  'V vi^1   ii |    V  'V |    V I^1 ii^1    V | 'V~2 'V |  'V 'VI+ IV |      'V   |
   9   8    9    9 |   10   8 |   10  18   19   10 |    9  8 |  10   10  9 |       8   |
  13  14        13 |    9  14 |    9       18    9 |   13 14 |  14   13  8 |      14   |
  11  12        11 |       12 |            13      |   12 12 |  12   11 13 |      12   |
       3           |        3 |            11      |    2    |   3      11 |       3   |
   9   7    8    9 |   14   7 |   14  10    9   14 |    6  2 |   7   13  8 |       7   |
  13   5   13   13 |   12   5 |   12   8   13   12 |    5  7 |   5   11 13 |       5   |
  11        3   11 |    7     |    7  12    2    7 |       5 |        6 11 |           |
   2        1    2 |    5     |    5   3    4    5 |         |           4 |           |

 V    V   | iii        | iii II~2 III |   IV II~2 ii^1 |  V
'V   'V   |  'V vi^1   |  'V    V  vi | ii^1    V   ii | 'V
 8    8   |   8    9   |   8   10  18 |   19   10    9 |  8
14   14   |  14        |  14    9  10 |   18    9   13 | 14
12   12   |  12        |  12          |   13        11 | 12
          |   3        |   3          |   11           |
 2    2   |   7    8   |   7   14   8 |    9   14    9 |  2
 7    7   |   5   13   |   5   12  13 |   13   12   13 |  7
 5    5   |        3   |        7   3 |    2    7   11 |  5
          |        1   |        5   6 |    4    5    2 |

139. Have Mercy On Me, O My God (Bb, 100bpm)
II~2     |     ii V~2 V~2 |  II ii |  II VI~2 ii   |  II II~2     |     ii II~4 V~2 |  II ii
  ii     |   ii^1 iii I^1 | 'II ii | 'II      ii   | 'II   ii     |   ii^1  iii I^1 | 'II ii
  10     |     12  13  13 |  14 14 |  14   14 14   |  14   10     |     12   13  13 |  14 14
   9     |     11  12  12 |  13 13 |  13   13 13   |  13    9     |     11   12  12 |  13 13
         |      9         |   9 11 |   9   10 11   |   9          |      9   10     |   9 11
         |                |      9 |        6  9   |              |           9     |      9
  11     |     13  10  10 |   9 11 |   9    3 11   |   9   11     |     13   12  10 |   9 11
   9     |     11   7   1 |   6  9 |   6       9   |   6    9     |     11   10   1 |   6  9
   6     |      9   5   5 |   2  6 |   2       6   |   2    6     |      9    7   5 |   2  6
   2     |      4   3   3 |      2 |           2   |        2     |      4    3   3 |      2

 II ii     |  II ii |          II~2  IV |     ii   | II~4 II~2     | II~2 II~4
'II ii     | 'II ii |     vi^1  vii 'IV |     ii   |    V  V^1     |    V    V
 14 14     |  14 14 |       16   17  16 |     14   |   13   10     |   10   13
 13 13     |  13 13 |            16   8 |     13   |   12    9     |    9   12
  9 11     |   9 11 |                13 |     11   |    9          |         9
     9     |      9 |                11 |      9   |               |
  9 11     |   9 11 |        8   16   1 |     11   |   14   14     |   14   14
  6  9     |   6  9 |       13   14   6 |      9   |   12   12     |   12   12
  2  6     |   2  6 |       10    9   4 |      6   |    9    9     |    9    9
     2     |      2 |        1    7     |      2   |    5    7     |    5    5

  V7^2         ii   | II~4         II~2   |       II~2   | II~2
    V7 iii^1 vii-   |    V III~4   vii-   |   I^1    V   |  'II
    14    13   12   |   13    12     10   |     9   10   |   10
    12         11   |   12            9   |          9   |    9
    11          9   |    9                |              |
     9              |                     |              |
    14    12   14   |   14    10     14   |     8   14   |    9
    12    10   11   |   12     7     11   |    12   12   |    6
    11     7    9   |    9     6      9   |     1    9   |    2
     5     5    7   |    5     3      7   |     3    5   |

OpenHymnal -- Harp Lead Sheets                                                               Page 66
----------------------------------------------------------------------------------------------------
140. Jesus Sinners Doth Receive (G, 120bpm)
 V        V |      V |     ii^1  V | III II~2 II~4  V |  V        V |      V |     ii^1  V
'V     'vii |     'V |     ii^1 'V |  vi    V 'V~2 'V | 'V     'vii |     'V |     ii^1 'V
 8        8 |      8 |        9 19 |  18   10    9  8 |  8        8 |      8 |        9 19
14       14 |     14 |       13 14 |  10    9   13 14 | 14       14 |     14 |       13 14
12       12 |     12 |       11 12 |            12 12 | 12       12 |     12 |       11 12
            |        |             |             2    |             |        |
 2        2 |      2 |        9  2 |   8   14    6  2 |  2        2 |      2 |        9  2
 7        7 |      7 |       13  7 |  13   12    5  7 |  7        7 |      7 |       13  7
 5          |      5 |        2  5 |   3    7       5 |  5          |      5 |        2  5
            |        |        4    |   6    5         |             |        |        4

III II~2 II~4  V | II~2 ii^1 iii ii^1 | II~2     ii^1 | II~2   III     |    ii^1  V
 vi    V 'V~2 'V |    V ii^1  'V ii^1 |    V V^1   ii |    V    vi V^1 |  I   ii 'V
 18   10    9  8 |   10    9   8    9 |   10  10    9 |   10    18  10 |  9    9  8
 10    9   13 14 |    9   13  14   13 |    9       13 |    9    10     |      13 14
           12 12 |        11  12   11 |            11 |                |      11 12
            2    |             3      |               |                |
  8   14    6  2 |   14    9   7    9 |   14   9    9 |   14     8   9 |  8    9  2
 13   12    5  7 |   12   13   5   13 |   12  14   13 |   12    13  14 | 12   13  7
  3    7       5 |    7    2        2 |    7  12   11 |    7     3  12 |  3   11  5
  6    5         |    5    4        4 |    5   7    2 |    5     6   7 |  1    2

141. Lord Jesus Think On Me (Ab, 110bpm)
 IV |       iii |  IV   |         | vi^2 vi^2 |         | vi^2 vi^2   I^1 |       iii |  IV
'IV |         I | 'IV   |         |   vi   vi |         |   vi vi^1     I |         I | 'IV
 13 |        14 |  13   |         |   17   17 |         |   17   17    17 |        14 |  13
 11 |        12 |  11   |         |    8    8 |         |    8    8     8 |        12 |  11
    |        10 |       |         |   13   13 |         |   13   13    12 |        10 |
    |           |       |         |   10   10 |         |   10   10    10 |           |
  1 |         8 |   1   |         |    8    8 |         |    8    8     8 |         8 |   1
  6 |        12 |   6   |         |   13   13 |         |   13   13    12 |        12 |   6
  4 |        10 |   4   |         |   10   10 |         |   10   10    10 |        10 |   4
    |         1 |       |         |    6    6 |         |    6    1     1 |         1 |

142. O Lord My Soul Convicted (C, 100bpm)
iii | V~4 iii    IV^1 |   V^1  V7      | IV^1          | iii    V   | V~4 iv-7 I^1 V~4
  I | I^1   I IV 'I~4 | 'II~4 'ii  I   | 'I~4  I   iii |   I        | I^1 ii-7   I I^1
 12 |  15  12 13   13 |    12  11 10   |   11 10    12 |  12   12   |  15   16  17  15
 10 |  12  10      11 |     9   9      |    8          |  10    9   |  12   14  15  12
    |               8 |     7   7      |    6          |        7   |       11  12
    |               6 |         5      |               |        5   |           10
  8 |  10   8 11    4 |     5   4  8   |    4  8    10 |   8    2   |  10    9   8  10
  5 |   8   5  8    1 |     2   2  5   |    1  5     7 |   5        |   8    7   5   8
  3 |   5   3  6      |            3   |       3     5 |   3        |   5    4   3   5
  1 |   3   1  4      |            1   |       1     3 |   1        |   3    2   1   3

ii^1 I^1 vii I^1 | V~4     V    | vi  V I^1
  ii   I   V   I | I^1 IV    vi | IV V7   I
  18  17  16  17 |  15 13 12 15 | 15 14  15
  16  15  14  15 |  12     9    | 13 12  12
  13  12      12 |         7    |        10
  11  10      10 |         5    |
   9   8  12   8 |  10 11  2 13 | 11 11   8
   6   5   9   5 |   8  8    10 |  8  9   5
   4   3   7   3 |   5  6     8 |  6  7   3
   2   1   5   1 |   3  4     6 |  4  5   1

OpenHymnal -- Harp Lead Sheets                                                               Page 67
----------------------------------------------------------------------------------------------------
143. Out of the Deep I Cry to Thee (C, 110bpm)
       vii- |      V^1 vii%7 iii   |     |     V V~4   V    | iii      |        vii-
  vi^1  'ii | vi 'II~4   'ii   I   |     | vi V7 I^1 iii IV |   I ii   |   vi^1  'ii
    10   14 | 15    14    13  12   |     | 15 16  15  14 13 |  12 11   |     10   14
         11 |       12    11  10   |     |    14  12  12    |  10      |          11
          9 |        9     9       |     |    12            |          |           9
          7 |        7     7       |     |                  |          |           7
     8    4 | 13     5     6   8   |     | 13 11  10  10 11 |   8  9   |      8    4
     6    2 | 10     2     4   5   |     | 10  9   8   7  8 |   5  6   |      6    2
     3      |  8           2   3   |     |  8  7   5   5  6 |   3  4   |      3
     1      |  6               1   |     |  6  5   3   3  4 |   1  2   |      1

     V^1 vii%7 iii   |     |     V V~4   V    | iii      | III~4   V^1    |         iv-7 ii7
vi 'II~4   'ii   I   |     | vi V7 I^1 iii IV |   I ii   |  vi^1 'II~4 vi |  V ii^1 ii-7 ii7
15    14    13  12   |     | 15 16  15  14 13 |  12 11   |    13    12 15 | 14   13   16  15
      12    11  10   |     |    14  12  12    |  10      |    10     9    |           14  13
       9     9       |     |    12            |          |           7    |           11  11
       7     7       |     |                  |          |                |                9
13     5     6   8   |     | 13 11  10  10 11 |   8  9   |     8     5 13 | 12   11    9   8
10     2     4   5   |     | 10  9   8   7  8 |   5  6   |     6     2 10 |  9    9    7   6
 8           2   3   |     |  8  7   5   5  6 |   3  4   |     3        8 |  7    6    4   4
 6               1   |     |  6  5   3   3  4 |   1  2   |     1        6 |  5    4    2   2

vi   |   V I^1     iii |    V~2  V | iii      |         ii^2 |
'I   | iii   I V^1   I |   II~4    |   I vi   | IV  I    'ii |
13   |  14  15  16  12 |     13 12 |  12 15   | 13 10     11 |
10   |  12  12      10 |     12  9 |  10      |            9 |
 8   |      10         |         7 |          |            6 |
 6   |                 |         5 |          |              |
 3   |  10   8  14   8 |      9  2 |   8 13   | 11  8      4 |
 1   |   7   5  12   5 |      6    |   5 10   |  8  5      2 |
     |   5   3   9   3 |      5    |   3  8   |  6  3        |
     |   3   1   7   1 |      2    |   1  6   |  4  1        |

144. Out of the Deep I Cry to Thee (C, 110bpm)
 V | IV^1   V^1 iii IV |     IV    I^1 |    IV       V^1 | iii  V  V | IV^1   V^1 iii IV
   | 'I~4 'II~4   I ii | iii ii  V   I |  V ii iii 'II~4 |   I       | 'I~4 'II~4   I ii
12 |   11    12  13 13 |  12 13 14  15 | 14 13  12    12 |  13 12 12 |   11    12  13 13
 9 |    8     9  12 11 |     11     12 |    11         9 |  12  9  9 |    8     9  12 11
 7 |    6     7  10    |            10 |               7 |  10  7  7 |    6     7  10
 5 |                   |               |                 |      5  5 |
 2 |    4     5   8  9 |  10  9 12   8 | 12  9  10     5 |   8  2  2 |    4     5   8  9
   |    1     2   5  6 |   7  6  9   5 |  9  6   7     2 |   5       |    1     2   5  6
   |              3  4 |   5  4  7   3 |  7  4   5       |   3       |              3  4
   |              1  2 |   3  2  5   1 |  5  2   3       |   1       |              1  2

    IV    I^1 |    IV       V^1 | iii  V     |      V~4       |          |
iii ii  V   I |  V ii iii 'II~4 |   I    iii | ii^1 I^1   iii |   ii     |     ii^1 III7
 12 13 14  15 | 14 13  12    12 |  13 12  12 |   13  15    12 |   11     |       13   14
    11     12 |    11         9 |  12  9     |       12       |          |
           10 |               7 |  10  7     |                |          |
              |                 |      5     |                |          |
 10  9 12   8 | 12  9  10     5 |   8  2  10 |   11  10    10 |    9     |       11   10
  7  6  9   5 |  9  6   7     2 |   5      7 |    9   8     7 |    6     |        9    9
  5  4  7   3 |  7  4   5       |   3      5 |    6   5     5 |    4     |        6    7
  3  2  5   1 |  5  2   3       |   1      3 |    4   3     3 |    2     |        4    3

OpenHymnal -- Harp Lead Sheets                                                               Page 68
----------------------------------------------------------------------------------------------------
    ii     VI~4 |    IV       V^1 | iii  V
vi ii7 iii ii^1 |  V ii iii 'II~4 |   I
15  13  12   16 | 14 13  12    12 |  13 12
    11       13 |    11         9 |  12  9
     9          |               7 |  10  7
                |                 |      5
13   8  10   11 | 12  9  10     5 |   8  2
10   6   7    9 |  9  6   7     2 |   5
 8   4   5    6 |  7  4   5       |   3
 6   2   3    4 |  5  2   3       |   1

145. While O'er Our Guilty Land, O Lord (F, 130bpm)
IVM7     |   IVM7   | v-7   | IVM7 |       | IVM7   |     | v-7 |    v-7   | IVM7
 'vi     |    'vi   | I^1   |  'vi |       |  'vi   |     |   I | IV I^1   |  'vi
  10     |     10   |  19   |   10 |       |   10   |     |  19 | 19  19   |   10
   8     |      8   |  10   |    8 |       |    8   |     |  10 |     10   |    8
  13     |     13   |  12   |   13 |       |   13   |     |  12 |     12   |   13
   4     |      4   |       |    4 |       |    4   |     |     |          |    4
   1     |      1   |  10   |    1 |       |    1   |     |  10 | 11  10   |    1
   6     |      6   |   8   |    6 |       |    6   |     |   8 |  8   8   |    6
         |          |  12   |      |       |        |     |  12 | 13  12   |
         |          |   3   |      |       |        |     |   1 |  4   3   |

 V     V      |   | IVM7   IV   IV |      |     V |  IV
 I   IM7 IV^2 |   |  'vi vii- ii-7 | IV   |   IM7 | 'vi
14     9   10 |   |   10   20   20 | 19   |     9 |   8
12     8      |   |    8   11   11 |      |     8 |  13
      14      |   |   13           |      |    14 |   4
      12      |   |    4           |      |    12 |
10    10    8 |   |    1    9    9 | 11   |    10 |   1
 8     8   13 |   |    6   14   14 |  8   |     8 |   6
12    14    4 |   |         4    4 | 13   |    14 |
 1     1    1 |   |         7    2 |  4   |     1 |

146. At The Lamb's High Feast (C, 110bpm)
    |   V~4  iv- IV     III~4 | iii   IV   | III~4^2   IV           | I^2      I^1
    |   I^1 ii-7 ii      II~2 |   I IV^2   |  'III~4 IV^2 iii       |  'I  I
    |    15   14 13        13 |  12   13   |      14   13  12       |  10 10    10
    |    12   11 11        10 |  10   11   |      13   11           |   8        8
    |                         |            |      10                |   5        5
    |                         |            |       7                |            3
    |    10    9  9         9 |   8    8   |       6    8  10       |   3  8     1
    |     8    7  6         6 |   5    6   |       3    6   7       |   1  5
    |     5    4  4         3 |   3    4   |            4   5       |      3
    |     3    2  2         2 |   1    1   |            1   3       |      1

        I^1   I^1   |       IV        |
iii                 |           I I~4 |
 12      10    10   |       11 10   9 |
          8     8   |        8        |
          5     5   |        6        |
          3     3   |        4        |
 10       1     1   |        1  8   8 |
  7                 |           5   5 |
  5                 |           3   4 |
  3                 |           1   1 |

OpenHymnal -- Harp Lead Sheets                                                               Page 69
----------------------------------------------------------------------------------------------------
147. I Come, O Savior, To Thy Table (C, 100bpm)
V~4      | iii vi     V |            |            |   V^1  V~2  V | V~4      | iii vi     V
I^1   IV |   I 'I ii    |  I I~4     |   iii   vi | 'II~4 II~4    | I^1   IV |   I 'I ii
 15   13 |  12 13 11 12 | 10   9     |    12   15 |    14   13 12 |  15   13 |  12 13 11 12
 12      |  10 10     9 |            |            |    12   12  9 |  12      |  10 10     9
         |      8     7 |            |            |     9       7 |          |      8     7
         |      6     5 |            |            |     7       5 |          |      6     5
 10   11 |   8  3  9  2 |  8   8     |    10   13 |     5    9  2 |  10   11 |   8  3  9  2
  8    8 |   5  1  6    |  5   5     |     7   10 |     2    6    |   8    8 |   5  1  6
  5    6 |   3     4    |  3   4     |     5    8 |          5    |   5    6 |   3     4
  3    4 |   1     2    |  1   1     |     3    6 |          2    |   3    4 |   1     2

           |            |   V^1  V~2  V |     I^1   |    V~2 VI~4 VI~4 |    V~4 |    I^1   V~4
 I I~4     |   iii   vi | 'II~4 II~4    | iii   I   | IV iii  'II  'II |  V I^1 | ii       I^1
10   9     |    12   15 |    14   13 12 |  12  15   | 13  13   16   16 | 14  15 | 11  10    15
           |            |    12   12  9 |      12   |     12   13   13 |     12 |      8    12
           |            |     9       7 |      10   |                  |        |      5
           |            |     7       5 |           |                  |        |      3
 8   8     |    10   13 |     5    9  2 |  10   8   | 11  10    9    9 | 12  10 |  9   1    10
 5   5     |     7   10 |     2    6    |   7   5   |  8   6    6    6 |  9   8 |  6         8
 3   4     |     5    8 |          5    |   5   3   |  6   5    2    2 |  7   5 |  4         5
 1   1     |     3    6 |          2    |   3   1   |  4   3           |  5   3 |  2         3

vi    I^1
IV  V   I
15 14  15
13     12
       10

11 12   8
 8  9   5
 6  7   3
 4  5   1

148. Jesus Christ, Our Blessed Savior (C, 140bpm)
    | IV       |     | ii^2  VI~4 |   |       IV^1 |   iii |    iii      |   |     IV    |   iii
    | ii       |     |  'ii 'II~2 |   |       'I~4 |     I | IV   I ii   |   |        ii |     I
    | 13       |     |   11    10 |   |         11 |    12 | 13  12 11   |   |     11 11 |    12
    | 11       |     |    9     9 |   |          8 |    10 |     10      |   |      8    |    10
    |          |     |    6     6 |   |          6 |       |             |   |      6    |
    |          |     |            |   |            |       |             |   |      4    |
    |  9       |     |    4     3 |   |          4 |     8 | 11   8  9   |   |      1  9 |     8
    |  6       |     |    2     2 |   |          1 |     5 |  8   5  6   |   |         6 |     5
    |  4       |     |            |   |            |     3 |  6   3  4   |   |         4 |     3
    |  2       |     |            |   |            |     1 |  4   1  2   |   |         2 |     1

   iii    | vi    I^1 IM7    |    iii |    iii      |
IV   I ii | IV ii   I IM7 IV | ii   I | IV   I ii   |
13  12 11 | 15 16  15  14 13 | 11  12 | 13  12 11   |
    10    | 13     12  12    |     10 |     10      |
          |        10  10    |        |             |
          |             8    |        |             |
11   8  9 | 11 11   8   7 11 |  9   8 | 11   8  9   |
 8   5  6 |  8  9   5   5  8 |  6   5 |  8   5  6   |
 6   3  4 |  6  4   3   3  6 |  4   3 |  6   3  4   |
 4   1  2 |  4  2   1   1  4 |  2   1 |  4   1  2   |

OpenHymnal -- Harp Lead Sheets                                                               Page 70
----------------------------------------------------------------------------------------------------
149. Jesus Christ, Our Blessed Savior (F, 140bpm)
 IV v-7 | IVM7 ii7     V IVM7 |   IVM7 |   v-7      IV |      v-7 | IVM7 |    v-7   IVM7
'vi   I |  'vi     VII~4  'vi |    'vi |     I ii vii- | IV     I |  'vi | IV I^1    'vi
  8  19 |   10   8     9   10 |     10 |    19 10   20 | 19    19 |   10 | 19  19     10
 13  10 |    8  13     8    8 |      8 |    10      11 |       10 |    8 |     10      8
  4  12 |   13   4    14   13 |     13 |    12         |       12 |   13 |     12     13
        |    4   2    12    4 |      4 |               |          |    4 |             4
  1  10 |    1   6    10    1 |      1 |    10  9    9 | 11    10 |    1 | 11  10      1
  6   8 |    6         8    6 |      6 |     8 13   14 |  8     8 |    6 |  8   8      6
     12 |              1      |        |    12  4    4 | 13    12 |      | 13  12
      1 |              7      |        |     1  2    7 |  4     1 |      |  4   3

   vi V~4 ii7 | v-7 IVM7    vi | v-7        V |
'IV^1   I     |   I  'vi 'IV^1 |   I   ii V^1 |
   10   9   8 |  19   10     8 |  19   10   9 |
    8   8  13 |  10    8    13 |  10       14 |
   13  12   4 |  12   13       |  12       12 |
            2 |        4       |              |
    4  10   6 |  10    1     4 |  10    9   9 |
    1   8     |   8    6     1 |   8   13  14 |
    6  12     |  12          6 |  12    4  12 |
        1     |   1            |   1    2   7 |

150. Let All Mortal Flesh Keep Silence (F, 120bpm)
        |    VI~4   V |  IVM7    |       IV~2 |        V~4 | IVM7 |         |  IVM7  V
        |   'vii- vii | 'VI~4 ii |         vi |   IV^2   I |  'vi |         | 'VI~4  V
        |      10   9 |    10 10 |         19 |     10   9 |   10 |         |    10 10
        |       9  14 |     9    |         11 |          8 |    8 |         |     9  9
        |      14  12 |    13    |            |         12 |   13 |         |    13 14
        |      13     |     4    |            |            |    4 |         |     4 12
        |       4  10 |     2  9 |          9 |      8  10 |    1 |         |     2  9
        |       2   9 |     6 13 |          8 |     13   8 |    6 |         |     6 14
        |       7   3 |        4 |          2 |      4  12 |      |         |       12
        |           7 |        2 |          6 |      1   1 |      |         |        5

 IVM7    |          |          V |   |               |  V  V |       ii7 | VI~2
'VI~4 ii |       IV |   vii7 V^1 |   | VI~4     VI~4 |  V V7 |           |  'vi
   10 10 |       19 |     10   9 |   |   10       10 |  9  8 |         8 |   14
    9    |          |         14 |   |               | 14 14 |        14 |   13
   13    |          |         12 |   |               | 12 12 |         4 |
    4    |          |            |   |               |     5 |         2 |
    2  9 |       11 |      9   9 |   |    9        9 |  9  4 |         7 |    3
    6 13 |        8 |     14  14 |   |   13       13 | 14  2 |           |    1
       4 |       13 |     13  12 |   |    2        2 | 12  7 |           |    6
       2 |        4 |      7   7 |   |    6        6 |  5  5 |           |

 IVM7        IVM7 |  V  V    vi |
'VI~4   iv-7  'vi |  V  I 'IV^1 |
   10     20   10 |  9 14     8 |
    9           8 | 14 12    13 |
   13          13 | 12          |
    4           4 |             |
    2     11    1 |  9 10     4 |
    6      9    6 | 14  8     1 |
          14      | 12 12     6 |
           4      |  5  1       |

OpenHymnal -- Harp Lead Sheets                                                               Page 71
----------------------------------------------------------------------------------------------------
151. O Lord, I Am Not Worthy (Bb, 120bpm)
II~2   |   ii V~2   ii   |         |  IV   V~2   | II~2 II~2   |   ii   ii   ii |  VI~2 V~2
'vii   | ii-7 iii vii-   |         | 'IV   'vi   | vii- 'vii   | ii-7 vii-   ii | III~4 iii
  10   |   12  13   12   |         |  16    13   |   10   10   |   12   12   14 |    14  13
   9   |   11  12   11   |         |   8    12   |    9    9   |   11   11   13 |    13  12
       |    9        9   |         |  13         |             |    9    9   11 |
       |                 |         |  11         |             |              9 |
  14   |   11  10   14   |         |   1    10   |   14   14   |   11   14   11 |    10  10
   9   |    9   7   11   |         |   6     1   |   11    9   |    9   11    9 |     7   7
   7   |    7   5    9   |         |   4     6   |    9    7   |    7    9    6 |     6   5
       |    2   3    7   |         |             |    7        |    2    7    2 |     3   3

  ii    IV   IV |
iv-7   'IV IVM7 |
  12    14   16 |
  11    13    8 |
   9    11   13 |
             11 |
  11     1   10 |
   9     6    1 |
   7     4    6 |
   4          4 |

152. Thou, Who at Thy First Eucharist (D, 120bpm)
  |         |         III |        | V~4   vii- vii- | III          | vi   |
  |         |       vi7^2 | ii^1   |  'I    iii II~4 |   I   ii^1   | 'I   |
  |         |          11 |   12   |   9     11   11 |  11     12   |  9   |
  |         |          10 |        |   8     10   10 |  10          |  8   |
  |         |             |        |   6     14    9 |              |  6   |
  |         |             |        |   5          14 |              |      |
  |         |           8 |   11   |   3     12   10 |   8     11   |  3   |
  |         |           6 |    9   |   1     10    5 |   5      9   |  1   |
  |         |           5 |    6   |         14    3 |   3      6   |      |
  |         |           3 |    4   |          3    2 |   1      4   |      |

        vii- |        | vii7          |    IV   vii7 | vi7  V~4 |   vi     III
      iii7^2 | ii^1   |    V ii^1     | IV ii   III7 |  'I 'I~2 | ii^1   vi7^2
          11 |   12   |   13   12     | 12 13     13 |  12   12 |   15      11
          10 |        |   12          |    11     10 |  10    9 |   13      10
           3 |        |    9          |            9 |   8    8 |
           7 |        |   14          |           14 |   6    5 |
           5 |   11   |   12   11     | 11  9     10 |   3    2 |   11       8
           3 |    9   |    9    9     |  8  6      9 |   1    1 |    9       6
           2 |    6   |   14    6     |  6  4     14 |          |    6       5
           7 |    4   |    5    4     |  4  2      3 |          |    4       3

vii7   VII+ vii7 | IV~2      |   III   vi  VII | vii7  vii-   vi |
   V    V^1    V |   ii ii^1 | vi7^2   'I vii- |    V iii^1   'I |
  13     15   13 |   12   12 |    11    9    8 |   13    11    9 |
  12     21   12 |   11      |    10    8   14 |   12    10    8 |
   9     12    9 |           |          6      |    9    14    6 |
  14     14   14 |           |                 |   14            |
  12     12   12 |    9   11 |     8    5   11 |   12    12    5 |
   9      9    9 |    6    9 |     6    3    9 |    9    10    3 |
  14      5   14 |    4    6 |     5    1   14 |   14    14    1 |
   5      7    5 |    2    4 |     3         7 |    5     5      |

OpenHymnal -- Harp Lead Sheets                                                               Page 72
----------------------------------------------------------------------------------------------------
153. To Avert From Men God's Wrath (Eb, 90bpm)
      vii iii |     iii |       vii iii | vi   vii   |          |    IV   |   iii     | V~2 VI+
    'vii-     |         |     'vii-     | vi 'vii-   |    I     | vi vi   |           | iii  IV
        9  10 |      10 |         9  10 |  9     9   |   10     | 20 20   |    10     |  20  20
       14  14 |      14 |        14  14 |  8    14   |          | 13 11   |    14     |  12  11
            5 |       5 |             5 | 13         |          |         |     5     |      13
            3 |       3 |             3 |            |          |         |     3     |
        4   7 |       7 |         4   7 | 10     4   |    8     | 10  9   |     7     |  10  11
        2     |         |         2     |  8     2   |    5     |  8  8   |           |  14   8
        7     |         |         7     | 13     7   |    3     | 13  2   |           |   5  13
              |         |               |  6         |    1     |  6  6   |           |   3   4

    VI~4 iii |     iii |   VI~4 iii   vi |
    ii^1     |         |   ii^1     IV^1 |
       9  10 |      10 |      9  10    9 |
      13  14 |      14 |     13  14    8 |
           5 |       5 |          5   13 |
           3 |       3 |          3      |
      11   7 |       7 |     11   7   11 |
       9     |         |      9        8 |
      13     |         |     13        4 |
       4     |         |      4        6 |

154. Almighty God Your Word Is Cast (C, 100bpm)
iii |             | vi    I^1   |        III~4   |  V    | I^1    ii^1    | I^1   IV
  I |   IV I^1 vi | IV  V   I   | vi iii  vi^1   |     V |   I IV   ii  V |   I IVM7   I^1
 12 |   13  12 15 | 15 14  15   | 15  12    13   | 12 14 |  15 13   16 14 |  15   13    12
 10 |             | 13     12   |           10   |  9    |  12      13    |  12   11
    |             |        10   |                |  7    |  10      11    |  10
    |             |             |                |  5    |                |
  8 |   11  10 13 | 11 12   8   | 13  10     8   |  2 12 |   8 11    9 12 |   8   10    10
  5 |    8   8 10 |  8  9   5   | 10   7     6   |     9 |   5  8    6  9 |   5    8     8
  3 |    6   5  8 |  6  7   3   |  8   5     3   |     7 |   3  6    4  7 |   3    6     5
  1 |    4   3  6 |  4  5   1   |  6   3     1   |     5 |   1  4    2  5 |   1    4     3

IV I^1 VI~4    | I^1
ii   I ii^1  V |   I
13  15   16 14 |  15
11  12   13    |  12
    10         |  10
               |
 9   8   11 12 |   8
 6   5    9  9 |   5
 4   3    6  7 |   3
 2   1    4  5 |   1

155. Jesus Loves Me (Eb, 120bpm)
                |             |                 |             |                 |
                |             |                 |             |                 |
                |             |                 |             |                 |
                |             |                 |             |                 |
                |             |                 |             |                 |
                |             |                 |             |                 |
                |             |                 |             |                 |
                |             |                 |             |                 |
                |             |                 |             |                 |
                |             |                 |             |                 |

OpenHymnal -- Harp Lead Sheets                                                               Page 73
----------------------------------------------------------------------------------------------------
              |           | iii           |          | iii         |         vii |
              |           |               |     vi   |             |       'vii- |
              |           |  10           |     20   |  10         |           9 |
              |           |  14           |     13   |  14         |          14 |
              |           |   5           |          |   5         |             |
              |           |   3           |          |   3         |             |
              |           |   7           |     10   |   7         |           4 |
              |           |               |      8   |             |           2 |
              |           |               |     13   |             |           7 |
              |           |               |      6   |             |             |

             |               |
    vi       |               |
    20       |               |
    13       |               |
             |               |
             |               |
    10       |               |
     8       |               |
    13       |               |
     6       |               |

156. Lamp of Our Feet (G, 140bpm)
II~2       |          | III   |  V |     IV~2 | II~2 iii7 | ii^1 | III       |  vi   vi |
   V   V^1 | vi^1 V^1 |  vi   | 'V |     ii^1 |    V 'V~2 |   ii |  vi   vii | 'vi 'VI7 |
  10    10 |    9  10 |  18   |  8 |       12 |   10    9 |    9 |  18    10 |   9    8 |
   9       |          |  10   | 14 |       11 |    9   13 |   13 |  10       |   8   13 |
           |          |       | 12 |          |        12 |   11 |           |  13      |
           |          |       |    |          |         3 |      |           |          |
  14     9 |    8   9 |   8   |  2 |        9 |   14    6 |    9 |   8     9 |   3   12 |
  12    14 |   13  14 |  13   |  7 |       13 |   12    5 |   13 |  13    14 |   1    3 |
   7    12 |    3  12 |   3   |  5 |        2 |    7      |   11 |   3     2 |   6    6 |
   5     7 |    1   7 |   6   |    |        4 |    5      |    2 |   6     7 |          |

IV~2 |      I^1 |      IV |  V
  ii |     'V~4 | V^2 II7 | 'V
  12 |        8 |  10   9 |  8
  11 |       12 |       8 | 14
     |        3 |      13 | 12
     |          |      11 |
   9 |        1 |   9   9 |  2
  13 |        5 |  14   8 |  7
  11 |          |  12  13 |  5
   2 |          |   2   2 |

157. That Men a godly Life Might Live (C, 120bpm)
      I iii |  V iii   V^1 VI7    | I^1   | vii ii^1        |         I^1 | ii7 ii^1 VI~4
iii IM7   I |      I 'II~4  'I  V |   I   |   V   ii vi iii | ii^1  V   I | ii7   ii  'II
 12  12  12 | 12  12    12  13 14 |  15   |  16   16 15  12 |   13 14  15 |  15   16   16
     10  10 |  9  10     9  12    |  12   |  14   13        |          12 |  13   13   13
      8     |  7         7  10    |  10   |       11        |          10 |  11   11
            |  5             6    |       |                 |             |   9
 10   7   8 |  2   8     5   5 12 |   8   |  12    9 13  10 |   11 12   8 |   8    9    9
  7   5   5 |      5     2   3  9 |   5   |   9    6 10   7 |    9  9   5 |   6    6    6
  5   3   3 |      3         1  7 |   3   |   7    4  8   5 |    6  7   3 |   4    4    2
  3   1   1 |      1            5 |   1   |   5    2  6   3 |    4  5   1 |   2    2

OpenHymnal -- Harp Lead Sheets                                                               Page 74
----------------------------------------------------------------------------------------------------
          iii |    IV |         I^1 |    V   |   IV  iii |  V
vi iii IV   I | ii    | ii^1  V   I |        |   ii iii7 |
15  12 13  12 | 11 11 |   13 14  15 |   12   |   13   12 | 12
           10 |     8 |          12 |    9   |   11   10 |  9
              |     6 |          10 |    7   |           |  7
              |     4 |             |    5   |           |  5
13  10 11   8 |  9  1 |   11 12   8 |    2   |    9    9 |  2
10   7  8   5 |  6    |    9  9   5 |        |    6    7 |
 8   5  6   3 |  4    |    6  7   3 |        |    4    5 |
 6   3  4   1 |  2    |    4  5   1 |        |    2    3 |

158. The Gospel Shows The Father's Grace (F, 140bpm)
 IV |   v-7 IVM7 V~4 | IVM7   v-7   IV |      V~4    vi |   VII  V  IV V~4 | IVM7   V~4
'vi |   I^1  'vi   I |  'vi     I vii- | IV     I 'IV^1 | 'vii-  I 'vi   I |  'vi     I
  8 |    19   10   9 |   10    19   20 | 19     9     8 |     8 14   8   9 |   10     9
 13 |    10    8   8 |    8    10   11 |        8    13 |    14 12  13   8 |    8     8
  4 |    12   13  12 |   13    12      |       12       |            4  12 |   13    12
    |          4     |    4            |                |                  |    4
  1 |    10    1  10 |    1    10    9 | 11    10     4 |     4 10   1  10 |    1    10
  6 |     8    6   8 |    6     8   14 |  8     8     1 |     2  8   6   8 |    6     8
    |    12       12 |         12    4 | 13    12     6 |     7 12      12 |         12
    |     3        1 |          1    7 |  4     1       |        1       1 |          1

      v-7 IVM7 |   IVM7 V~4 ii7 |   VII  V  IV
V~4     I  'vi |    'vi   I     | 'vii-  I 'vi
 19    19   10 |     10   9   8 |     8 14   8
 12    10    8 |      8   8  13 |    14 12  13
       12   13 |     13  12   4 |            4
             4 |      4       2 |
  9    10    1 |      1  10   6 |     4 10   1
  8     8    6 |      6   8     |     2  8   6
 12    12      |         12     |     7 12
  5     1      |          1     |        1

159. The Law Of God Is Good And Wise (G, 120bpm)
            |                 |         |                 |          V   |
            |                 |         |                 |         'V   |   IM7
            |                 |         |                 |          8   |    10
            |                 |         |                 |         14   |
            |                 |         |                 |         12   |
            |                 |         |                 |              |
            |                 |         |                 |          2   |     8
            |                 |         |                 |          7   |    14
            |                 |         |                 |          5   |    12
            |                 |         |                 |              |     1

                |         |                 |
                |         |                 |
                |         |                 |
                |         |                 |
                |         |                 |
                |         |                 |
                |         |                 |
                |         |                 |
                |         |                 |
                |         |                 |

OpenHymnal -- Harp Lead Sheets                                                               Page 75
----------------------------------------------------------------------------------------------------
160. Wilt Thou, O Man, Live Happily (C, 120bpm)
  iii   V^1 | vi   V      | vi   | vi^2   V^1 vi vi |  V      |  V      |    I^1
    I 'II~4 | 'I iii vi   | 'I   | vi^1 'II~4 'I 'I |     I   |    ii   |  V   I V^1
   12    12 | 13  14 15   | 13   |   15    12 13 10 | 12 10   | 12 11   | 14  15  16
   10     9 | 10  12      | 10   |   13     9 10  8 |  9      |  9      |     12
          7 |  8          |  8   |   10     7  8  6 |  7      |  7      |     10
            |  6          |  6   |             6    |  5      |  5      |
    8     5 |  3  10 13   |  3   |    8     5  3  3 |  2  8   |  2  9   | 12   8  14
    5     2 |  1   7 10   |  1   |    6     2  1  1 |     5   |     6   |  9   5  12
    3       |      5  8   |      |    3             |     3   |     4   |  7   3   9
    1       |      3  6   |      |    1             |     1   |     2   |  5   1   7

I^1 IV   vi |     |  iv- I^1        | III~4    vi   |  V    vi |
  I ii   'I |     | ii-7   I  V iii |  vi^1 ii 'I   |    ii 'I |
 15 13   13 |     |   14  15 14  12 |    13 11 10   | 12 11 10 |
 12 11   10 |     |   11  12        |    10     8   |  9     8 |
 10       8 |     |       10        |           6   |  7     6 |
          6 |     |                 |               |  5       |
  8  9    3 |     |    9   8 12  10 |     8  9  3   |  2  9  3 |
  5  6    1 |     |    7   5  9   7 |     6  6  1   |     6  1 |
  3  4      |     |    4   3  7   5 |     3  4      |     4    |
  1  2      |     |    2   1  5   3 |     1  2      |     2    |

161. All Hail The Power Of Jesus' Name (G, 120bpm)
  |  V       | ii^1 iii ii^1     |  IV iii      IV |  V   | II~2   VII+ II~2
  | 'V       |   ii  'V   ii V^1 | II7  'V V^2 II7 | 'V   |    V           V
  |  8       |    9   8    9  10 |   9   8  10   9 |  8   |   10      8   10
  | 14       |   13  14   13     |   8  14       8 | 14   |    9     14    9
  | 12       |   11  12   11     |  13  12      13 | 12   |          12
  |          |        3          |  11   3      11 |      |           7
  |  2       |    9   7    9   9 |   9   7   9   9 |  2   |   14      5   14
  |  7       |   13   5   13  14 |   8   5  14   8 |  7   |   12          12
  |  5       |   11       11  12 |  13      12  13 |  5   |    7           7
  |          |    2        2   7 |   2       2   2 |      |    5           5

    III II~2 IV II~2 IV |  V   IV | V~2   IV   | IV II~2 |        V II~2
vii  vi    V IV    V ii | 'V ii^1 | iii VI~4   | ii    V |     'vii    V
 19  18   10  9   10 19 | 19   19 |  20   19   | 19   10 |        8   10
     10    9  8    9 18 | 14   18 |  19   18   | 18    9 |       14    9
             13      13 | 12   13 |       13   | 13      |       12
             11      11 |      11 |       11   | 11      |
  9   8   14  8   14  9 |  2    9 |  10    9   |  9   14 |        2   14
 14  13   12 13   12 13 |  7   13 |  14   13   | 13   12 |        7   12
  2   3    7 11    7 11 |  5    2 |  12    2   | 11    7 |             7
  7   6    5  4    5  2 |       4 |   3    6   |  2    5 |             5

 IV II~2  IV      IV iii |     III |          ii^1  IV |  V
II7   'V II7 V^2 II7  'V | V^1   I | V^2 II~4   ii II7 | 'V
  9    8   9  10   9   8 |  19  18 |  10   18    9   9 |  8
  8   14   8       8  14 |      10 |            13   8 | 14
 13    3  13      13  12 |         |            11  13 | 12
 11    2  11      11   3 |         |                11 |
  9    7   9   9   9   7 |   9   8 |   9    9    9   9 |  2
  8    5   8  14   8   5 |  14  12 |  14   13   13   8 |  7
 13       13  12  13     |  12   3 |  12   12   11  13 |  5
  2        2   2   2     |   7   1 |   2    2    2   2 |

OpenHymnal -- Harp Lead Sheets                                                               Page 76
----------------------------------------------------------------------------------------------------
162. Alleluia, Sing To Jesus! (F, 130bpm)
 IV V~4 |  IV   IVM7 |   IVM7 | V~4 ii7 V~4 | IV~2   | IVM7    vi |   V ii7 V~4 |  IV |  IV V~4
'vi   I | 'vi    'vi |    'vi |   I       I | IV^1   |  'vi 'IV^1 | V^1       I | 'vi | 'vi   I
  8   9 |   8     10 |     10 |   9   8   9 |   19   |   10    10 |   9   8   9 |   8 |   8   9
 13   8 |  13      8 |      8 |   8  13   8 |   11   |    8     8 |  14  13   8 |  13 |  13   8
  4  12 |   4     13 |     13 |  12   4  12 |        |   13    13 |  12   4  12 |   4 |   4  12
        |          4 |      4 |       2     |        |    4       |       2     |     |
  1  10 |   1      1 |      1 |  10   6  10 |    8   |    1     4 |   9   6  10 |   1 |   1  10
  6   8 |   6      6 |      6 |   8       8 |   13   |    6     1 |  14       8 |   6 |   6   8
     12 |            |        |  12      12 |    4   |          6 |  12      12 |     |      12
      1 |            |        |   1       1 |    6   |            |   7       1 |     |       1

 IV   IVM7 |   IVM7 | V~4 ii7 V~4 | IV~2   | IVM7    vi |   V ii7 V~4 |  IV | iii   | IV~2
'vi    'vi |    'vi |   I       I | IV^1   |  'vi 'IV^1 | V^1       I | 'vi |  vi   |  II7   ii
  8     10 |     10 |   9   8   9 |   19   |   10    10 |   9   8   9 |   8 |  19   |   19   10
 13      8 |      8 |   8  13   8 |   11   |    8     8 |  14  13   8 |  13 |  10   |   11
  4     13 |     13 |  12   4  12 |        |   13    13 |  12   4  12 |   4 |       |
         4 |      4 |       2     |        |    4       |       2     |     |       |
  1      1 |      1 |  10   6  10 |    8   |    1     4 |   9   6  10 |   1 |   8   |    9    9
  6      6 |      6 |   8       8 |   13   |    6     1 |  14       8 |   6 |  13   |    8   13
           |        |  12      12 |    4   |          6 |  12      12 |     |   3   |   13    4
           |        |   1       1 |    6   |            |   7       1 |     |   6   |    2    2

    |   II~2   V | IVM7        |      iii |        VI~4 | V~4 | IV~2      |      V
    |    ii7 iii |  'vi IVM7^3 | ii    vi | V~4   'vii- | I~4 | IV^1   IV |   III7
    |     10   9 |   10     10 | 10    19 |  19      10 |   9 |   19   19 |      9
    |      9  14 |    8        |       10 |  12       9 |   8 |   11      |     14
    |         12 |   13        |          |          14 |  12 |           |     12
    |            |    4        |          |          13 |     |           |
    |      8  10 |    1      8 |  9     8 |   9       4 |   8 |    8   11 |     10
    |     13  14 |    6     13 | 13    13 |   8       2 |  12 |   13    8 |      9
    |      4  12 |           4 |  4     3 |  12       7 |   4 |    4   13 |     14
    |      2   3 |           3 |  2     6 |   5         |   1 |    6    4 |      3

IVM7 IVM7^3    | V~4             V |       |     IV~2   |        V |  IV
 'vi    'vi ii | I^1 vi^1   ii iii | IV vi | vii IV^1   | IV^2 IM7 | 'vi
  10      8 10 |   9   10   10   9 | 19 19 |  20   19   |   10   9 |   8
   8     13    |   8            14 |       |       11   |        8 |  13
  13      4    |  12            12 |       |            |       14 |   4
   4      3    |                   |       |            |       12 |
   1      1  9 |  10    8    9  10 | 11 15 |   9    8   |    8  10 |   1
   6      6 13 |   8   13   13  14 |  8 20 |  14   13   |   13   8 |   6
             4 |  12    3    4  12 | 13 13 |   2    4   |    4  14 |
             2 |   3    1    2   3 |  4  6 |   7    6   |    1   1 |

163. Beautiful Savior (Eb, 120bpm)
      |   vi     |      VII~4 |     vii iii |          |     iii |   iii |   vii |
      | IV^1     |    I IM7^3 |   'vii-     |     vi^1 |         |       | 'vii- |   vi
      |    9     |   10    10 |       9  10 |       20 |      10 |    10 |     9 |   20
      |    8     |          8 |      14  14 |       13 |      14 |    14 |    14 |   13
      |   13     |         14 |           5 |          |       5 |     5 |       |
      |          |            |           3 |          |       3 |     3 |       |
      |   11     |    8     5 |       4   7 |       10 |       7 |     7 |     4 |   10
      |    8     |    5     3 |       2     |        8 |         |       |     2 |    8
      |    4     |    3     1 |       7     |       13 |         |       |     7 |   13
      |    6     |    1     7 |             |        1 |         |       |       |    6

OpenHymnal -- Harp Lead Sheets                                                               Page 77
----------------------------------------------------------------------------------------------------
       |       |     vii iii |     vii    |     |  VII~4   vii |
   I   |       |   'vii-     |   'II~4  I |     | 'iii^2 'vii- |
  10   |       |       9  10 |      10 10 |     |     10     9 |
       |       |      14  14 |       9    |     |     14    14 |
       |       |           5 |      14    |     |              |
       |       |           3 |            |     |              |
   8   |       |       4   7 |       5  8 |     |      5     4 |
   5   |       |       2     |       3  5 |     |      3     2 |
   3   |       |       7     |       2  3 |     |      7     7 |
   1   |       |             |          1 |     |              |

164. Crown Him With Many Crowns (D, 110bpm)
          | vii7   |      VII       | vi vi |    iii vii%7 IV~2 |      vii  iii VII+
          |    V   | ii^1   V I^1   | 'I 'I |   vi^1  vii-   ii |     II~2 vi^1  V^1
          |   13   |   12   8  11   |  9  9 |     12    13   12 |        9   12   15
          |   12   |       14       |  8  8 |     10    11   11 |       14   10   21
          |    9   |                |  6  6 |            9      |                 12
          |   14   |                |       |           14      |                 14
          |   12   |   11  12  10   |  3  3 |      8    11    9 |       10    8   12
          |    9   |    9   9   8   |  1  1 |      6     9    6 |        9    6    9
          |   14   |    6  14   5   |       |      3    14    4 |        3    3    5
          |    5   |    4   5   3   |       |      1     7    2 |        2    1    7

  IV III~4^2 III~4^2 | vi7  V~4 |        iii7   | vii7    | III~4^2     vii |
  ii   III~4    'III |  'I 'I~2 | ii^1          |    V IV |    'III     vii |
  15      13      13 |  12   12 |   12      9   |   13 13 |      13       9 |
  13      10      10 |  10    9 |           8   |   12    |      10      14 |
  11      14      14 |   8    8 |           5   |    9    |      14         |
                     |   6    5 |           3   |   14    |                 |
   9      10      10 |   3    2 |   11      1   |   12 11 |      10       9 |
   6      14      14 |   1    1 |    9          |    9  8 |      14      14 |
   4       6       3 |          |    6          |   14  6 |       3       2 |
   2       3         |          |    4          |    5  4 |               7 |

  vi   vii7      | vii- vi        | vii-     vi |
ii^1      V ii^1 | iii7 'I   ii^1 |    V     'I |
  15     13   12 |   11  9     12 |   11      9 |
  13     12      |   10  8        |    9      8 |
          9      |    9  6        |   14      6 |
         14      |   14           |             |
  11     12   11 |   12  3     11 |   12      3 |
   9      9    9 |   10  1      9 |    9      1 |
   6     14    6 |    9         6 |   14        |
   4      5    4 |    3         4 |    5        |

165. From Nazareth (D, 120bpm)
  |  VII vi |   vii- |   vi |   VII |      IV~2 |  iii VII+   | IV VII+ | IV  iii | vii vii
  | vii- 'I |    V^1 |   'I |     V | ii^1   ii | vi^1  IM7   | ii  V^2 | ii vi^1 | vii vii
  |    8  9 |     11 |    9 |     8 |   12   12 |   12   13   | 15   15 | 15   12 |  15  15
  |   14  8 |      9 |    8 |    14 |        11 |   10   12   | 13   21 | 13   10 |  21  21
  |       6 |     14 |    6 |       |           |         8   | 11   12 | 11      |   9   9
  |         |        |      |       |           |        14   |      14 |         |  14  14
  |   11  3 |     12 |    3 |    12 |   11    9 |    8   10   |  9    9 |  9    8 |   9   9
  |    9  1 |      9 |    1 |     9 |    9    6 |    6    8   |  6   14 |  6    6 |  14  14
  |   14    |      5 |      |    14 |    6    4 |    3   14   |  4    5 |  4    3 |   2   2
  |    7    |      7 |      |     5 |    4    2 |    1    1   |  2    2 |  2    1 |   7   7

OpenHymnal -- Harp Lead Sheets                                                               Page 78
----------------------------------------------------------------------------------------------------
  IV~2 | vii7 vii7 | IV~2 vii- |  iii   | vi   | VII   |
    ii |    V  V^1 |   ii  iii | vi^1   | 'I   |   V   |
    12 |   13   13 |   12   11 |   12   |  9   |   8   |
    11 |   12   12 |   11   10 |   10   |  8   |  14   |
       |    9    9 |        14 |        |  6   |       |
       |   14   14 |           |        |      |       |
     9 |   12   12 |    9   12 |    8   |  3   |  12   |
     6 |    9    9 |    6   10 |    6   |  1   |   9   |
     4 |   14    5 |    4   14 |    3   |      |  14   |
     2 |    5    7 |    2    3 |    1   |      |   5   |

166. Hallelujah, What a Savior! (C, 110bpm)
iii       |        |          vi^2 |   V      V | iii       |     IV I^1 V~4 vii | I^1  V
  I       | vi     | IV   I^1 vi^1 | V^2 II7    |   I       |   IV^2   I I^1   V |   I V7 vi
 12       | 15     | 13    12   15 |  14  13 12 |  12       |     15  15  15  16 |  17 16 15
 10       |        |            13 |  12      9 |  10       |     13  12  12  14 |  15 14
          |        |            10 |          7 |           |     11  10         |  12 12
          |        |               |          5 |           |                    |  10
  8       | 13     | 11    10    8 |   9   9  2 |   8       |      8   8  10  12 |   8 11 13
  5       | 10     |  8     8    6 |   7   8    |   5       |      6   5   8   9 |   5  9 10
  3       |  8     |  6     5    3 |   5   6    |   3       |      4   3   5   7 |   3  7  8
  1       |  6     |  4     3    1 |   2   2    |   1       |      1   1   3   5 |   1  5  6

   iii
IV   I
13  12
    10


11   8
 8   5
 6   3
 4   1

167. I Need Thee Every Hour (Ab, 80bpm)
  |       iii |     |         |     |   vi^2     | vi^2   |   iii     iii vii%7 |   | vi^2
  |       iii |     |         |     |   vi^2     |   vi   | iii^2   iii^2   'IV |   |   vi
  |        14 |     |         |     |     17     |   17   |    14      14    13 |   |   17
  |        12 |     |         |     |      8     |    8   |    12      12    11 |   |    8
  |        10 |     |         |     |     13     |   13   |    10      10     7 |   |   13
  |           |     |         |     |     10     |   10   |                     |   |   10
  |        12 |     |         |     |      8     |    8   |    14      14     6 |   |    8
  |        10 |     |         |     |     13     |   13   |    12      12     4 |   |   13
  |         7 |     |         |     |      6     |   10   |    10      10       |   |   10
  |         3 |     |         |     |      3     |    6   |     7       7       |   |    6

      vi^2 | vi^2   |     III+   |       |         |       | vi^2     |
        vi | vi^2   |     III+   |       |         |       | vi^2     |
        17 |   17   |       17   |       |         |       |   17     |
         8 |    8   |        8   |       |         |       |    8     |
        13 |   13   |       10   |       |         |       |   13     |
        10 |   10   |            |       |         |       |   10     |
         8 |    8   |        8   |       |         |       |    8     |
        13 |   13   |       10   |       |         |       |   13     |
        10 |    6   |        1   |       |         |       |    6     |
         6 |    3   |        3   |       |         |       |    3     |

OpenHymnal -- Harp Lead Sheets                                                               Page 79
----------------------------------------------------------------------------------------------------
168. Jesus, King of Glory (G, 120bpm)
II~2    IV   |  V   |     V~2   | ii^1 |     IV II~2   |        | V^2 iii       IV |  V
   V   II7   | 'V   |       I   |   ii | I^1 IV    V   | vi^1   |  'V  'V vi^1 II7 | 'V
  10     9   |  8   |      20   |    9 |  18 18   10   |    9   |   8   8    9   9 |  8
   9     8   | 14   |      19   |   13 |     13    9   |        |  14  14        8 | 14
        13   | 12   |           |   11 |     11        |        |  12  12       13 | 12
        11   |      |           |      |               |        |   2   3       11 |
  14     9   |  2   |      10   |    9 |  10  8   14   |    8   |   7   7    8   9 |  2
  12     8   |  7   |       8   |   13 |   8 13   12   |   13   |   5   5   13   8 |  7
   7    13   |  5   |      12   |   11 |  12 11    7   |    3   |            3  13 |  5
   5     2   |      |       1   |    2 |   3  4    5   |    1   |            1   2 |

      III   IV | iv-7   | III   V~2 V~2 | V^2   | III III ii^1  IV |       |            |  V
V^1   vi7 IV^1 | iv-7   |  vi     I IM7 |  'V   |  vi vi7   ii I~2 | V^1   | vi^1       | 'V
 19    18   18 |   10   |  18    20  20 |   8   |  18  18    9   9 |  19   |    9       |  8
       10   13 |    9   |  10    19  19 |  14   |  10  10   13   8 |       |            | 14
            11 |   14   |               |  12   |           11  13 |       |            | 12
               |   11   |               |   2   |               11 |       |            |
  9     8    8 |    9   |   8    10  10 |   7   |   8   8    9   9 |   9   |    8       |  2
 14    13   13 |   14   |  13     8   8 |   5   |  13  13   13   8 |  14   |   13       |  7
 12    12   11 |   11   |   3    12  14 |       |   3  12   11   2 |  12   |    3       |  5
  7     6    6 |    4   |   6     1   1 |       |   6   6    2   1 |   7   |    1       |

II~2     ii^1 IV |  V   |  V   V~2 V~2 | ii^1 |     IV II~2     |        | V^2   II~2  IV |  V
   V V^1   ii IV | 'V   | 'V   IM7   I |   ii | I^1 IV    V V^1 | vi^1   |  'V        II7 | 'V
  10  10    9  9 |  8   | 19    20  20 |    9 |  18 18   10  10 |    9   |   8      9   9 |  8
   9       13  8 | 14   | 14    19  19 |   13 |     13    9     |        |  14     13   8 | 14
           11 13 | 12   | 12           |   11 |     11          |        |  12      3  13 | 12
              11 |      |              |      |                 |        |   2      2  11 |
  14   9    9  8 |  2   |  2    10  10 |    9 |  10  8   14   9 |    8   |   7      6   9 |  2
  12  14   13 13 |  7   |  7     8   8 |   13 |   8 13   12  14 |   13   |   5          8 |  7
   7  12   11 11 |  5   |  5    14  12 |   11 |  12 11    7  12 |    3   |             13 |  5
   5   7    2  4 |      |        1   1 |    2 |   3  4    5   7 |    1   |              2 |

169. Jesus Shall Reign (Eb, 60bpm)
      |      VI~2 |         VI+ |   |       |      |   iii |   vii | iii   VI~4 |
      |   vi iv-7 |   iv-7 IVM7 |   |       | vi   |       | 'vii- |       vii- |
      |   20   21 |     21   20 |   |       | 20   |    10 |     9 |  10      9 |
      |   13   20 |          11 |   |       | 13   |    14 |    14 |  14     14 |
      |        14 |          13 |   |       |      |     5 |       |   5     13 |
      |        13 |             |   |       |      |     3 |       |   3        |
      |   10   11 |     11   11 |   |       | 10   |     7 |     4 |   7     11 |
      |    8    9 |      9   10 |   |       |  8   |       |     2 |          9 |
      |   13   14 |     14    8 |   |       | 13   |       |     7 |         14 |
      |    6    4 |      4    4 |   |       |  6   |       |       |          7 |

       iii |   vii |      VI~2 |     |  VII~4   vii |
vi         | 'vii- |   vi iv-7 |     | 'iii^2 'vii- |
20      10 |     9 |   20   21 |     |     10     9 |
13      14 |    14 |   13   20 |     |     14    14 |
         5 |       |        14 |     |              |
         3 |       |        13 |     |              |
10       7 |     4 |   10   11 |     |      5     4 |
 8         |     2 |    8    9 |     |      3     2 |
13         |     7 |   13   14 |     |      7     7 |
 6         |       |    6    4 |     |              |

OpenHymnal -- Harp Lead Sheets                                                               Page 80
----------------------------------------------------------------------------------------------------
170. Jesus, Thy Boundless Love To Me (E, 100bpm)
iii   |      VI~2 |            V |     vii%7^3 |  VI~2       |     |       |     |   iii
      |     III~4 | iii   'VII~4 |        vii7 | III~4       |     | iii   |     |
  8   |        11 |  12        8 |          11 |    11       |     |  12   |     |     8
 14   |        10 |           14 |           9 |    10       |     |       |     |    14
  5   |        14 |            5 |          14 |    14       |     |       |     |     5
  3   |        13 |              |          13 |    13       |     |       |     |     3
  7   |        10 |  10        3 |           9 |    10       |     |  10   |     |     7
      |        14 |  14        7 |          14 |    14       |     |  14   |     |
      |        13 |   5          |          13 |    13       |     |   5   |     |
      |         3 |   3          |           7 |     3       |     |   3   |     |

     VI~2 |            V |     vii%7^3 |  VI~2       |       |       |     |     |   vi
    III~4 | iii   'VII~4 |        vii7 | III~4       | iii   | iii   |     |     | vi^1 iii
       11 |  12        8 |          11 |    11       |  12   |  12   |     |     |   11  12
       10 |           14 |           9 |    10       |       |       |     |     |   10
       14 |            5 |          14 |    14       |       |       |     |     |    8
       13 |              |          13 |    13       |       |       |     |     |   13
       10 |  10        3 |           9 |    10       |  10   |  10   |     |     |   10  10
       14 |  14        7 |          14 |    14       |  14   |  14   |     |     |    8  14
       13 |   5          |          13 |    13       |   5   |   5   |     |     |   13   5
        3 |   3          |           7 |     3       |   3   |   3   |     |     |    1   3

      | IV~2     |         |   VII       | vi   IV^1 |     | iii
  iii | ii-7     |     vii | iii^1       | vi   IV^1 |     |
   12 |   12     |      12 |    15       | 15     11 |     |   8
      |   11     |         |    21       | 20      8 |     |  14
      |          |         |             | 10     13 |     |   5
      |          |         |             | 13        |     |   3
   10 |    9     |       9 |    12       | 10     11 |     |   7
   14 |   14     |      14 |    10       |  8      8 |     |
    5 |    4     |       2 |    14       | 13      4 |     |
    3 |    2     |       7 |     5       |  6      6 |     |

171. Lord, Enthroned in Heavenly Splendor (Bb, 150bpm)
II~2   II~4  II |        II |     II~4      | II~4  II II~4 | II~2   II~4  II |        II
   V    V^1 'II |       'II |      V^1  I   | II~4 'II    V |    V    V^1 'II |       'II
  10     13  14 |        14 |       17 16   |   14  14   13 |   10     13  14 |        14
   9     12  13 |        13 |       16      |   13  13   12 |    9     12  13 |        13
          9   9 |         9 |       12      |   12   9    9 |           9   9 |         9
                |           |        9      |    9          |                 |
  14     14   9 |         9 |       14  8   |    9   9   14 |   14     14   9 |         9
  12     12   6 |         6 |       12 12   |    6   6   12 |   12     12   6 |         6
   9      9   2 |         2 |        9 10   |    5   2    9 |    9      9   2 |         2
   5      7     |           |        7  1   |    2        5 |    5      7     |

    II~4      | II~4  II II~4 | II~4 V^2     |  II       II |    IV II~2   II~2
     V^1  I   | II~4 'II    V |    V V~4     | 'II    I 'II |   'IV vii-   vii-
      17 16   |   14  14   13 |   13  14     |  14   16  14 |    16   17     17
      16      |   13  13   12 |   12  12     |  13       13 |     8   16     16
      12      |   12   9    9 |    9   9     |   9        9 |    13   14     14
       9      |    9          |              |              |    11    9      9
      14  8   |    9   9   14 |   14   8     |   9    8   9 |     1   14     14
      12 12   |    6   6   12 |   12  12     |   6   12   6 |     6   11     11
       9 10   |    5   2    9 |    9   9     |   2   10   2 |     4    9      9
       7  1   |    2        5 |    5   5     |        1     |          7      7

OpenHymnal -- Harp Lead Sheets                                                               Page 81
----------------------------------------------------------------------------------------------------
     IV II~2      vi   VI~2 iii^2 | II~2     | II~4      II~4  II | II~4
    'IV  vii     'vi         'iii |  'II     |  V^1  I   II~4 'II |    V
     16   17      16     14    13 |   17     |   17 16     14  14 |   13
      8   16       8     13    12 |   16     |   16        13  13 |   12
     13           13     10    10 |   13     |   12        12   9 |    9
     11                   6     7 |    9     |    9         9     |
      1   16      10      3     5 |    9     |   14  8      9   9 |   14
      6   14       1            3 |    6     |   12 12      6   6 |   12
      4    9       6              |    2     |    9 10      5   2 |    9
           7                      |          |    7  1      2     |    5

172. No, Not One! (F, 95bpm)
IVM7      IV    vi VI~2 |   ii7      |     V~4 | IVM7   V  IV | IVM7      IV    vi VI~2
 'vi     'vi 'IV^1  'vi |         IV |       I |  'vi IM7 'vi |  'vi     'vi 'IV^1  'vi
  10       8     8   14 |     8   12 |       9 |   10   9   8 |   10       8     8   14
   8      13    13   13 |    14      |       8 |    8   8  13 |    8      13    13   13
  13       4            |     4      |      12 |   13  14   4 |   13       4
   4                    |     2      |         |    4  12     |    4
   1       1     4    3 |     7   11 |      10 |    1  10   1 |    1       1     4    3
   6       6     1    1 |          8 |       8 |    6   8   6 |    6       6     1    1
                 6    6 |         13 |      12 |       14     |                  6    6
                        |          4 |       1 |        1     |

  ii7      |     V~4 |        V  IV | IVM7             |       V  IV |               |     V~4
        IV |       I | vi^1 IM7 'vi |  'vi     iv-7 IV |     IM7 'vi |       iv-7 IV |       I
    8   12 |       9 |   10   9   8 |   10       20 19 |       9   8 |         20 19 |       9
   14      |       8 |        8  13 |    8             |       8  13 |               |       8
    4      |      12 |       14   4 |   13             |      14   4 |               |      12
    2      |         |       12     |    4             |      12     |               |
    7   11 |      10 |    8  10   1 |    1       11 11 |      10   1 |         11 11 |      10
         8 |       8 |   13   8   6 |    6        9  8 |       8   6 |          9  8 |       8
        13 |      12 |    3  14     |            14 13 |      14     |         14 13 |      12
         4 |       1 |    1   1     |             4  4 |       1     |          4  4 |       1

IVM7      IV    vi VI~2 |   ii7      |     V~4 |        V  IV
 'vi     'vi 'IV^1  'vi |         IV |       I | vi^1 IM7 'vi
  10       8     8   14 |     8   12 |       9 |   10   9   8
   8      13    13   13 |    14      |       8 |        8  13
  13       4            |     4      |      12 |       14   4
   4                    |     2      |         |       12
   1       1     4    3 |     7   11 |      10 |    8  10   1
   6       6     1    1 |          8 |       8 |   13   8   6
                 6    6 |         13 |      12 |    3  14
                        |          4 |       1 |    1   1

173. None Other Lamb (D, 110bpm)
     vii- vi |        vii- vi |        iii |   VII   vii7          |  VI~4   vii7  V~4
ii^1 iii7 'I |   ii^1 iii7 'I |       vi^1 | vii%7   III7 vi^2     | 'II~2      V 'I~2
  12   11 11 |     12   11 11 |         12 |    15     13   12     |    12     13   12
       10 10 |          10 10 |         10 |    21     10          |    10     12    9
        9  8 |           9  8 |            |    14      9          |     9      9    8
       14  6 |          14  6 |            |     7     14          |     6     14    5
  11   12  5 |     11   12  5 |          8 |     6     10   10     |     3     12    2
   9   10  3 |      9   10  3 |          6 |     4      9    8     |     2      9    1
   6    9  1 |      6    9  1 |          3 |     2     14    6     |           14
   4    3    |      4    3    |          1 |     7      3    3     |            5

OpenHymnal -- Harp Lead Sheets                                                               Page 82
----------------------------------------------------------------------------------------------------
vii%7           vii7  vi7 vi |   | vii   vi |
   IV ii^1 ii^1    V 'I~4 'I |   |   V   'I |
   13   12   12   13   12 11 |   |   9   11 |
   11             12   11 10 |   |  14   10 |
    9              9    8  8 |   |        8 |
   14             14    6  6 |   |        6 |
   13   11   11   12    4  5 |   |  12    5 |
   11    9    9    9    1  3 |   |   9    3 |
   14    6    6   14       1 |   |  14    1 |
    4    4    4    5         |   |   5      |

174. O Be Glad All Nations on Earth (F, 230bpm)
IVM7   | v-7       | ii7 V~4 | IVM7  V~4 IVM7 |    VI~4   vii | IV~2        V |    V |  IV
 'vi   | I^1       |       I |  'vi IV~2  'vi |   'vii- 'vii- | IV^1   ii V^1 |    I | 'vi
  10   |  19       |   8   9 |   10    9   10 |      10     9 |   19   10   9 |   14 |   8
   8   |  10       |  13   8 |    8    8    8 |       9    14 |   11       14 |   12 |  13
  13   |  12       |   4  12 |   13   12   13 |      14       |            12 |      |   4
   4   |           |   2     |    4         4 |      13       |               |      |
   1   |  10       |   6  10 |    1   11    1 |       4     4 |    8    9   9 |   10 |   1
   6   |   8       |       8 |    6    8    6 |       2     2 |   13   13  14 |    8 |   6
       |  12       |      12 |        12      |       7     7 |    4    4  12 |   12 |
       |   3       |       1 |         4      |               |    6    2   7 |    1 |

IVM7   | v-7       | ii7 V~4 | IVM7  V~4 IVM7 |    VI~4   vii | IV~2        V |    V |  IV
 'vi   | I^1       |       I |  'vi IV~2  'vi |   'vii- 'vii- | IV^1   ii V^1 |    I | 'vi
  10   |  19       |   8   9 |   10    9   10 |      10     9 |   19   10   9 |   14 |   8
   8   |  10       |  13   8 |    8    8    8 |       9    14 |   11       14 |   12 |  13
  13   |  12       |   4  12 |   13   12   13 |      14       |            12 |      |   4
   4   |           |   2     |    4         4 |      13       |               |      |
   1   |  10       |   6  10 |    1   11    1 |       4     4 |    8    9   9 |   10 |   1
   6   |   8       |       8 |    6    8    6 |       2     2 |   13   13  14 |    8 |   6
       |  12       |      12 |        12      |       7     7 |    4    4  12 |   12 |
       |   3       |       1 |         4      |               |    6    2   7 |    1 |

IV~2      | v-7           |   IV      VI~4 |      V~4 | iii      | v-7
IV^1 IV   | I^1 IV ii^1   | vii-     'vii- | IV^2   I |  vi IV   |   I IV ii^1
  19 19   |  19 19   20   |   20        10 |   10   9 |  19 19   |  19 19   20
  11      |  10           |   11         9 |        8 |  10      |  10
          |  12           |             14 |       12 |          |  12
          |               |             13 |          |          |
   8 11   |  10 11   11   |    9         4 |    8  10 |   8 11   |  10 11   11
  13  8   |   8  8    9   |   14         2 |   13   8 |  13  8   |   8  8    9
   4 13   |  12 13   13   |    4         7 |    4  12 |   3 13   |  12 13   13
   6  4   |   3  4    4   |    7           |    1   1 |   6  4   |   1  4    4

  IV IV~2   IVM7 | V~4 | IVM7   | v-7       | ii7   V |  VI~4 V~2   |    VI~4   V
vii- IV^1    'vi |   I |  'vi   | I^1       |     V^1 | 'ii^2 VI7   |   'ii^2 V^1
  20   19     10 |   9 |   10   |  19       |   8   9 |    10   9   |      10   9
  11   11      8 |   8 |    8   |  10       |  13  14 |     9  13   |       9  14
              13 |  12 |   13   |  12       |   4  12 |    13  12   |      13  12
               4 |     |    4   |           |   2     |             |
   9    8      1 |  10 |    1   |  10       |   6   9 |     4  10   |       4   9
  14   13      6 |   8 |    6   |   8       |      14 |     2  13   |       2  14
   4    4        |  12 |        |  12       |      12 |     6  12   |       6  12
   7    6        |   1 |        |   3       |       7 |         6   |           7

OpenHymnal -- Harp Lead Sheets                                                               Page 83
----------------------------------------------------------------------------------------------------
IV~2   IVM7   V |    V |  IV
IV^1    'vi V^1 |    I | 'vi
  19     10   9 |   14 |   8
  11      8  14 |   12 |  13
         13  12 |      |   4
          4     |      |
   8      3   9 |   10 |   1
  13      1  14 |    8 |   6
   4      6  12 |   12 |
   6          7 |    1 |

175. O For A Thousand Tongues (Ab, 200bpm)
  |         | vi^2       | vi^2     vi^2 |     |         |           |         |
  |         |   vi       |   vi       vi |     |         |           |         |
  |         |   17       |   17       17 |     |         |           |         |
  |         |    8       |    8        8 |     |         |           |         |
  |         |   13       |   13       13 |     |         |           |         |
  |         |   10       |   10       10 |     |         |           |         |
  |         |    8       |    8        8 |     |         |           |         |
  |         |   13       |   13       13 |     |         |           |         |
  |         |   10       |   10       10 |     |         |           |         |
  |         |    6       |    6        6 |     |         |           |         |

176. O The Deep, Deep Love of Jesus (Ab, 180bpm)
 IV   iii   iii   |   iii           | vi^2       I^1     |     iii  IV |  IV   iii   iii
'IV   vi7     I   |     I           |   vi       I^1     |     IM7 'IV | 'IV   vi7     I
 13    14    14   |    14           |   17        17     |      14  13 |  13    14    14
 11    13    12   |    12           |    8         8     |      12  11 |  11    13    12
       12    10   |    10           |   13        12     |      10     |        12    10
       10         |                 |   10        10     |             |        10
  1     8     8   |     8           |    8         8     |       8   1 |   1     8     8
  6    13    12   |    12           |   13        12     |      14   6 |   6    13    12
  4    12    10   |    10           |   10         1     |      12   4 |   4    12    10
        6     1   |     1           |    6         3     |       1     |         6     1

  iii           | vi^2       I^1     |     iii  IV | vi^2     vi^2     |     iii   V7
    I           |   vi       I^1     |     IM7 'IV |   vi     vi^2     |     vi7
   14           |   17        17     |      14  13 |   17       17     |      14   14
   12           |    8         8     |      12  11 |    8        8     |      13   12
   10           |   13        12     |      10     |   13       13     |      12   11
                |   10        10     |             |   10       10     |      10    5
    8           |    8         8     |       8   1 |    8        8     |       8    4
   12           |   13        12     |      14   6 |   13       13     |      13
   10           |   10         1     |      12   4 |   10        6     |      12
    1           |    6         3     |       1     |    6        3     |       6

 IV   IV    V       |         I^1 |     iii   iii   |   iii           | vi^2   vi^2   vi^2
'IV III+ vi^2       |           I |     vi7     I   |     I           |   vi   vi^2     vi
 13   13   14       |          17 |      14    14   |    14           |   17     17     17
 11   11   13       |           8 |      13    12   |    12           |    8      8      8
           12       |          12 |      12    10   |    10           |   13     13     13
                    |          10 |      10         |                 |   10     10     10
  1   10   10       |           8 |       8     8   |     8           |    8      8      8
  6    1    1       |          12 |      13    12   |    12           |   13     13     13
  4    4    6       |          10 |      12    10   |    10           |   10      6     10
       3    3       |           1 |       6     1   |     1           |    6      3      6

OpenHymnal -- Harp Lead Sheets                                                               Page 84
----------------------------------------------------------------------------------------------------
    iii  IV
    IM7 'IV
     14  13
     12  11
     10

      8   1
     14   6
     12   4
      1

177. One Thing's Needful (Eb, 120bpm)
    V~2      |            |    V~2   iii |     vii   |     V~2      |            |    V~2   iii
      I vii- |     V~4  V | vi   I       |   'vii-   |       I vii- |     V~4  V | vi   I
     20   21 |      21 21 | 20  20    10 |       9   |      20   21 |      21 21 | 20  20    10
     12      |            | 13  12    14 |      14   |      12      |            | 13  12    14
             |            |            5 |           |              |            |            5
             |            |            3 |           |              |            |            3
     10   11 |      12 12 | 10  10     7 |       4   |      10   11 |      12 12 | 10  10     7
      8    9 |       9  9 |  8   8       |       2   |       8    9 |       9  9 |  8   8
      5   14 |       8 14 | 13   5       |       7   |       5   14 |       8 14 | 13   5
      1    7 |       5  5 |  6   1       |           |       1    7 |       5  5 |  6   1

    vii   |   VI~4 iii    V iii |   vii vi   vii  VII~4 |       | iii     |    V~2 VI+ |     iii
  'vii-   |     ii     'vii     | 'vii- vi 'vii- 'iii^2 |       |         | vi   I  IV |
      9   |      9  10   10  10 |     9  9     9     10 |       |  10     | 20  20  20 |      10
     14   |     13  14    9  14 |    14  8    14     14 |       |  14     | 13  12  11 |      14
          |          5   14   5 |       13              |       |   5     |         13 |       5
          |          3    5   3 |                       |       |   3     |            |       3
      4   |     11   7    2   7 |     4 10     4      5 |       |   7     | 10  10  11 |       7
      2   |      9        7     |     2  8     2      3 |       |         |  8   8   8 |
      7   |     13              |     7 13     7      7 |       |         | 13   5  13 |
          |      2              |        6              |       |         |  6   1   4 |

   VII~4 VI~4 |       VI~4 | iii    V iii |   vii vi   vii  VII~4 |       | iii   |    V~2 VI+
  'iii^2 vii- |         ii |     'vii     | 'vii- vi 'vii- 'iii^2 |       |       | vi   I  IV
      10    9 |          9 |  10   10  10 |     9  9     9     10 |       |  10   | 20  20  20
      14   14 |         13 |  14    9  14 |    14  8    14     14 |       |  14   | 13  12  11
           13 |            |   5   14   5 |       13              |       |   5   |         13
              |            |   3    5   3 |                       |       |   3   |
       5   11 |         11 |   7    2   7 |     4 10     4      5 |       |   7   | 10  10  11
       3    9 |          9 |        7     |     2  8     2      3 |       |       |  8   8   8
       7   14 |         13 |              |     7 13     7      7 |       |       | 13   5  13
            7 |          2 |              |        6              |       |       |  6   1   4

    iii |    VII~4 VI~4 |
        |   'iii^2 vii- |
     10 |       10    9 |
     14 |       14   14 |
      5 |            13 |
      3 |               |
      7 |        5   11 |
        |        3    9 |
        |        7   14 |
        |             7 |

OpenHymnal -- Harp Lead Sheets                                                               Page 85
----------------------------------------------------------------------------------------------------
178. Praise My Soul The King Of Heaven (Eb, 120bpm)
    |     |      |    |   |   iii |      |      |   vii |  vii   |    VI~4 | V~2   |     |    VI+
    |     |    V | vi |   |       | vi   |  I   | 'vii- | 'V^1   |  I   ii | I^1   |     |   IVM7
    |     |   21 | 20 |   |    10 | 20   | 10   |     9 |   10   | 10   10 |  20   |     |     20
    |     |      | 13 |   |    14 | 13   |      |    14 |    9   |       9 |  12   |     |     11
    |     |      |    |   |     5 |      |      |       |   14   |      13 |       |     |     13
    |     |      |    |   |     3 |      |      |       |        |         |       |     |
    |     |   12 | 10 |   |     7 | 10   |  8   |     4 |    5   |  8   11 |  10   |     |     11
    |     |    9 |  8 |   |       |  8   |  5   |     2 |    2   |  5    9 |   8   |     |     10
    |     |   14 | 13 |   |       | 13   |  3   |     7 |    7   |  3   13 |   5   |     |      8
    |     |    5 |  6 |   |       |  6   |  1   |       |        |  1    2 |   3   |     |      4

       | I^1   |   |      |      |     V | VI+   | V~2   |     vi |     |
vii-   |       |   |    V | vi   |   I~4 | ii7   | I^1   |   IV^1 |     |
  21   |  10   |   |   21 | 20   |    21 |  20   |  20   |      9 |     |
       |   8   |   |      | 13   |    12 |  11   |  12   |      8 |     |
       |   5   |   |      |      |       |  13   |       |     13 |     |
       |   3   |   |      |      |       |       |       |        |     |
  11   |   1   |   |   12 | 10   |     8 |  11   |  10   |     11 |     |
   9   |       |   |    9 |  8   |     5 |   9   |   8   |      8 |     |
  14   |       |   |   14 | 13   |     4 |   8   |   5   |      4 |     |
   7   |       |   |    5 |  6   |     1 |   2   |   3   |      6 |     |

179. The Galilean Fishers Toil (G, 120bpm)
 V |       iii |     ii^1  V    V |          III ii^1 | II~2 II~2 | ii^1 iii    V |     IV~2 IV~2
'V |        'V | V^1   ii 'V 'vii | vi^1 V^1  vi   ii |    V    V |   ii  'V   'V |       ii vii-
 8 |         8 |  10    9  8    8 |    9  10  18    9 |   10   10 |    9   8    8 |       12   12
14 |        14 |       13 14   14 |           10   13 |    9    9 |   13  14   14 |       11   11
12 |        12 |       11 12   12 |                11 |           |   11  12   12 |
   |         3 |                  |                   |           |        3      |
 2 |         7 |   9    9  2    2 |    8   9   8    9 |   14   14 |    9   7    2 |        9    9
 7 |         5 |  14   13  7    7 |   13  14  13   13 |   12   12 |   13   5    7 |       13   14
 5 |           |  12   11  5      |    3  12   3   11 |    7    7 |   11        5 |       11   11
   |           |   7    2         |    1   7   6    2 |    5    5 |    2          |        2    7

iii ii^1     ii^1 |  V IV~2 |    V ii^1 II~2 iii | III   II~2    V |      V ii^1 |  V  V
 'V   ii V^1   ii | 'V   ii | 'vii   ii    V  'V |   I      V 'vii |     'V   ii | 'V 'V
  8    9  10    9 |  8   12 |    8    9   10   8 |  18     10    8 |      8    9 |  8  8
 14   13       13 | 14   11 |   14   13    9  14 |  10      9   14 |     14   13 | 14 14
 12   11       11 | 12      |   12   11       12 |              12 |     12   11 | 12 12
  3               |         |                  3 |                 |             |
  7    9   9    9 |  2    9 |    2    9   14   7 |   8     14    2 |      2    9 |  2  2
  5   13  14   13 |  7   13 |    7   13   12   5 |  12     12    7 |      7   13 |  7  7
      11  12   11 |  5   11 |        11    7     |   3      7      |      5   11 |  5  5
       2   7    2 |       2 |         2    5     |   1      5      |           2 |

      IV     | V~2    V   | ii^1 II~2 III ii^1 |  V
  I^1 ii V^1 |   I   'V   | ii^1    V   I   ii | 'V
   18 19  19 |  20   19   |    9   10  18    9 |  8
      18     |  19   14   |   13    9  10   13 | 14
      13     |       12   |   11            11 | 12
      11     |            |                    |
   10  9   9 |  10    2   |    9   14   8    9 |  2
    8 13  14 |   8    7   |   13   12  12   13 |  7
   12 11  12 |  12    5   |    2    7   3   11 |  5
    3  2   7 |   1        |    4    5   1    2 |

OpenHymnal -- Harp Lead Sheets                                                               Page 86
----------------------------------------------------------------------------------------------------
180. The Lily of the Valley (F, 100bpm)
 IV   |             |        vi |   V   VII     |       V~4 | IVM7       |   IV IV~2 IVM7    vi
'vi   |     iv-7 IV |     'IV^1 | V^1 'vii-     | IV   IV~2 |  'vi       | vii- IV^1  'vi 'IV^1
  8   |       20 19 |         8 |   9     8     | 12      9 |   10       |   20   19   10     8
 13   |             |        13 |  14    14     |         8 |    8       |   11   11    8    13
  4   |             |           |  12           |        12 |   13       |             13
      |             |           |               |           |    4       |              4
  1   |       11 11 |         4 |   9     4     | 11     11 |    1       |    9    8    1     4
  6   |        9  8 |         1 |  14     2     |  8      8 |    6       |   14   13    6     1
      |       14 13 |         6 |  12     7     | 13     12 |            |    4    4          6
      |        4  4 |           |   7           |  4      4 |            |    7    6

V~4 |    IV   |             |       |   V   VII     |     IV  V~4 | IVM7     V ii7 |   V      V
  I |   'vi   |     iv-7 IV |       | V^1 'vii-     | IV 'vi IV~2 |  'vi   IM7     | V^1      I
  9 |     8   |       20 19 |       |   9     8     | 12   8    9 |   10     9   8 |   9     14
  8 |    13   |             |       |  14    14     |     13    8 |    8     8  13 |  14     12
 12 |     4   |             |       |  12           |      4   12 |   13    14   4 |  12
    |         |             |       |               |             |    4    12   2 |
 10 |     1   |       11 11 |       |   9     4     | 11   1   11 |    1    10   6 |   9     10
  8 |     6   |        9  8 |       |  14     2     |  8   6    8 |    6     8     |  14      8
 12 |         |       14 13 |       |  12     7     | 13       12 |         14     |  12     12
  1 |         |        4  4 |       |   7           |  4        4 |          1     |   7      1

 IV |     |   VII       |       IV |             |      V~4 |  IV  V    vi  IV
'vi |     | 'vii-       |     vii- | iv-7 IV     |     IV~2 | 'vi V7 'IV^1 'vi
  8 |     |     8       |       20 |   20 19     |        9 |   8  8     8   8
 13 |     |    14       |       11 |             |        8 |  13 14    13  13
  4 |     |             |          |             |       12 |   4 12         4
    |     |             |          |             |          |      5
  1 |     |     4       |        9 |   11 11     |       11 |   1  4     4   1
  6 |     |     2       |       14 |    9  8     |        8 |   6  2     1   6
    |     |     7       |        4 |   14 13     |       12 |      7     6
    |     |             |        7 |    4  4     |        4 |      5

  IV IV~2 IVM7    vi | V~4 |    IV   |             |        vi |   V   VII     |       V~4
vii- IV^1  'vi 'IV^1 |   I |   'vi   |     iv-7 IV |     'IV^1 | V^1 'vii-     | IV   IV~2
  20   19   10     8 |   9 |     8   |       20 19 |         8 |   9     8     | 12      9
  11   11    8    13 |   8 |    13   |             |        13 |  14    14     |         8
            13       |  12 |     4   |             |           |  12           |        12
             4       |     |         |             |           |               |
   9    8    1     4 |  10 |     1   |       11 11 |         4 |   9     4     | 11     11
  14   13    6     1 |   8 |     6   |        9  8 |         1 |  14     2     |  8      8
   4    4          6 |  12 |         |       14 13 |         6 |  12     7     | 13     12
   7    6            |   1 |         |        4  4 |           |   7           |  4      4

IVM7     V ii7 |   V      V |  IV |
 'vi   IM7     | V^1      I | 'vi |
  10     9   8 |   9     14 |   8 |
   8     8  13 |  14     12 |  13 |
  13    14   4 |  12        |   4 |
   4    12   2 |            |     |
   1    10   6 |   9     10 |   1 |
   6     8     |  14      8 |   6 |
        14     |  12     12 |     |
         1     |   7      1 |     |

OpenHymnal -- Harp Lead Sheets                                                               Page 87
----------------------------------------------------------------------------------------------------
181. We Know Thee Who Thou Art (D, 120bpm)
IV~2 | vii7        IV | III   | vii        vii7 | vi   |    vii     |   vii7 IV~2
  ii |    V ii^1   ii |   I   |   V   ii^1    V | 'I   |   II~4     |      V   ii
  12 |   13   12   15 |  11   |   9     12   13 |  9   |      9     |     13   12
  11 |   12        13 |  10   |  14          12 |  8   |     14     |     12   11
     |    9        11 |       |               9 |  6   |            |      9
     |   14           |       |              14 |      |            |     14
   9 |   12   11    9 |   8   |  12     11   12 |  3   |     10     |     12    9
   6 |    9    9    6 |   5   |   9      9    9 |  1   |      5     |      9    6
   4 |   14    6    4 |   3   |  14      6   14 |      |      3     |     14    4
   2 |    5    4    2 |   1   |   5      4    5 |      |      2     |      5    2

vii-   vii vi |
iii7     V 'I |
  11     9  9 |
  10    14  8 |
   9        6 |
  14          |
  12    12  3 |
  10     9  1 |
   9    14    |
   3     5    |

182. By Grace I'm Saved (F, 120bpm)
     vi v-7 |   IV v-7   IVM7 | V~4  IV |   V~4 ii7 |     V IVM7   IVM7 | V~4 |      IV~2
  'IV^1   I | vii-   I    'vi | I~4 'vi |     I     | iii^1  'vi    'vi |   I | IV   IV^1
     10  19 |   20  19     10 |   9   8 |     9   8 |     9   10     10 |   9 | 19     19
      8  10 |   11  10      8 |   8  13 |     8  13 |    14    8      8 |   8 |        11
     13  12 |       12     13 |  12   4 |    12   4 |    12   13     13 |  12 |
            |               4 |         |         2 |          4      4 |     |
      4  10 |    9  10      1 |   8   1 |    10   6 |    10    1      1 |  10 | 11      8
      1   8 |   14   8      6 |  12   6 |     8     |    14    6      6 |   8 |  8     13
      6  12 |    4  12        |   4     |    12     |     3             |  12 | 13      4
          1 |    7   1        |   1     |     1     |     5             |   1 |  4      6

  IV v-7   IVM7 | V~4  IV |   V~4 ii7 |     V IVM7   IVM7 | V~4 | V~4   V V~4 | IVM7 v-7
vii-   I    'vi | I~4 'vi |     I     | iii^1  'vi    'vi |   I |   I V^2 I^1 |  'vi I^1 IV
  20  19     10 |   9   8 |     9   8 |     9   10     10 |   9 |   9   9   9 |   10  19 19
  11  10      8 |   8  13 |     8  13 |    14    8      8 |   8 |   8  14   8 |    8  10
      12     13 |  12   4 |    12   4 |    12   13     13 |  12 |  12  12  12 |   13  12
              4 |         |         2 |          4      4 |     |             |    4
   9  10      1 |   8   1 |    10   6 |    10    1      1 |  10 |  10   9  10 |    1  10 11
  14   8      6 |  12   6 |     8     |    14    6      6 |   8 |   8  14   8 |    6   8  8
   4  12        |   4     |    12     |     3             |  12 |  12  12  12 |       12 13
   7   1        |   1     |     1     |     5             |   1 |   1   2   3 |        3  4

v-7 v-7 | IVM7    vi   IV   | I^2 V~4 |  IV
  I I^1 |  'vi 'IV^1 vii-   |   I I~4 | 'vi
 19  19 |   10     8   20   |  10   9 |   8
 10  10 |    8    13   11   |   8   8 |  13
 12  12 |   13              |  12  12 |   4
        |    4              |         |
 10  10 |    1     4    9   |  10   8 |   1
  8   8 |    6     1   14   |   8  12 |   6
 12  12 |          6    4   |  12   4 |
  1   3 |               7   |   1   1 |

OpenHymnal -- Harp Lead Sheets                                                               Page 88
----------------------------------------------------------------------------------------------------
183. Christ My King On High (Bb, 150bpm)
  ii   |    II |  VI~2   | V~2 |   ii II~2 | II~2       | II~2   |    |   ii   |    II |  VI~2
vii-   |   'II | III~4   | iii | vii-    V |    V V~4   | iv-7   | IV | vii-   |   'II | III~4
  12   |    14 |    14   |  13 |   12   10 |   10   9   |   10   |  9 |   12   |    14 |    14
  11   |    13 |    13   |  12 |   11    9 |    9       |    9   |    |   11   |    13 |    13
   9   |     9 |         |     |    9      |            |        |    |    9   |     9 |
       |       |         |     |           |            |        |    |        |       |
  14   |     9 |    10   |  10 |   14   14 |   14   8   |   11   |  8 |   14   |     9 |    10
  11   |     6 |     7   |   7 |   11   12 |   12  12   |    9   | 13 |   11   |     6 |     7
   9   |     2 |     6   |   5 |    9    9 |    9   9   |    7   | 11 |    9   |     2 |     6
   7   |       |     3   |   3 |    7    5 |    5   5   |    4   |  4 |    7   |       |     3

V~2 |   ii II~2 |         | II~2    |
iii | vii-    V |   V~4   | iv-7 IV |
 13 |   12   10 |     9   |   10  9 |
 12 |   11    9 |         |    9    |
    |    9      |         |         |
    |           |         |         |
 10 |   14   14 |     8   |   11  8 |
  7 |   11   12 |    12   |    9 13 |
  5 |    9    9 |     9   |    7 11 |
  3 |    7    5 |     5   |    4  4 |

184. Dear Christians, One and All Rejoice (G, 110bpm)
iii  V~4   | ii^1 iii      ii^1 | II~2 iii | II~2       IV II~2 | II~4  V | iii  V~4
 'V 'V~4   |   ii  'V vi^1   ii |    V  'V |    V I^1 ii^1    V | 'V~2 'V |  'V 'V~4
  8    8   |    9   8    9    9 |   10   8 |   10  18   19   10 |    9  8 |   8    8
 14   12   |   13  14        13 |    9  14 |    9       18    9 |   13 14 |  14   12
 12        |   11  12        11 |       12 |            13      |   12 12 |  12
  3        |        3           |        3 |            11      |    2    |   3
  7    2   |    9   7    8    9 |   14   7 |   14  10    9   14 |    6  2 |   7    2
  5    1   |   13   5   13   13 |   12   5 |   12   8   13   12 |    5  7 |   5    1
       5   |   11        3   11 |    7     |    7  12    2    7 |       5 |        5
           |    2        1    2 |    5     |    5   3    4    5 |         |

ii^1 iii      ii^1 | II~2 iii | II~2       IV II~2 | II~4  V | iii IVM7 IV |     iii   |
  ii  'V vi^1   ii |    V  'V |    V I^1 ii^1    V | 'V~2 'V |  'V 'VI+ IV |      'V   |
   9   8    9    9 |   10   8 |   10  18   19   10 |    9  8 |  10   10  9 |       8   |
  13  14        13 |    9  14 |    9       18    9 |   13 14 |  14   13  8 |      14   |
  11  12        11 |       12 |            13      |   12 12 |  12   11 13 |      12   |
       3           |        3 |            11      |    2    |   3      11 |       3   |
   9   7    8    9 |   14   7 |   14  10    9   14 |    6  2 |   7   13  8 |       7   |
  13   5   13   13 |   12   5 |   12   8   13   12 |    5  7 |   5   11 13 |       5   |
  11        3   11 |    7     |    7  12    2    7 |       5 |        6 11 |           |
   2        1    2 |    5     |    5   3    4    5 |         |           4 |           |

     V   | iii        | iii II~2 III |   IV II~2 ii^1 |  V
    'V   |  'V vi^1   |  'V    V  vi | ii^1    V   ii | 'V
     8   |   8    9   |   8   10  18 |   19   10    9 |  8
    14   |  14        |  14    9  10 |   18    9   13 | 14
    12   |  12        |  12          |   13        11 | 12
         |   3        |   3          |   11           |
     2   |   7    8   |   7   14   8 |    9   14    9 |  2
     7   |   5   13   |   5   12  13 |   13   12   13 |  7
     5   |        3   |        7   3 |    2    7   11 |  5
         |        1   |        5   6 |    4    5    2 |

OpenHymnal -- Harp Lead Sheets                                                               Page 89
----------------------------------------------------------------------------------------------------
185. Dear Christians, One and All Rejoice (G, 140bpm)
 V   IV~2 | iii III     ii^1 |  V   | ii^1 III     ii^1 |      V |  V   IV~2 | iii III     ii^1
'V   ii^1 |  'V   I V^2   ii | 'V   |   ii  vi V^1   ii |     'V | 'V   ii^1 |  'V   I V^2   ii
 8     12 |   8  18  10    9 |  8   |    9  18  10    9 |      8 |  8     12 |   8  18  10    9
14     11 |  14  10       13 | 14   |   13  10       13 |     14 | 14     11 |  14  10       13
12        |  12           11 | 12   |   11           11 |     12 | 12        |  12           11
          |   3              |      |                   |        |           |   3
 2      9 |   7   8   9    9 |  2   |    9   8   9    9 |      2 |  2      9 |   7   8   9    9
 7     13 |   5  12  14   13 |  7   |   13  13  14   13 |      7 |  7     13 |   5  12  14   13
 5      2 |       3  12   11 |  5   |   11   3  12   11 |      5 |  5      2 |       3  12   11
        4 |       1   2    2 |      |    2   6   7    2 |        |         4 |       1   2    2

 V   | ii^1 III     ii^1 |      V |  V  ii II~2 |       IV  V   | IV   | V~2 IV  iv-
'V   |   ii  vi V^1   ii |     'V | 'I V~4    V | I^1 ii^1 'V   | ii   |   I IV ii-7 I^1
 8   |    9  18  10    9 |      8 |  8  18   10 |  18   19 19   | 19   |  20 18   19  18
14   |   13  10       13 |     14 | 14   9    9 |       18 14   | 18   |  19 13   18
12   |   11           11 |     12 | 12          |       13 12   | 13   |     11   14
     |                   |        |             |       11      | 11   |          11
 2   |    9   8   9    9 |      2 |  3   8   14 |  10    9  2   |  9   |  10  8    9  10
 7   |   13  13  14   13 |      7 |  1  12   12 |   8   13  7   | 13   |   8 13   14   8
 5   |   11   3  12   11 |      5 |      2    7 |  12    2  5   | 11   |  12 11   11  12
     |    2   6   7    2 |        |      5    5 |   3    4      |  2   |   1  4    2   3

II~2 ii^1  V |     vii%7^2   |    vi II~2 ii^1 |  V
   V   ii 'V | V^2    vii7   |   'vi    V   ii | 'V
  10    9  8 |  10       9   |     9   10    9 |  8
   9   13 14 |          14   |     8    9   13 | 14
       11 12 |          13   |    13        11 | 12
             |          11   |                 |
  14    9  2 |   9       9   |     3   14    9 |  2
  12   13  7 |  14      14   |     1   12   13 |  7
   7   11  5 |  12      13   |     6    7   11 |  5
   5    2    |   2       7   |          5    2 |

186. My Neighbor (G, 100bpm)
 V | II~4   iii    V |    ii^1 II~2 VII+ | III   IV II~2   |   V~4 IV  V  V | III ii^1 II~2
'V | 'V~2    'V 'vii |  I   ii    V      |  vi IV^1    V   | vi7^3 IV 'V 'V |  vi ii^1    V
 8 |    8     8    8 |  9    9   10    8 |  18   18   10   |     9  9  8 19 |  18    9   10
14 |   13    14   14 |      13    9   14 |  10   13    9   |     8  8 14 14 |  10   13    9
12 |   12    12   12 |      11        12 |       11        |    13 13 12 12 |       11
   |    2     3      |                 7 |                 |    12 11       |
 2 |    6     7    2 |  8    9   14    5 |   8    8   14   |     3  8  2  2 |   8    9   14
 7 |    5     5    7 | 12   13   12      |  13   13   12   |     1 13  7  7 |  13   13   12
 5 |                 |  3   11    7      |   3   11    7   |     6 11  5  5 |   3    2    7
   |                 |  1    2    5      |   6    6    5   |     5  4       |   6    4    5

     ii^1  V   |     iii     |      ii^1  V
vi^1   ii 'V   |      'V vii | vi^1   ii 'V
   9    9  8   |       8  10 |    9    9  8
       13 14   |      14     |        13 14
       11 12   |      12     |        11 12
               |       3     |
   8    9  2   |       7   9 |    8    9  2
  13   13  7   |       5  14 |   13   13  7
   3   11  5   |           2 |    3   11  5
   1    2      |           7 |    1    2

OpenHymnal -- Harp Lead Sheets                                                               Page 90
----------------------------------------------------------------------------------------------------
187. O Love, How Deep, How Broad, How High (E, 140bpm)
  |       |      V |  iii^1 vi |     |    iii^1   |         |     |     |    V
  |   iii |   'vii | 'VII~4 vi |     |   'VII~4   |         |     |     | 'vii iii
  |    12 |     12 |     12 11 |     |       12   |         |     |     |   12  12
  |       |      9 |     10 10 |     |       10   |         |     |     |    9
  |       |     14 |     14  8 |     |       14   |         |     |     |   14
  |       |      5 |      5 13 |     |        5   |         |     |     |    5
  |    10 |      2 |      3 10 |     |        3   |         |     |     |    2  10
  |    14 |      7 |      7  8 |     |        7   |         |     |     |    7  14
  |     5 |        |        13 |     |            |         |     |     |        5
  |     3 |        |         6 |     |            |         |     |     |        3

   iii^1 IV^1 |     | iii   vi |     |     | vi   |
  'VII~4   IV |     |     vi^2 |     |     | vi   |
      12   11 |     |   8    8 |     |     |  8   |
      10    8 |     |  14   13 |     |     | 13   |
      14   13 |     |   5      |     |     |      |
       5      |     |   3      |     |     |      |
       3   11 |     |   7   10 |     |     | 10   |
       7    8 |     |        8 |     |     |  8   |
           13 |     |       13 |     |     | 13   |
            4 |     |        3 |     |     |  6   |

188. Rock of Ages (Bb, 170bpm)
  ii iii^2 |   ii     iii^2 |   ii     V |   ii   IV    IV |    IV   |   IV       |    IV
vii-  'iii | vii-      'iii | vii-   iii | iv-7 IVM7   'IV |   'IV   | IVM7       |   'IV
  12    13 |   12        13 |   12    16 |   17   16    14 |    14   |   16       |    14
  11    12 |   11        12 |   11    14 |   16    8    13 |    13   |    8       |    13
   9    10 |    9        10 |    9    12 |   11   13    11 |    11   |   13       |    11
         7 |              7 |            |    9   11       |         |   11       |
  14     5 |   14         5 |   14    10 |   11   10     1 |     1   |   10       |     1
  11     3 |   11         3 |   11     7 |    9    1     6 |     6   |    1       |     6
   9       |    9           |    9     5 |    7    6     4 |     4   |    6       |     4
   7       |    7           |    7     3 |    4    4       |         |    4       |

  IV       |     ii iii^2 |   ii     iii^2 |   ii     V |   ii   IV    IV |
IVM7       |   vii-  'iii | vii-      'iii | vii-   iii | iv-7 IVM7   'IV |
  16       |     12    13 |   12        13 |   12    16 |   17   16    14 |
   8       |     11    12 |   11        12 |   11    14 |   16    8    13 |
  13       |      9    10 |    9        10 |    9    12 |   11   13    11 |
  11       |            7 |              7 |            |    9   11       |
  10       |     14     5 |   14         5 |   14    10 |   11   10     1 |
   1       |     11     3 |   11         3 |   11     7 |    9    1     6 |
   6       |      9       |    9           |    9     5 |    7    6     4 |
   4       |      7       |    7           |    7     3 |    4    4       |

189. Salvation Unto Us Has Come (Eb, 100bpm)
  |         |          |     iii   |   VI+     |         |          |     iii   |   VI+
  |         | vi       |           |    IV     |         | vi       |           |    IV
  |         | 20       |      10   |    20     |         | 20       |      10   |    20
  |         | 13       |      14   |    11     |         | 13       |      14   |    11
  |         |          |       5   |    13     |         |          |       5   |    13
  |         |          |       3   |           |         |          |       3   |
  |         | 10       |       7   |    11     |         | 10       |       7   |    11
  |         |  8       |           |     8     |         |  8       |           |     8
  |         | 13       |           |    13     |         | 13       |           |    13
  |         |  6       |           |     4     |         |  6       |           |     4

OpenHymnal -- Harp Lead Sheets                                                               Page 91
----------------------------------------------------------------------------------------------------
         |          |         | iii   iii   | VI~4   iii   vi |     vii
    vi   |   vi     |         |             |  VI+       IV^1 |   'vii-
    20   |   20     |         |  10    10   |    9    10    9 |       9
    13   |   13     |         |  14    14   |   13    14    8 |      14
         |          |         |   5     5   |          5   13 |
         |          |         |   3     3   |          3      |
    10   |   10     |         |   7     7   |   11     7   11 |       4
     8   |    8     |         |             |   13          8 |       2
    13   |   13     |         |             |    4          4 |       7
     6   |    6     |         |             |    6          6 |

190. Today Thy Mercy Calls Me (A, 140bpm)
iii | vi^2    IV iii7 |     vi^2 |      ii   iii7 | vi^2 iii | vi^2    IV iii7 |     vi^2
 vi | vi^1   'IV  iii |     vi^1 |   vii%7    iii |   vi  vi | vi^1   'IV  iii |     vi^1
 12 |    8     8    9 |        8 |      18      9 |    8  12 |    8     8    9 |        8
 10 |   13    13   14 |       13 |       9     14 |   13  10 |   13    13   14 |       13
    |   10    11   12 |       10 |             12 |   10     |   10    11   12 |       10
    |              10 |          |             10 |          |              10 |
  8 |    8     1   12 |        8 |      14     12 |    8   8 |    8     1   12 |        8
 13 |   13     6   10 |       13 |      13     10 |   13  13 |   13     6   10 |       13
 10 |   10     4    7 |       10 |      11      7 |   10  10 |   10     4    7 |       10
  6 |    1          3 |        1 |       7      3 |    6   6 |    1          3 |        1

     ii   iii7 | vi^2   |      IV   |       |     vi^2 iii7 |   iii |  IV     iii |  iii7 iii7
  vii%7    iii |   vi   |     'vi   |       |     vi^1  iii |    vi | 'IV      vi | iii^1  iii
     18      9 |    8   |       8   |       |        8    9 |    12 |   8      12 |     9    9
      9     14 |   13   |      13   |       |       13   14 |    10 |  13      10 |    14   14
            12 |   10   |      11   |       |       10   12 |       |  11         |    12   12
            10 |        |           |       |            10 |       |             |    10   10
     14     12 |    8   |       1   |       |        8   12 |     8 |   1       8 |    14   12
     13     10 |   13   |       6   |       |       13   10 |    13 |   6      13 |    12   10
     11      7 |   10   |           |       |       10    7 |    10 |   4      10 |    10    7
      7      3 |    6   |           |       |        1    3 |     6 |           6 |     5    3

   ii-7 vi^2   | vi^2
ii 'iv- vi^2   |   vi
18    9    8   |    8
     14   13   |   13
     11   10   |   10
      2        |
 9    7    8   |    8
13    4   13   |   13
11         6   |   10
 2         3   |    6

191. Abide With Me (Eb, 100bpm)
iii  vii VI~4 |     |          | iii |       |      |   ii-7 iii   |   | iii  vii VI~4 |
    'V^1 vii- |     | vi       |     |       | vi   |              |   |     'V^1 vii- |
 10   10    9 |     | 20       |  10 |       | 20   |      9  10   |   |  10   10    9 |
 14    9   14 |     | 13       |  14 |       | 13   |     14  14   |   |  14    9   14 |
  5   14   13 |     |          |   5 |       |      |      4   5   |   |   5   14   13 |
  3           |     |          |   3 |       |      |      2   3   |   |   3           |
  7    5   11 |     | 10       |   7 |       | 10   |      7   7   |   |   7    5   11 |
       2    9 |     |  8       |     |       |  8   |              |   |        2    9 |
       7   14 |     | 13       |     |       | 13   |              |   |        7   14 |
            7 |     |  6       |     |       |  6   |              |   |             7 |

OpenHymnal -- Harp Lead Sheets                                                               Page 92
----------------------------------------------------------------------------------------------------
      VII~4 | vi |    VI~4  iii^1   | iii VI~4     |  VII~4   vii |
         'I | IV | vii%7^3 'VII~4   |     vii-     | 'iii^2 'vii- |
         10 |  9 |       9     10   |  10    9     |     10     9 |
          8 |  8 |      14     14   |  14   14     |     14    14 |
         14 | 13 |       7      5   |   5   13     |              |
            |    |       6          |   3          |              |
          5 | 11 |       4      3   |   7   11     |      5     4 |
          3 |  8 |       2      7   |        9     |      3     2 |
          1 | 13 |       7          |       14     |      7     7 |
            |  4 |       6          |        7     |              |

192. Amazing Grace (G, 100bpm)
  |        V |      IV | iii   |     |  V      V |      IV |     |   II~2 |         |    V
  |     'vii | V^2 II7 |  'V   |     | 'V   'vii | V^2 I~2 | V^1 |      V |         | 'vii
  |        8 |  10   9 |   8   |     |  8      8 |  10   9 |  19 |     10 |         |    8
  |       14 |       8 |  14   |     | 14     14 |       8 |     |      9 |         |   14
  |       12 |      13 |  12   |     | 12     12 |      13 |     |        |         |   12
  |          |      11 |   3   |     |           |      11 |     |        |         |
  |        2 |   9   9 |   7   |     |  2      2 |   9   9 |   9 |     14 |         |    2
  |        7 |  14   8 |   5   |     |  7      7 |  14   8 |  14 |     12 |         |    7
  |          |  12  13 |       |     |  5        |  12   2 |  12 |      7 |         |
  |          |   2   2 |       |     |           |   2   1 |   7 |      5 |         |

     V     |     | iii       |    IV |  V |
  'vii     |     |  'V V^2   |   II7 | 'V |
     8     |     |   8  10   |     9 |  8 |
    14     |     |  14       |     8 | 14 |
    12     |     |  12       |    13 | 12 |
           |     |   3       |    11 |    |
     2     |     |   7   9   |     9 |  2 |
     7     |     |   5  14   |     8 |  7 |
           |     |      12   |    13 |  5 |
           |     |       2   |     2 |    |

193. Be Still My Soul (F, 100bpm)
IVM7   V IVM7 |   IVM7 |   V IVM7   IV V~4 |   IVM7 |       V IVM7 |   IVM7 |   V IVM7   IV V~4
 'vi iii  'vi |    'vi | iii  'vi 'vii   I |    'vi |     iii  'vi |    'vi | iii  'vi 'vii   I
  10   9   10 |     10 |   9   10    8   9 |     10 |       9   10 |     10 |   9   10    8   9
   8  14    8 |      8 |  14    8   14   8 |      8 |      14    8 |      8 |  14    8   14   8
  13  12   13 |     13 |  12   13    4  12 |     13 |      12   13 |     13 |  12   13    4  12
   4        4 |      4 |        4          |      4 |            4 |      4 |        4
   1  10    1 |      1 |  10    1    2  10 |      1 |      10    1 |      1 |  10    1    2  10
   6  14    6 |      6 |  14    6    7   8 |      6 |      14    6 |      6 |  14    6    7   8
      12      |        |  12            12 |        |      12      |        |  12            12
       3      |        |   3             1 |        |       3      |        |   3             1

IVM7 |          iii | IV   |   IV~2   V~4 |     |          V |    vi   |   VII      VI~4 |
 'vi |       IVM7^3 | ii   |   IV^1     I |     |     vi V^1 | 'IV^1   | 'vii-     'vii- |
  10 |           19 | 20   |     19     9 |     |     10   9 |    10   |     8        10 |
   8 |           11 | 11   |     11     8 |     |         14 |     8   |    14         9 |
  13 |           10 |      |           12 |     |         12 |    13   |              14 |
   4 |              |      |              |     |            |         |              13 |
   1 |            8 |  9   |      8    10 |     |      8   9 |     4   |     4         4 |
   6 |           13 | 13   |     13     8 |     |     13  14 |     1   |     2         2 |
     |            4 |  4   |      4    12 |     |      1  12 |     6   |     7         7 |
     |            3 |  2   |      6     1 |     |      6   7 |         |                 |

OpenHymnal -- Harp Lead Sheets                                                               Page 93
----------------------------------------------------------------------------------------------------
          iii | IV   |   IV~2   V~4 |     |          V |        | V~4     V   VII |  IV |
  IV   IVM7^3 | ii   |   IV^1     I |     |     vi V^1 | IV^2   | I~4   IM7 'vii- | 'vi |
  19       19 | 20   |     19     9 |     |     10   9 |   10   |   8     9     8 |   8 |
           11 | 11   |     11     8 |     |         14 |        |  12     8    14 |  13 |
           10 |      |           12 |     |         12 |        |        14       |   4 |
              |      |              |     |            |        |        12       |     |
  11        8 |  9   |      8    10 |     |      8   9 |    8   |   8    10     4 |   1 |
   8       13 | 13   |     13     8 |     |     13  14 |   13   |  12     8     2 |   6 |
  13        4 |  4   |      4    12 |     |      1  12 |    4   |   4    14     7 |     |
   4        3 |  2   |      6     1 |     |      6   7 |    1   |   1     1       |     |

194. Beneath The Cross Of Jesus (Db, 100bpm)
  |         |       |   IVM7     |    vi |       VI~2 |       VII~4 |         | IVM7   |
  |         |       |            | ii 'I |       vi^1 |        'iv- |         |        | ii
  |         |       |     10     | 10 10 |         21 |          10 |         |   10   | 10
  |         |       |      9     |     8 |         13 |          14 |         |    8   |
  |         |       |      6     |     6 |            |             |         |    6   |
  |         |       |      4     |       |            |             |         |    4   |
  |         |       |      2     |  9  4 |         10 |          11 |         |    1   |  9
  |         |       |            |  6  3 |          8 |          14 |         |        |  6
  |         |       |            |  4  1 |          6 |           4 |         |        |  4
  |         |       |            |  2    |          1 |             |         |        |  2

         |        vii |       | VI~2       |            | VI~4     vi   |
ii       |       vii- |       |  vi7       | ii         |  'ii   'I~4   |
10       |         10 |       |   21       | 10         |   10     10   |
         |          9 |       |   13       |            |    9      8   |
         |         14 |       |            |            |    6      6   |
         |            |       |            |            |               |
 9       |         11 |       |   12       |  9         |    4      4   |
 6       |          9 |       |   10       |  6         |    2      1   |
 4       |         14 |       |    8       |  4         |               |
 2       |          7 |       |    6       |  2         |               |

195. Blessed Assurance (D, 100bpm)
      |     vii- IV~2 vii7 | IV~2       |       vii7        | vi7       |     vii- IV~2 vii7
      |      V^2   ii  V^2 |   ii       |       III7 vi^2   |  'I       |      V^2   ii  V^2
      |       11   12   13 |   12       |         13   12   |  12       |       11   12   13
      |        9   11   12 |   11       |         10        |  10       |        9   11   12
      |       14         9 |            |          9        |   8       |       14         9
      |                 14 |            |         14        |   6       |                 14
      |        9    9    9 |    9       |         10   10   |   3       |        9    9    9
      |       14    6   14 |    6       |          9    8   |   1       |       14    6   14
      |        5    4    5 |    4       |         14    6   |           |        5    4    5
      |        2    2    2 |    2       |          3    3   |           |        2    2    2

IV~2       |  vii-     vi   |   IV~2     |     vii7     | IV~2       | vii7   vi     III~4^2
  ii       | iii^1     'I   |     ii     |        V     |   ii       |    V ii^1        'III
  12       |    11      9   |     12     |       13     |   12       |   13   15          13
  11       |    10      8   |     11     |       12     |   11       |   12   13          10
           |    14      6   |            |        9     |            |    9               14
           |                |            |       14     |            |   14
   9       |    12      5   |      9     |       12     |    9       |   12   11          10
   6       |    10      3   |      6     |        9     |    6       |    9    9          14
   4       |    14      1   |      4     |       14     |    4       |   14    6           3
   2       |     5          |      2     |        5     |    2       |    5    4

OpenHymnal -- Harp Lead Sheets                                                               Page 94
----------------------------------------------------------------------------------------------------
    VII+  vi | IV   vii7 IV~2 vii7 | IV~2   II~2^1   |  vii-     vi   |
       V vi7 | ii    V^2   ii  V^2 |   ii            | iii^1     'I   |
      15  16 | 15     13   12   13 |   12        9   |    11      9   |
      21  15 | 13     12   11   12 |   11        8   |    10      8   |
      12  13 | 11      9         9 |             6   |    14      6   |
      14     |        14        14 |             3   |                |
      12  12 |  9      9    9    9 |    9        1   |    12      5   |
       9  10 |  6     14    6   14 |    6            |    10      3   |
      14   8 |  4      5    4    5 |    4            |    14      1   |
       5   6 |  2      2    2    2 |    2            |     5          |

196. Blind Bartimaeus (F, 100bpm)
 IV |      IV |   V      |   V ii7 | V~4 IVM7 |     |           |        V |  IV   |   IV
'vi |     'vi | IM7 vi^1 | IM7     |   I  'vi |     |   iv-7 IV | IV^2 IM7 | 'vi   | vii-
  8 |       8 |   9   10 |   9   8 |   9   10 |     |     20 19 |   10   9 |   8   |   20
 13 |      13 |   8      |   8  13 |   8    8 |     |           |        8 |  13   |   11
  4 |       4 |  14      |  14   4 |  12   13 |     |           |       14 |   4   |
    |         |  12      |  12   2 |        4 |     |           |       12 |       |
  1 |       1 |  10    8 |  10   6 |  10    1 |     |     11 11 |    8  10 |   1   |    9
  6 |       6 |   8   13 |   8     |   8    6 |     |      9  8 |   13   8 |   6   |   14
    |         |  14    3 |  14     |  12      |     |     14 13 |    4  14 |       |    4
    |         |   1    1 |   1     |   1      |     |      4  4 |    1   1 |       |    7

      |      |      |   IV   |       |      |   V~4  IV |      IV |   V      |   V ii7 | V~4 IVM7
      | IV   |   IV | vii-   |       | IV   |     I 'vi |     'vi | IM7 vi^1 | IM7     |   I  'vi
      | 19   |   19 |   20   |       | 19   |     9   8 |       8 |   9   10 |   9   8 |   9   10
      |      |      |   11   |       |      |     8  13 |      13 |   8      |   8  13 |   8    8
      |      |      |        |       |      |    12   4 |       4 |  14      |  14   4 |  12   13
      |      |      |        |       |      |           |         |  12      |  12   2 |        4
      | 11   |   11 |    9   |       | 11   |    10   1 |       1 |  10    8 |  10   6 |  10    1
      |  8   |    8 |   14   |       |  8   |     8   6 |       6 |   8   13 |   8     |   8    6
      | 13   |   13 |    4   |       | 13   |    12     |         |  14    3 |  14     |  12
      |  4   |    4 |    7   |       |  4   |     1     |         |   1    1 |   1     |   1

    |           |        V |  IV
    |   iv-7 IV | IV^2 IM7 | 'vi
    |     20 19 |   10   9 |   8
    |           |        8 |  13
    |           |       14 |   4
    |           |       12 |
    |     11 11 |    8  10 |   1
    |      9  8 |   13   8 |   6
    |     14 13 |    4  14 |
    |      4  4 |    1   1 |

197. Come, Ye Disconsolate (C, 120bpm)
iii     |   IV iii   |      iii   IV vii- | I^1   |         | IV^1      |      ii   |  V
  I     | IV^2   I   | IV^2   I IV^2  'ii |   I   |  I    I | 'I~4   IV | V^2 ii7   |
 12     |   13  12   |   11  12   13   14 |  15   | 10   10 |   11   13 |  12  11   | 12
 10     |   11  10   |       10   11   11 |  12   |         |    8      |       9   |  9
        |            |                  9 |  10   |         |    6      |           |  7
        |            |                  7 |       |         |           |           |  5
  8     |    8   8   |    8   8    8    4 |   8   |  8    8 |    4   11 |   9   8   |  2
  5     |    6   5   |    6   5    6    2 |   5   |  5    5 |    1    8 |   7   6   |
  3     |    4   3   |    4   3    4      |   3   |  3    3 |         6 |   5   4   |
  1     |    1   1   |    1   1    1      |   1   |  1    1 |         4 |   2   2   |

OpenHymnal -- Harp Lead Sheets                                                               Page 95
----------------------------------------------------------------------------------------------------
I^1 vii- ii7^3 | iii         |   VI~4 vi        | iii   | iii   I^2   | vi   ii^1 | I^2   V   |
  I  'ii ii7^3 |   I IV^2  I |   ii^1 IV IV^1   |   I   |   I   I^1   | IV        |  'I 'ii   |
 15   14    13 |  12   11 10 |     16 15   14   |  12   |  12    17   | 15     11 |  10   9   |
 12   11    11 |  10         |     13 13        |  10   |  10    15   | 13      9 |   8   7   |
 10    9     9 |             |                  |       |        12   |         6 |   5   5   |
       7     8 |             |                  |       |             |         4 |           |
  8    4     6 |   8    8  8 |     11 11   13   |   8   |   8    10   | 11      2 |   3   4   |
  5    2     4 |   5    6  5 |      9  8   11   |   5   |   5     8   |  8        |   1   2   |
  3          2 |   3    4  3 |      6  6    8   |   3   |   3     5   |  6        |           |
  1          1 |   1    1  1 |      4  4    6   |   1   |   1     3   |  4        |           |

198. It Is Well With My Soul (Db, 100bpm)
  |        | VI~4   IVM7 |         |      |   VI~2   |       |     |     VI~2 |       |
  |     ii |  'ii        |         | ii   |   vi^1   |       |     |       IV |       |
  |     10 |   10     10 |         | 10   |     21   |       |     |       21 |       |
  |        |    9      9 |         |      |     13   |       |     |       13 |       |
  |        |    6      6 |         |      |          |       |     |          |       |
  |        |           4 |         |      |          |       |     |          |       |
  |      9 |    4      2 |         |  9   |     10   |       |     |       11 |       |
  |      6 |    2        |         |  6   |      8   |       |     |        8 |       |
  |      4 |             |         |  4   |      6   |       |     |        6 |       |
  |      2 |             |         |  2   |      1   |       |     |        4 |       |

       |       |        |       |   |       |   |       |       |        |
vi     |       |   vi   |       |   |       |   |       |       |   vi   |
21     |       |   21   |       |   |       |   |       |       |   21   |
       |       |        |       |   |       |   |       |       |        |
       |       |        |       |   |       |   |       |       |        |
       |       |        |       |   |       |   |       |       |        |
15     |       |   15   |       |   |       |   |       |       |   15   |
13     |       |   13   |       |   |       |   |       |       |   13   |
10     |       |   10   |       |   |       |   |       |       |   10   |
 6     |       |    6   |       |   |       |   |       |       |    6   |

199. My Song Shall Be Of Jesus (G, 96bpm)
  |  V     III     |  V       |  V  vi               |     |  V  V~2 II~2  ii  iv-     ii^1
  | 'V       I     | 'V       | 'V 'vi vii       vii |     | 'V 'V~2    V V~4 iv-7 V^2   ii
  |  8      18     |  8       |  8   9  10        10 |     |  8    9   10  18   19  10    9
  | 14      10     | 14       | 14   8               |     | 14   13    9   9   18       13
  | 12             | 12       | 12  13               |     | 12   12            14       11
  |                |          |                      |     |                    11
  |  2       8     |  2       |  2   3   9         9 |     |  2    2   14   8    9   9    9
  |  7      12     |  7       |  7   1  14        14 |     |  7    6   12  12   14  14   13
  |  5       3     |  5       |  5   6   2         2 |     |  5    5    7   2   11  12   11
  |          1     |          |          7         7 |     |            5   5    4   2    2

     V   II~4 |         ii^1  V |      V | III ii^1 iii^2 vii%7^2    VII     |   ii^1    iv-
  'vii   'V~2 |     IM7   ii 'V |   'vii |   I  II7          vii7 'iii^2 V^2 |     ii   'iv-
     8      8 |      10    9  8 |      8 |  18   18    10       9      8  10 |      9     10
    14     13 |           13 14 |     14 |  10    9    14      14     14     |     13     14
    12     12 |           11 12 |     12 |       13    12      13            |     11     11
            2 |                 |        |       11     7      11            |
     2      6 |       8    9  2 |      2 |   8    9     5       9     12   9 |      9     11
     7      5 |      14   13  7 |      7 |  12    8            14      3  14 |     13      7
              |      12   11  5 |        |   3   13            13      7  12 |     11      4
              |       1    2    |        |   1    2             7          2 |      2

OpenHymnal -- Harp Lead Sheets                                                               Page 96
----------------------------------------------------------------------------------------------------
III III       VI~4  V     |     |  V  V~2 II~2  ii iii vii7 |         | V~4       ii^1  V |
  I  vi vii 'VII~4 'V V^2 |     | 'V 'V~2    V V~4  'V      |         | 'vi   IM7   ii 'V |
 18  18  10      9  8  19 |     |  8    9   10  18  10    9 |         |   8    10    9  8 |
 10  10         14 14     |     | 14   13    9   9  14   14 |         |  13         13 14 |
                13 12     |     | 12   12           12   13 |         |  12         11 12 |
                          |     |                    3    7 |         |                   |
  8   8   9      3  2   9 |     |  2    2   14   8   7    6 |         |   3     8    9  2 |
 12  13  14      7  7  14 |     |  7    6   12  12   5      |         |   1    14   13  7 |
  3   3   2         5  12 |     |  5    5    7   2          |         |   6    12   11  5 |
  1   6   7             2 |     |            5   5          |         |         1    2    |

200. Nearer, My God, To Thee (G, 160bpm)
II~2  IV iii |       |      V II~2 | ii^1   | II~2  IV iii |       |       II7 |  V   |  V V~2  V
   V II7  'V |       |   'vii    V |   ii   |    V II7  'V |       |       'vi | 'V   | 'V I^2 'V
  10   9   8 |       |      8   10 |    9   |   10   9   8 |       |         9 |  8   | 19  20 19
   9   8  14 |       |     14    9 |   13   |    9   8  14 |       |         8 | 14   | 14  19 14
      13  12 |       |     12      |   11   |       13  12 |       |        13 | 12   | 12     12
      11   3 |       |             |        |       11   3 |       |         2 |      |
  14   9   7 |       |      2   14 |    9   |   14   9   7 |       |         1 |  2   |  2  10  2
  12   8   5 |       |      7   12 |   13   |   12   8   5 |       |         6 |  7   |  7   8  7
   7  13     |       |           7 |   11   |    7  13     |       |           |  5   |  5   1  5
   5   2     |       |           5 |    2   |    5   2     |       |           |      |      5

      |   V~2  V |   IV II~2 ii^1 | II~2  IV iii |       |       II7 |  V
      |     I 'V | ii^1    V   ii |    V II7  'V |       |       'vi | 'V
      |    20 19 |   19   10    9 |   10   9   8 |       |         9 |  8
      |    19 14 |   18    9   13 |    9   8  14 |       |         8 | 14
      |       12 |   13        11 |       13  12 |       |        13 | 12
      |          |   11           |       11   3 |       |         2 |
      |    10  2 |    9   14    9 |   14   9   7 |       |         1 |  2
      |     8  7 |   13   12   13 |   12   8   5 |       |         6 |  7
      |    12  5 |    2    7   11 |    7  13     |       |           |  5
      |     1    |    4    5    2 |    5   2     |       |           |

201. Rejoice, My Heart, Be Glad and Sing (Bb, 110bpm)
  ii |   IV~2   ii   | V~4  IV        | V~2  IV   ii V~2 | IV~2 IV~2 |    IV II~2
vii- |    'IV ii-7   | I^1 'IV   IV^1 |     'IV vii-     |  'IV  'IV |   'IV vii-
  12 |     12   12   |  16  14     16 |  13  14   13  13 |   12   12 |    16   17
  11 |     11   11   |   8  13        |  12  13   11  12 |   11   11 |     8   16
   9 |           9   |  12  11        |  10  11    9  10 |           |    13   14
     |               |                |   5            5 |           |    11    9
  14 |      1   11   |  10   1     15 |   3   1   14   3 |    1    1 |     1   14
  11 |      6    9   |   1   6     20 |       6   11     |    6    6 |     6   11
   9 |      4    7   |   5   4     18 |       4    9     |    4    4 |     4    9
   7 |           2   |   3         13 |            7     |           |          7

  II~2  IV   |  IV II~2   V  IV |
  ii-7 'IV   | 'IV ii-7 iii 'IV |
    17  16   |  16   17  16  16 |
    16   8   |   8   16  14   8 |
    14  13   |  13   14  12  13 |
     9  11   |  11    9      11 |
    11   1   |   1   11  10   1 |
     9   6   |   6    9   7   6 |
     7   4   |   4    7   5   4 |
     2       |        2   3     |

OpenHymnal -- Harp Lead Sheets                                                               Page 97
----------------------------------------------------------------------------------------------------
202. The Old Rugged Cross (Bb, 140bpm)
II~2   |         ii     | V~2   VI~2 V~2 V~2   |   IV     ii   IV~2   | II~2
vii-   |       vii-     | iii   vi^2 iii       | IVM7   iv-7    'IV   | vii-
  10   |         12     |  13     14  13  13   |   14     12     12   |   10
   9   |         11     |  12     13  12  12   |   13     11     11   |    9
       |          9     |                 10   |   11      9          |
       |                |                  5   |                      |
  14   |         14     |  10     10  10   3   |   10     11      1   |   14
  11   |         11     |   7      1   7       |    1      9      6   |   11
   9   |          9     |   5      6   5       |    6      7      4   |    9
   7   |          7     |   3      3   3       |    4      4          |    7

        ii     | V~2   VI~2 V~2 V~2   |   IV V~2 IV~2     ii   IV |      IV   |   IV
      vii-     | iii   vi^2 iii       | IVM7 iii IVM7   iv-7 IVM7 |     'IV   | IVM7
        12     |  13     14  13  13   |   14  13   12     17   16 |      14   |   16
        11     |  12     13  12  12   |   13  12   11     16    8 |      13   |    8
         9     |                 10   |   11              11   13 |      11   |   13
               |                  5   |                    9   11 |           |   11
        14     |  10     10  10   3   |   10  10   10     11   10 |       1   |   10
        11     |   7      1   7       |    1   7    1      9    1 |       6   |    1
         9     |   5      6   5       |    6   5    6      7    6 |       4   |    6
         7     |   3      3   3       |    4   3    4      4    4 |           |    4

      ii | V~2        VI~2 V~2 |   ii     ii   | II~2         II~2 | V~2
      ii | iii       III~4 iii | vii-   vii-   | vii-         vii- | iii
      14 |  13          14  13 |   12     12   |   17           17 |  13
      13 |  12          13  12 |   11     11   |   16           16 |  12
      11 |                     |    9      9   |   14           14 |
       9 |                     |               |    9            9 |
      11 |  10          10  10 |   14     14   |   14           14 |  10
       9 |   7           7   7 |   11     11   |   11           11 |   7
       6 |   5           6   5 |    9      9   |    9            9 |   5
       2 |   3           3   3 |    7      7   |    7            7 |   3

  ii   IV   IV~2     |
iv-7 IVM7   IVM7     |
  17   16     12     |
  16    8     11     |
  11   13            |
   9   11            |
  11   10     10     |
   9    1      1     |
   7    6      6     |
   4    4      4     |

203. Christ Returneth (D, 120bpm)
  |       |   vii7 IV~2 |       |   vi   |      iii | vii- iii7 IV |   VII~4 iii^2
  |       |    V^2   ii |       |   'I   |     vi^1 | vii-    I ii |    III7  iii7
  |       |     13   12 |       |    9   |       12 |   15   16 15 |      15    13
  |       |     12   11 |       |    8   |       10 |   21   15 13 |      21    12
  |       |      9      |       |    6   |          |   11   12 11 |      10    10
  |       |     14      |       |        |          |   14   10    |      14    14
  |       |      9    9 |       |    3   |        8 |   11    8  9 |      10    12
  |       |     14    6 |       |    1   |        6 |    9    5  6 |       9    10
  |       |      5    4 |       |        |        3 |   14    3  4 |      14     9
  |       |      2    2 |       |        |        1 |    7    1  2 |       3     3

OpenHymnal -- Harp Lead Sheets                                                               Page 98
----------------------------------------------------------------------------------------------------
 VI~4 vi7 vi7 | ii^2 vii7   | IV   IV |  vi    vi  vi |       vi   | VII+   vii7 | ii^2     | IV
'II~2  'I  'I |  'ii    V   | ii   ii | vi7 'ii^2 vi7 |     ii^1   |    V      V |  'ii     | ii
   13  12  12 |   12   13   | 15   15 |  16    15  16 |       15   |   15     13 |   12     | 15
   10  10  10 |   11   12   | 13   13 |  15    13  15 |       13   |   21     12 |   11     | 13
    9   8   8 |    9    9   | 11   11 |  13        13 |            |   12      9 |    9     | 11
    6   6   6 |    6   14   |         |               |            |   14     14 |    6     |
    3   3   5 |    4   12   |  9    9 |  12    11  12 |       11   |   12     12 |    4     |  9
    2   1   3 |    2    9   |  6    6 |  10     9  10 |        9   |    9      9 |    2     |  6
            1 |        14   |  4    4 |   8     6   8 |        6   |   14     14 |          |  4
              |         5   |  2    2 |   6         6 |        4   |    5      5 |          |  2

IV~2   |     III      | vii7   |       |     vii7 | IV~2     | IV       | IV    vi   |
  ii   |   vi7^2 ii^1 |    V   |       |        V |   ii     | ii       | ii   'vi   |
  12   |      11   12 |   13   |       |       13 |   12     | 15       | 15    16   |
  11   |      10      |   12   |       |       12 |   11     | 13       | 13    15   |
       |              |    9   |       |        9 |          | 11       | 11    13   |
       |              |   14   |       |       14 |          |          |            |
   9   |       8   11 |   12   |       |       12 |    9     |  9       |  9    10   |
   6   |       6    9 |    9   |       |        9 |    6     |  6       |  6     8   |
   4   |       5    6 |   14   |       |       14 |    4     |  4       |  4     6   |
   2   |       3    4 |    5   |       |        5 |    2     |  2       |  2         |

IV     | ii^2   VI vi |
ii     |  'ii 'iii 'I |
15     |   12   11  9 |
13     |   11   10  8 |
11     |    9    6  6 |
       |    6         |
 9     |    4    5  5 |
 6     |    2    3  3 |
 4     |            1 |
 2     |              |

204. Day of Wrath, O Day of Mourning (F, 100bpm)
ii7    V      V | ii7   V  IVM7   |      IVM7   |    V    IV     |  V   V V~2    vi
    II~4   II~4 |     V^2 'VI~4   |     'VI~4   | III7 'VI~4     |  V v-7 VI7 'ii^2
  8   14     14 |   8   9    10   |        10   |    9     8     |  9   9   9     8
 13   13     13 |  13  14     9   |         9   |   14    13     | 14  12  13    13
  4   12     12 |   4  12    13   |        13   |   12     4     | 12      12
  2             |   2         4   |         4   |                |
  6    9      9 |   6   9     2   |         2   |   10     2     |  9  10  10     4
      13     13 |      14     6   |         6   |    9     6     | 14  12  13     2
      12     12 |      12         |             |   14           | 12   3  12     6
       2      2 |       2         |             |    3           |  5   5   6

     IV  VI~2   | ii7       |   IVM7     VII |   IV       |   IVM7     VII |    V
  'VI~4 'VI~4   |           |    'vi   'vii- | 'vii       |    'vi   'vii- |    V ii^1
      8    14   |   8       |     10       8 |    8       |     10       8 |   20   20
     13    13   |  13       |      8      14 |   14       |      8      14 |   19
      4         |   4       |     13         |    4       |     13         |   14
                |   2       |      4         |            |      4         |   12
      2     3   |   6       |      1       4 |    2       |      1       4 |    9   11
      6     2   |           |      6       2 |    7       |      6       2 |   14    9
            6   |           |              7 |            |              7 |   12   13
                |           |                |            |                |    5    4

OpenHymnal -- Harp Lead Sheets                                                               Page 99
----------------------------------------------------------------------------------------------------
 V      vi |     V
 V   'ii^2 |   VI7
14       8 |    14
12      13 |    13
           |    12
           |
 9       4 |    10
14       2 |    13
12       6 |    12
 5         |     6

205. The Apostle Looked and Heard a Voice (G, 100bpm)
 V |     ii^1 IV |  ii II~2     ii^1 IV~2 |    V VI~4 II~2 ii^1 II~4   | iii       ii^1
'V |     ii^1 ii | V~4    V       ii  I~4 | 'vii 'vii    V ii^1 'V~2   |  'V       ii^1
 8 |        9 19 |  18   10        9   12 |    8    9   10    9    8   |   8          9
14 |       13 18 |   9    9       13   11 |   14   14    9   13   13   |  14         13
12 |       11 13 |                11      |   12   13        11   12   |  12         11
   |          11 |                        |                        2   |   3
 2 |        9  9 |   8   14        9    8 |    2    2   14    9    6   |   7          9
 7 |       13 13 |  12   12       13   12 |    7    7   12   13    5   |   5         13
 5 |        2 11 |   2    7       11   11 |              7    2        |              2
   |        4  2 |   5    5        2    1 |              5    4        |              4

II~2 V~2 IV  iv- | iii     vi   ii^1 | II~2     IV   VII |     IV~2   | ii^1 iii7   IV IV~2
   V I^1 IV ii-7 |  'V   'VI7   ii^1 |    V   ii^1 iii^1 |       ii   | ii^1 'V~2    I  I~2
  10  20  9   19 |   8      8      9 |   10     19     8 |       12   |    9    9   13   12
   9  19  8   18 |  14     13     13 |    9     18    14 |       11   |   13   13   11   11
         13   14 |  12            11 |          13       |            |   11   12
         11   11 |   3               |          11       |            |         3
  14  10  8    9 |   7     12      9 |   14      9    12 |        9   |    9    6   10    9
  12   8 13   14 |   5      3     13 |   12     13     3 |       13   |   13    5    8   13
   7  12 11   11 |          6      2 |    7      2     7 |       11   |    2        11    2
   5   3  4    2 |                 4 |    5      4     5 |        2   |    4         1    1

   V ii^1 II~2   |   IV IV III II~2    iv-7 IV~2 |      V V~2  V | V~2 IV   IV  iv- iii
'vii   ii    V   | ii^1 ii V~4    V vii%7^2 V7^3 | I^1 'V   I 'V |   I vi IV^1 vii-  'V
   8    9   10   |   19 19  18   10       9    8 |  18 19  20 19 |  20 19   18   19   8
  14   13    9   |   18 18  10    9      14   12 |     14  19 14 |  19 18   13   18  14
  12   11        |   13 13                7    5 |     12     12 |     13   11   14  12
                 |   11 11                4    4 |               |     11        11   3
   2    9   14   |    9  9   8   14       2    2 |  10  2  10  2 |  10  9    8    9   7
   7   13   12   |   13 13  12   12       7    7 |   8  7   8  7 |   8  8   13   14   5
       11    7   |    2 11   1    7       6    5 |  12  5  12  5 |  12  2   11   11
        2    5   |    4  2   5    5       4    4 |   3      1    |   1  6    6    7

III iv-7 ii^1 II~2    V |         V    V | IV II~2 ii^1     | V~2       iii vi^2 |      IV    V
 vi ii-7   ii    V 'vii | vi^1 'vii   'V | IV    V   ii V^1 |   I V^1    'V 'V~4 | V^2 II7   'V
 18   10    9   10    8 |    9    8    8 | 18   10    9  19 |  20  19     8    9 |  10   9    8
 10    9   13    9   14 |        14   14 | 13    9   13     |  19        14    8 |       8   14
      14   11        12 |        12   12 | 11        11     |            12   13 |      13   12
      11                |                |                  |             3    3 |      11
  8    9    9   14    2 |    8    2    2 |  8   14    9   9 |  10   9     7    1 |   9   9    2
 13   14   13   12    7 |   13    7    7 | 13   12   13  14 |   8  14     5    6 |  14   8    7
  3   11   11    7      |    3         5 | 11    7   11  12 |  12  12          5 |  12  13    5
  6    2    2    5      |    1           |  4    5    2   7 |   1   7            |   2   2

OpenHymnal -- Harp Lead Sheets                                                              Page 100
----------------------------------------------------------------------------------------------------
206. The Bridegroom Soon Will Call Us (G, 160bpm)
  |    V iii | ii^1 III |   III~4   |   ii^1 |    V   | III II~2 | ii^1 iv-7 |     |    vi
  | 'vii  'V |   ii  vi |   'VI~2   |     ii | 'vii   |  vi    V |   ii vii- |     |   'vi
  |    8   8 |    9  18 |       9   |      9 |    8   |  18   10 |    9   10 |     |     9
  |   14  14 |   13  10 |      14   |     13 |   14   |  10    9 |   13    9 |     |     8
  |   12  12 |   11     |      13   |     11 |   12   |          |   11   14 |     |    13
  |        3 |          |       3   |        |        |          |        11 |     |
  |    2   7 |    9   8 |       7   |      9 |    2   |   8   14 |    9    9 |     |     3
  |    7   5 |   13  13 |       6   |     13 |    7   |  13   12 |   13   14 |     |     1
  |          |   11   3 |           |     11 |        |   3    7 |   11   11 |     |     6
  |          |    2   6 |           |      2 |        |   6    5 |    2    7 |     |

      | IV~2 II~2 |   IV~2 | III IV | II~2 II~2 |   IV |   II~2 | III     III | II~2   |   IV
      | iv-7    V |   iv-7 |  vi IV |    V    V |   ii |      V |   I I~2   I |    V   |   ii
      |   12   10 |     19 |  18 18 |   10   10 |   19 |     10 |  18  19  18 |   10   |   19
      |   11    9 |     18 |  10 13 |    9    9 |   18 |      9 |  10      10 |    9   |   18
      |           |     11 |     11 |           |   13 |        |             |        |   13
      |           |        |        |           |   11 |        |             |        |   11
      |    9   14 |      9 |   8  8 |   14   14 |    9 |     14 |   8   9   8 |   14   |    9
      |   11   12 |     11 |  13 13 |   12   12 |   13 |     12 |  12   8  12 |   12   |   13
      |    2    7 |      2 |   3 11 |    7    7 |   11 |      7 |   3  12   3 |    7   |   11
      |    4    5 |      4 |   6  4 |    5    5 |    2 |      5 |   1   1   1 |    5   |    2

    II~2 | ii^1 II~2 | ii^1 iii |  vi   |    V     VII | ii^1 II~2 |   IV II~2 | III ii^1 |  V
I^1    V |   ii    V |   ii  'V | 'vi   | 'vii   iii^1 |   ii    V | ii^1    V |   I   ii | 'V
 18   10 |    9   10 |    9   8 |   9   |    8       8 |    9   10 |   19   10 |  18    9 |  8
       9 |   13    9 |   13  14 |   8   |   14      14 |   13    9 |   18    9 |  10   13 | 14
         |   11      |   11  12 |  13   |   12         |   11      |   13      |       11 | 12
         |           |        3 |       |              |           |   11      |          |
 10   14 |    9   14 |    9   7 |   3   |    2      12 |    9   14 |    9   14 |   8    9 |  2
  8   12 |   13   12 |   13   5 |   1   |    7       3 |   13   12 |   13   12 |  12   13 |  7
 12    7 |   11    7 |   11     |   6   |            7 |   11    7 |    2    7 |   3   11 |  5
  3    5 |    2    5 |    2     |       |            5 |    2    5 |    4    5 |   1    2 |

207. The Day is Surely Drawing Near (G, 140bpm)
   V  V   | ii^1 iii  vi ii^1 | II~2   | II~2       IV II~2 | II~4  V |    V  V
'vii 'V   |   ii  'V 'vi   ii |    V   |    V I^1 ii^1    V | 'V~2 'V | 'vii 'V
   8  8   |    9   8   9    9 |   10   |   10  18   19   10 |    9  8 |    8  8
  14 14   |   13  14   8   13 |    9   |    9       18    9 |   13 14 |   14 14
  12 12   |   11  12  13   11 |        |            13      |   12 12 |   12 12
          |        3          |        |            11      |    2    |
   2  2   |    9   7   3    9 |   14   |   14  10    9   14 |    6  2 |    2  2
   7  7   |   13   5   1   13 |   12   |   12   8   13   12 |    5  7 |    7  7
      5   |   11       6   11 |    7   |    7  12    2    7 |       5 |       5
          |    2            2 |    5   |    5   3    4    5 |         |

ii^1 iii  vi ii^1 | II~2   | II~2       IV II~2 | II~4  V |   iv-7   | iii     VII   | IV~2
  ii  'V 'vi   ii |    V   |    V I^1 ii^1    V | 'V~2 'V |   ii-7   |  'V   iii^1   |   ii
   9   8   9    9 |   10   |   10  18   19   10 |    9  8 |     10   |   8       8   |   12
  13  14   8   13 |    9   |    9       18    9 |   13 14 |      9   |  14      14   |   11
  11  12  13   11 |        |            13      |   12 12 |     14   |  12           |
       3          |        |            11      |    2    |     11   |   3           |
   9   7   3    9 |   14   |   14  10    9   14 |    6  2 |      9   |   7      12   |    9
  13   5   1   13 |   12   |   12   8   13   12 |    5  7 |     14   |   5       3   |   13
  11       6   11 |    7   |    7  12    2    7 |       5 |     11   |           7   |   11
   2            2 |    5   |    5   3    4    5 |         |      2   |           5   |    2

OpenHymnal -- Harp Lead Sheets                                                              Page 101
----------------------------------------------------------------------------------------------------
   V    V   | iii ii^1 II~2 |   II~2     | IV II~2 II~4 |  V
'vii   'V   |  'V   ii    V |      V I^1 | ii    V 'V~2 | 'V
   8    8   |   8    9   10 |     10  18 | 19   10    9 |  8
  14   14   |  14   13    9 |      9     | 18    9   13 | 14
  12   12   |  12   11      |            | 13        12 | 12
            |   3           |            | 11         2 |
   2    2   |   7    9   14 |     14  10 |  9   14    6 |  2
   7    7   |   5   13   12 |     12   8 | 13   12    5 |  7
        5   |       11    7 |      7  12 | 11    7      |  5
            |        2    5 |      5   3 |  2    5      |

208. There's a Great Day Coming (G, 80bpm)
    |           |      V~4  V  V~2   |        V   ii^1 II~2 | ii^1    V ii^1 | II~2
    |           |     'V~4 'V 'I^2   |     'vii   VI~4    V |   ii 'vii   ii |    V
    |           |        9  8   13   |        8      9   10 |    9    8    9 |   10
    |           |        8 14   12   |       14     13    9 |   13   14   13 |    9
    |           |       12 12        |       12     11      |   11   12   11 |
    |           |                    |                      |                |
    |           |        2  2    3   |        2      9   14 |    9    2    9 |   14
    |           |        1  7    1   |        7     13   12 |   13    7   13 |   12
    |           |        5  5    5   |               2    7 |   11        11 |    7
    |           |                    |               6    5 |    2         2 |    5

                 |    V        IV   |  V |     V~2  V | II~2   III II~2 |    V    V      V
vi^1             | 'vii       II7   | 'V |     I^2 'V |    V   V~4    V | 'vii   'V   'vii
   9             |    8         9   |  8 |      20 19 |   10    18   10 |    8    8      8
                 |   14         8   | 14 |      19 14 |    9    10    9 |   14   14     14
                 |   12        13   | 12 |         12 |                 |   12   12     12
                 |             11   |    |            |                 |
   8             |    2         9   |  2 |      10  2 |   14     8   14 |    2    2      2
  13             |    7         8   |  7 |       8  7 |   12    12   12 |    7    7      7
   3             |             13   |  5 |       1  5 |    7     1    7 |         5
   1             |              2   |    |       5    |    5     5    5 |

  VI  vi ii^1 |  V   V~2  V |     III II~2 |    V    IV   |  V
'VI7 'vi   ii | 'V   I^2 'V |     V~4    V | 'vii   II7   | 'V
  10   9    9 | 19    20 19 |      18   10 |    8     9   |  8
  13   8   13 | 14    19 14 |      10    9 |   14     8   | 14
      13   11 | 12       12 |              |   12    13   | 12
              |             |              |         11   |
  12   3    9 |  2    10  2 |       8   14 |    2     9   |  2
   3   1   13 |  7     8  7 |      12   12 |    7     8   |  7
   6   6   11 |  5     1  5 |       1    7 |         13   |  5
            2 |        5    |       5    5 |          2   |

209. Wake, Awake, for Night Is Flying (C, 160bpm)
  vi  V       iii vi   V^1 iii  V |      V V~4       I^1  V~2  V |
  'I      iii   I 'I 'II~4   I    |        I^1   V^1   I II~4    |   vi iii IV  I ii
  10 12    12  12 13    12  13 12 |     12  15    16  17   16 12 |   15  12 13 10 11
   8  9        10 10     9  12  9 |      9  12        15   13  9 |
   6  7            8     7  10  7 |      7            12   12  7 |
      5            6            5 |      5            10       5 |
   3  2    10   8  3     5   8  2 |      2  10    14   8    9  2 |   13  10 11  8  9
   1        7   5  1     2   5    |          8    12   5    6    |   10   7  8  5  6
            5   3            3    |          5     9   3    5    |    8   5  6  3  4
            3   1            1    |          3     7   1    2    |    6   3  4  1  2

OpenHymnal -- Harp Lead Sheets                                                              Page 102
----------------------------------------------------------------------------------------------------
  vi  V       iii vi   V^1 iii  V |      V V~4       I^1  V~2  V |
  'I      iii   I 'I 'II~4   I    |        I^1   V^1   I II~4    |   vi iii IV  I ii
  10 12    12  12 13    12  13 12 |     12  15    16  17   16 12 |   15  12 13 10 11
   8  9        10 10     9  12  9 |      9  12        15   13  9 |
   6  7            8     7  10  7 |      7            12   12  7 |
      5            6            5 |      5            10       5 |
   3  2    10   8  3     5   8  2 |      2  10    14   8    9  2 |   13  10 11  8  9
   1        7   5  1     2   5    |          8    12   5    6    |   10   7  8  5  6
            5   3            3    |          5     9   3    5    |    8   5  6  3  4
            3   1            1    |          3     7   1    2    |    6   3  4  1  2

  V^1   ii^1 I^2     |     IV^1        |       ii    | iii     iv-           I vii I^1
'II~4         'I     |     'I~4  I     |    I ii7  I |   I IV ii-7 vi IV^1 I^2   V   I
   12     11  10     |       11 10     |   10  11 10 |  12 13   14 15   15  17  16  15
    9      9   8     |        8        |        9    |  10      11          15  14  12
    7      6   5     |        6        |             |                              10
           4         |                 |             |
    5      2   3     |        4  8     |    8   8  8 |   8 11    9 13   13  12  12   8
    2          1     |        1  5     |    5   6  5 |   5  8    7 10   11  10   9   5
                     |           3     |    3   4  3 |   3  6    4  8    8   8   7   3
                     |           1     |    1   2  1 |   1  4    2  6    6   5   5   1

               IV
  vi iii IV  I
  15  12 13 10 11
                8
                6
                4
  13  10 11  8  1
  10   7  8  5
   8   5  6  3
   6   3  4  1

210. Glorious Things of Thee are Spoken (F, 100bpm)
 IV  V~4 IVM7 V~4 |   IVM7   V    IV |           IVM7 |   V  VI~4   VII v-7 | ii7  V      V~4
'vi IV~2  'vi   I |    'vi IM7   'vi | iv-7 IV    'vi | V^1 'vii- 'vii-   I |     ii IV^2   I
  8    9   10   9 |     10   9     8 |   20 19     10 |   9    10     8  19 |   8  9   10   9
 13    8    8   8 |      8   8    13 |              8 |  14     9    14  10 |  13 14        8
  4   12   13  12 |     13  14     4 |             13 |  12    14        12 |   4 12       12
            4     |      4  12       |              4 |        13           |   2
  1   11    1  10 |      1  10     1 |   11 11      1 |   9     4     4  10 |   6 11    8  10
  6    8    6   8 |      6   8     6 |    9  8      6 |  14     2     2   8 |      9   13   8
      12       12 |         14       |   14 13        |  12     7     7  12 |     12    4  12
       4        1 |          1       |    4  4        |   7               1 |      2    1   1

  IVM7   V    IV |   IV      IVM7 |   V  VI~4   VII v-7 | V~4      V~4     |        V~4
   'vi IM7   'vi | vii- IV    'vi | V^1 'vii- 'vii-   I |   I IV^2   I     |   IV^2   I
    10   9     8 |   20 19     10 |   9    10     8  19 |   9   10   9     |     10   9
     8   8    13 |   11         8 |  14     9    14  10 |   8        8     |          8
    13  14     4 |             13 |  12    14        12 |  12       12     |         12
     4  12       |              4 |        13           |                  |
     1  10     1 |    9 11      1 |   9     4     4  10 |  10    8  10     |      8  10
     6   8     6 |   14  8      6 |  14     2     2   8 |   8   13   8     |     13   8
        14       |    4 13        |  12     7     7  12 |  12    4  12     |      4  12
         1       |    7  4        |   7               1 |   1    1   1     |      1   1

OpenHymnal -- Harp Lead Sheets                                                              Page 103
----------------------------------------------------------------------------------------------------
iii        |     v-7 v-7 |   IV VI~2   IV    |   IV IV~2 IV~2   IVM7
 vi   ii   |     I^2   I | IV^1   vi vii- IV | vii- IV^2  II7    'vi
 19   10   |      19  19 |   15   21   20 19 |   20   19   19     10
 10        |      10  10 |   20   20   11    |   11   11   11      8
           |      12  12 |   11              |                    13
           |             |                   |                     4
  8    9   |      10  10 |    8   10    9 11 |    9    8    9      1
 13   13   |       8   8 |   13    8   14  8 |   14   13    8      6
  3    4   |       1  12 |    4   13    4 13 |    4    4   13
  6    2   |       5   1 |    6    6    7  4 |    7    1    2

    V  vi   IV~2   IV     V |   IM7^2    IV
VII~4 'vi   IV^1 VI~4   V^1 |     IM7   'vi
    9  10     19   20     9 |      10     8
    8   8     11   11    14 |       8    13
   14  13                12 |      14     4
   12                       |      12
   10   3      8    9     9 |      10     1
    8   1     13   13    14 |       8     6
    1   6      4    2    12 |      14
    7          6    6     7 |       1

211. Hark, Hark, My Soul! (F, 100bpm)
IVM7   V IVM7 |   IVM7 |   V IVM7   IV V~4 |   IVM7 |       V IVM7 |   IVM7 |   V IVM7   IV V~4
 'vi iii  'vi |    'vi | iii  'vi 'vii   I |    'vi |     iii  'vi |    'vi | iii  'vi 'vii   I
  10   9   10 |     10 |   9   10    8   9 |     10 |       9   10 |     10 |   9   10    8   9
   8  14    8 |      8 |  14    8   14   8 |      8 |      14    8 |      8 |  14    8   14   8
  13  12   13 |     13 |  12   13    4  12 |     13 |      12   13 |     13 |  12   13    4  12
   4        4 |      4 |        4          |      4 |            4 |      4 |        4
   1  10    1 |      1 |  10    1    2  10 |      1 |      10    1 |      1 |  10    1    2  10
   6  14    6 |      6 |  14    6    7   8 |      6 |      14    6 |      6 |  14    6    7   8
      12      |        |  12            12 |        |      12      |        |  12            12
       3      |        |   3             1 |        |       3      |        |   3             1

IVM7 |          iii | IV   |   IV~2   V~4 |     |          V |    vi   |   VII      VI~4 |
 'vi |       IVM7^3 | ii   |   IV^1     I |     |     vi V^1 | 'IV^1   | 'vii-     'vii- |
  10 |           19 | 20   |     19     9 |     |     10   9 |    10   |     8        10 |
   8 |           11 | 11   |     11     8 |     |         14 |     8   |    14         9 |
  13 |           10 |      |           12 |     |         12 |    13   |              14 |
   4 |              |      |              |     |            |         |              13 |
   1 |            8 |  9   |      8    10 |     |      8   9 |     4   |     4         4 |
   6 |           13 | 13   |     13     8 |     |     13  14 |     1   |     2         2 |
     |            4 |  4   |      4    12 |     |      1  12 |     6   |     7         7 |
     |            3 |  2   |      6     1 |     |      6   7 |         |                 |

          iii | IV   |   IV~2   V~4 |     |          V |        | V~4     V   VII |  IV |
  IV   IVM7^3 | ii   |   IV^1     I |     |     vi V^1 | IV^2   | I~4   IM7 'vii- | 'vi |
  19       19 | 20   |     19     9 |     |     10   9 |   10   |   8     9     8 |   8 |
           11 | 11   |     11     8 |     |         14 |        |  12     8    14 |  13 |
           10 |      |           12 |     |         12 |        |        14       |   4 |
              |      |              |     |            |        |        12       |     |
  11        8 |  9   |      8    10 |     |      8   9 |    8   |   8    10     4 |   1 |
   8       13 | 13   |     13     8 |     |     13  14 |   13   |  12     8     2 |   6 |
  13        4 |  4   |      4    12 |     |      1  12 |    4   |   4    14     7 |     |
   4        3 |  2   |      6     1 |     |      6   7 |    1   |   1     1       |     |

OpenHymnal -- Harp Lead Sheets                                                              Page 104
----------------------------------------------------------------------------------------------------
212. Jerusalem the Golden (C, 110bpm)
  |               |  V~4     |   V^1 I^1     | vi    | iii       |        |   I^1     |
  | I~4   IV^2  I | 'I~2     | 'II~4   I     | 'I IV |   I       |      I |           |
  |   9     11 10 |    9     |    12  15     | 13 13 |  12       |     10 |    10     |
  |               |    8     |     9  12     | 10    |  10       |        |     8     |
  |               |    5     |     7  10     |  8    |           |        |     5     |
  |               |          |               |  6    |           |        |     3     |
  |   8      8  8 |    2     |     5   8     |  3 11 |   8       |      8 |     1     |
  |   5      6  5 |    1     |     2   5     |  1  8 |   5       |      5 |           |
  |   4      4  3 |          |         3     |     6 |   3       |      3 |           |
  |   1      1  1 |          |         1     |     4 |   1       |      1 |           |

IV         |    vii   | I^1   VI~4      |         IV |            |        |   I^1   V   |
    I IV   | vi   V   |   I   ii^1 IV^1 |  V vii%7^2 | I^1  I     |      I |       'ii   |
11 10 13   | 15  16   |  17     16   15 | 14      13 |  12 10     |     10 |    10   9   |
 8         |     14   |  15     13      |         11 |            |        |     8   7   |
 6         |          |  12             |            |            |        |     5   5   |
 4         |          |  10             |            |            |        |     3       |
 1  8 11   | 13  12   |   8     11   13 | 12       9 |  10  8     |      8 |     1   4   |
    5  8   | 10   9   |   5      9   11 |  9       7 |   8  5     |      5 |         2   |
    3  6   |  8   7   |   3      6    8 |  7       6 |   5  3     |      3 |             |
    1  4   |  6   5   |   1      4    6 |  5       4 |   3  1     |      1 |             |

213. I'm But A Stranger Here (G, 120bpm)
 V V~4    V | II~4     | IV~2 IV~2   |   |     VII~4 | iv-7 ii^1 iii | ii^1     | IV~2
'V 'vi 'vii | 'V~2     |   IV  II7   |   |     iii^1 | iv-7 ii^1 vii | 'VI+     |   ii
 8   8    8 |    8     |   12   12   |   |        10 |   10    9  19 |    9     |   12
14  13   14 |   13     |   11   11   |   |        14 |    9   13  10 |   13     |   11
12  12   12 |   12     |             |   |           |   14   11     |   11     |
            |    2     |             |   |           |   11          |          |
 2   3    2 |    6     |    8    9   |   |        12 |    9    9   9 |   13     |    9
 7   1    7 |    5     |   13    8   |   |         3 |   14   13  14 |   11     |   13
 5   6      |          |   11   13   |   |         7 |   11    2   3 |    6     |   11
            |          |    4    2   |   |         5 |    4    4   7 |          |    2

 IV       IV | II~4 V^2   | ii^1 III7 IV |  V  V~4   |    V    iii |  iii III        | V^2 II7
II7 II~2 II7 | 'V~2  'V   |  II7   'V IV | 'V 'I^2   | IV~2   iii7 | VI~4  vi   vi^1 |  'V 'vi
  9   10   9 |    9   8   |   18   10  9 |  9    8   |   10     19 |   19  18      9 |   8   9
  8        8 |   13  14   |    9    9  8 | 14   12   |    9     10 |   10  10        |  14   8
 13       13 |   12  12   |   13   14 13 | 12        |   14        |                 |  12  13
 11       11 |    2   2   |   11    3 11 |           |   12        |                 |   2   2
  9    9   9 |    6   7   |    9    2  8 |  2    3   |   11      9 |    9   8      8 |   7   1
  8   13   8 |    5   5   |    8    7 13 |  7    1   |    2     14 |   13  13     13 |   5   6
 13    3  13 |            |   13    5 11 |  5    5   |    5     12 |    3   3      3 |
  2    2   2 |            |    2       4 |           |    4      3 |    6   6      1 |

 V
'V
 8
14
12

 2
 7
 5



OpenHymnal -- Harp Lead Sheets                                                              Page 105
----------------------------------------------------------------------------------------------------
214. Blest Be The Tie That Binds (C, 90bpm)
iii |       iii    | iii   |      V^1 iii IV |  V iii |     ii     iii |    V7^2 I^1 V7^2
  I |   I~4   I IV |   I   | vi 'II~4   I ii |      I |   V7^2 I^1   I | IV V7^2   I V7^2
 12 |    11  12 13 |  12   | 15    14  13 13 | 12  12 |     11  12  12 | 13   14  15   14
 10 |        10    |  10   |       12  12 11 |  9  10 |      9      10 |      12  12   12
    |              |       |        9  10    |  7     |                |      11  10   11
    |              |       |        7        |  5     |                |       9        9
  8 |     8   8 11 |   8   | 13     5   8  9 |  2   8 |      7  10   8 | 11    7   8    7
  5 |     5   5  8 |   5   | 10     2   5  6 |      5 |      5   8   5 |  8    5   5    5
  3 |     4   3  6 |   3   |  8         3  4 |      3 |      4   5   3 |  6    4   3    4
  1 |     1   1  4 |   1   |  6         1  2 |      1 |      2   3   1 |  4    2   1    2

V~4     V    | iii
I^1 IV    V7 |   I
 15 13 12 12 |  12
 12     9    |  10
        7    |
        5    |
 10 11  2 11 |   8
  8  8     9 |   5
  5  6     7 |   3
  3  4     5 |   1

215. Behold, A Host, Arrayed in White (Eb, 120bpm)
    |            |  VII~4    VII~4   vi      |     vi     VII~4   |   VI~2
    |     vi^2   | 'iii^2   'iii^2    I    I |   IV^1        'I   |   vii7    I
    |       20   |     10       10    9   10 |      9        10   |     14   10
    |       13   |     14       14    8      |      8         8   |     13
    |            |                   13      |     13        14   |
    |            |                           |                    |
    |       10   |      5        5   10    8 |     11         5   |      9    8
    |        8   |      3        3    8    5 |      8         3   |     14    5
    |       13   |      7        7    4    3 |      4         1   |     13    3
    |        3   |                    1    1 |      6             |      7    1

   vii           |          V   vi |  VII~4       vii   VI~4 |         |
  'V^1 vi     vi |       'vii    I | 'iii^2     'vii-   vii- |         |     vi^2
    10 20     20 |         10    9 |     10         9      9 |         |       20
     9 13     13 |          9    8 |     14        14     14 |         |       13
    14           |         14   13 |                      13 |         |
                 |          5      |                         |         |
     5 10     10 |          2   10 |      5         4     11 |         |       10
     2  8      8 |          7    8 |      3         2      9 |         |        8
     7 13     13 |               4 |      7         7     14 |         |       13
        6      6 |               1 |                       7 |         |        3

 VII~4    VII~4   vi      |     vi     VII~4   |   VI~2        |    vii
'iii^2   'iii^2    I    I |   IV^1        'I   |   vii7    I   |   'V^1 vi     vi
    10       10    9   10 |      9        10   |     14   10   |     10 20     20
    14       14    8      |      8         8   |     13        |      9 13     13
                  13      |     13        14   |               |     14
                          |                    |               |
     5        5   10    8 |     11         5   |      9    8   |      5 10     10
     3        3    8    5 |      8         3   |     14    5   |      2  8      8
     7        7    4    3 |      4         1   |     13    3   |      7 13     13
                   1    1 |      6             |      7    1   |         6      6

OpenHymnal -- Harp Lead Sheets                                                              Page 106
----------------------------------------------------------------------------------------------------
         V   vi |  VII~4       vii   VI~4 |         |   VI7       |  VII~4    VII~4   vii vi
      'vii    I | 'iii^2     'vii-   vii- |         | vi7^2       | 'iii^2   'iii^2    'I  I  I
        10    9 |     10         9      9 |         |    20       |     10       10     9  9 10
         9    8 |     14        14     14 |         |    12       |     14       14     8  8
        14   13 |                      13 |         |    13       |                    14 13
         5      |                         |         |             |
         2   10 |      5         4     11 |         |    12       |      5        5     5 10  8
         7    8 |      3         2      9 |         |     8       |      3        3     3  8  5
              4 |      7         7     14 |         |    13       |      7        7     1  4  3
              1 |                       7 |         |     3       |                        1  1

     vi     VII~4   |            |    vii         |          V   vi |  VII~4       vii   VI~4
  ii7^2        'I   |        I   |   'V^1 vi   vi |       'vii    I | 'iii^2     'vii-   vii-
      9        10   |       10   |     10 20   20 |         10    9 |     10         9      9
      8         8   |            |      9 13   13 |          9    8 |     14        14     14
      2        14   |            |     14         |         14   13 |                      13
      6             |            |                |          5      |
      4         5   |        8   |      5 10   10 |          2   10 |      5         4     11
      2         3   |        5   |      2  8    8 |          7    8 |      3         2      9
      1         1   |        3   |      7 13   13 |               4 |      7         7     14
      6             |        1   |         6    6 |               1 |                       7













216. Blest Be The Tie That Binds (G, 110bpm)
II~2 |       | ii^1    IV |    V IV |      I^1 |  V      V |   ii^1 |     IV |  V       | IV   IV
   V |       |   ii   I~2 | 'vii ii |     'V~4 | 'V   'vii |     ii |     IV | 'V   V^1 | ii   IV
  10 |       |    9     9 |    8  8 |        8 |  8      8 |      9 |      9 |  8    19 | 19   18
   9 |       |   13     8 |   14 13 |       12 | 14     14 |     13 |      8 | 14       | 18   13
     |       |   11    13 |   12 11 |        3 | 12     12 |     11 |     13 | 12       | 13   11
     |       |         11 |         |          |           |        |     11 |          | 11
  14 |       |    9     9 |    2  9 |        1 |  2      2 |      9 |      8 |  2     9 |  9    8
  12 |       |   13     8 |    7 13 |        5 |  7      7 |     13 |     13 |  7    14 | 13   13
   7 |       |   11     2 |      11 |          |  5        |     11 |     11 |  5    12 | 11   11
   5 |       |    2     1 |       2 |          |           |      2 |      4 |        7 |  2    4

II~2     V~2 |     II~2 III |     II~4  IV |  V
   V V^1   I | V^1    V vi7 | V^2 'V~2 II7 | 'V
  10  19  20 |  19   10  18 |  10    8   9 |  8
   9      19 |        9  10 |       13   8 | 14
             |              |       12  13 | 12
             |              |        2  11 |
  14   9  10 |   9   14   8 |   9    6   9 |  2
  12  14   8 |  14   12  13 |  14    5   8 |  7
   7  12  12 |  12    7  12 |  12       13 |  5
   5   7   1 |   7    5   6 |   2        2 |

OpenHymnal -- Harp Lead Sheets                                                              Page 107
----------------------------------------------------------------------------------------------------
217. Built on the Rock (F, 140bpm)
      | ii7 V~2 |   VII   V |   |  IVM7   iii |    vi   VII  V |  VI~2 |   |   V~2  IVM7
      |     I~2 | 'vii- V^1 |   | 'VI~4    vi | 'IV^1 'vii-  V | 'VI~4 |   |     V 'VI~4
      |   8  13 |     8   9 |   |    10    19 |    10     8  9 |    14 |   |    13    10
      |  13  12 |    14  14 |   |     9    10 |     8    14 14 |    13 |   |    12     9
      |   4     |        12 |   |    13       |    13       12 |       |   |          13
      |   2     |           |   |     4       |                |       |   |           4
      |   6   9 |     4   9 |   |     2     8 |     4     4  9 |     3 |   |     9     2
      |       8 |     2  14 |   |     6    13 |     1     2 14 |     2 |   |    14     6
      |      12 |     7  12 |   |           3 |     6     7 12 |     6 |   |    12
      |       1 |         7 |   |           6 |              5 |       |   |     5

   vi   | ii7 V~4 | IVM7 |     v-7 | IVM7 ii7   V |  V |   |          | iii IVM7 |        V |  IV
'IV^1   |       I |  'vi |     I^1 |  'vi     V^1 |  V |   |   vi^2   |  vi  'vi | IV^2 IM7 | 'vi
    8   |   8   9 |   10 |      19 |   10   8   9 | 14 |   |     19   |  19   10 |   10   9 |   8
   13   |  13   8 |    8 |      10 |    8  13  14 | 12 |   |          |  10    8 |        8 |  13
        |   4  12 |   13 |      12 |   13   4  12 |    |   |          |       13 |       14 |   4
        |   2     |    4 |         |    4   2     |    |   |          |        4 |       12 |
    4   |   6  10 |    1 |      10 |    1   6   9 |  9 |   |     10   |   8    1 |    8  10 |   1
    1   |       8 |    6 |       8 |    6      14 | 14 |   |      8   |  13    6 |   13   8 |   6
    6   |      12 |      |      12 |           12 | 12 |   |     13   |   3      |    4  14 |
        |       1 |      |       3 |            7 |  5 |   |      3   |   6      |    1   1 |

V~2        IV | VI~2   IV |        |  vi | V~2  IVM7 V~2 | ii7   V  V |  VI~2 |
V~2 ii^1 ii-7 | vi^1 ii-7 | vi^2   | 'vi | V~2 'VI~4 iii |     V^1 V7 | 'VI~4 |
 10   20   15 |   21   20 |   19   |  10 |  10    10   9 |   8   9  8 |    14 |
 13        21 |   20   11 |        |   8 |  13     9  13 |  13  14 14 |    13 |
 12        11 |           |        |  13 |  12    13  12 |   4  12 12 |       |
              |           |        |     |         4     |   2      5 |       |
 10   11    9 |   10    9 |   10   |   3 |  10     2  10 |   6   9  4 |     3 |
 13    9   14 |    8   14 |    8   |   1 |  13     6  13 |      14  2 |     2 |
  6   13    4 |   13    4 |   13   |   6 |   6        12 |      12  7 |     6 |
  5    4    2 |    1    2 |    3   |     |   5         3 |       7  5 |       |

218. For All The Saints (G, 130bpm)
 V     II7 | iii   |      V V~4   | II~2 II~2 |   III~4   |     |  V IV     | IV~2
'V IM7 'vi |  'V   |   'vii 'vi   |    V    V |   'VI~2   |     | 'V IV     | iv-7
19  10   9 |   8   |      8   9   |   10   10 |       9   |     |  8  9     |   12
14       8 |  14   |     14   8   |    9    9 |      14   |     | 14  8     |   11
12      13 |  12   |     12  13   |           |      13   |     | 12 13     |
         2 |   3   |         12   |           |       3   |     |    11     |
 2   8   1 |   7   |      2   3   |   14   14 |       7   |     |  2  8     |    9
 7  14   6 |   5   |      7   1   |   12   12 |       6   |     |  7 13     |   11
 5  12     |       |          6   |    7    7 |           |     |  5 11     |    2
     1     |       |              |    5    5 |           |     |     4     |    4

   V    V V~4 |  V   V7 |  III   IV  ii II~2 V^1   |       | V~2  iii III     | iii VI~4
'vii 'vii 'vi | 'V IV~2 | iii7 ii^1 V~4    V       |   V^1 |   I VI~4 vi7 V^1 |  'V 'vii V^1
   8    8   8 | 19   19 |   18   19  18   10   9   |    19 |  20   19  18  19 |   8    9  10
  14   14  13 | 14   18 |   10   18   9    9  14   |       |  19   10  10     |  14   14
  12   12  12 | 12   14 |        13           12   |       |                  |  12   13
              |      12 |        11            7   |       |                  |   3
   2    2   3 |  2   11 |    9    9   8   14   5   |     9 |  10    9   8   9 |   7    2   9
   7    7   1 |  7    2 |   14   13  12   12       |    14 |   8   13  13  14 |   5    7  14
            6 |  5    5 |   12    2   2    7       |    12 |  12    3  12  12 |           12
              |       4 |    3    4   5    5       |     7 |   1    6   6   7 |            7

OpenHymnal -- Harp Lead Sheets                                                              Page 108
----------------------------------------------------------------------------------------------------
III II~2 II7 |  V |         II7 | iii   |      V V~4 IV~2 | II~2 | ii^1    iv-7   |
vi7    V 'vi | 'V | V^1 IM7 'vi |  'V   |   'vii 'vi   ii |    V | ii^1 vii%7^2   |
 18   10   9 |  8 |  19  10   9 |   8   |      8   9   12 |   10 |    9       9   |
 10    9   8 | 14 |           8 |  14   |     14   8   11 |    9 |   13      14   |
          13 | 12 |          13 |  12   |     12  13      |      |   11       7   |
           2 |    |           2 |   3   |         12      |      |            4   |
  8   14   1 |  2 |   9   8   1 |   7   |      2   3    9 |   14 |    9       2   |
 13   12   6 |  7 |  14  14   6 |   5   |      7   1   13 |   12 |   13       7   |
 12    7     |  5 |  12  12     |       |          6   11 |    7 |    2       6   |
  6    5     |    |   7   1     |       |               2 |    5 |    4       4   |

   V ii^1     | IV~2 IV~2 |    V    V |  V   V7 |       IV  ii II~2 VI~4    V | ii^1
'vii ii^1     |   ii  I~2 | 'vii 'vii | 'V IV~2 | I^1 ii^1 V~4    V 'vii 'vii |   ii V^1
   8    9     |   12   12 |    8    8 | 19   19 |  18   19  18   10    9    8 |    9  19
  14   13     |   11   11 |   14   14 | 14   18 |       18   9    9   14   14 |   13
  12   11     |           |   12   12 | 12   14 |       13            13   12 |   11
              |           |           |      12 |       11                    |
   2    9     |    9    9 |    2    2 |  2   11 |  10    9   8   14    2    2 |    9   9
   7   13     |   13   13 |    7    7 |  7    2 |   8   13  12   12    7    7 |   13  14
        2     |   11    2 |           |  5    5 |  12    2   2    7           |   11  12
        4     |    2    1 |           |       4 |   3    4   5    5           |    2   7

V~2  iii III     | iii ii^1 IV~2 | III     vi^2 |  V
  I VI~4 vi7 V^1 |  'V   ii  V^2 |   I V^2 'V~4 | 'V
 20   19  18  19 |   8    9   10 |  18  10    9 |  8
 19   10  10     |  14   13    9 |  10        8 | 14
                 |  12   11   12 |           13 | 12
                 |   3        11 |            3 |
 10    9   8   9 |   2    9    9 |   8   9    1 |  2
  8   13  13  14 |   7   13   14 |  12  14    6 |  7
 12    3  12  12 |   5   11   12 |   3  12    5 |  5
  1    6   6   7 |        2    2 |   1   2      |

219. Faith of Our Fathers (G, 120bpm)
II~2  V~4  V |      V |          |  V |       |     |   vi     vi | ii^1 | II~2  V~4  V
   V 'V~4 'V |     'V | vi^1     | 'V |       |     | 'VI7   'VI7 |   ii |    V 'V~4 'V
  10    9  8 |      8 |    9     |  8 |       |     |    8      8 |    9 |   10    9  8
   9    8 14 |     14 |          | 14 |       |     |   13     13 |   13 |    9    8 14
       12 12 |     12 |          | 12 |       |     |             |   11 |        12 12
             |        |          |    |       |     |             |      |
  14    2  2 |      2 |    8     |  2 |       |     |   12     12 |    9 |   14    2  2
  12    1  7 |      7 |   13     |  7 |       |     |    3      3 |   13 |   12    1  7
   7    5  5 |      5 |    3     |  5 |       |     |    6      6 |   11 |    7    5  5
   5         |        |    1     |    |       |     |             |    2 |    5

V^2   iii |          | iii |       |     | II~2    IV |  V | III     | II~2   | ii^1   | II~2
 'V    'V | vi^1     |  'V |       |     |        II7 | 'V |   I     |    V   |   ii   |    V
  8     8 |    9     |   8 |       |     |    9     9 |  8 |  18     |   10   |    9   |   10
 14    14 |          |  14 |       |     |   13     8 | 14 |  10     |    9   |   13   |    9
 12    12 |          |  12 |       |     |    3    13 | 12 |         |        |   11   |
  2     3 |          |   3 |       |     |    2    11 |    |         |        |        |
  7     7 |    8     |   7 |       |     |    6     9 |  2 |   8     |   14   |    9   |   14
  5     5 |   13     |   5 |       |     |          8 |  7 |  12     |   12   |   13   |   12
          |    3     |     |       |     |         13 |  5 |   3     |    7   |   11   |    7
          |    1     |     |       |     |          2 |    |   1     |    5   |    2   |    5

OpenHymnal -- Harp Lead Sheets                                                              Page 109
----------------------------------------------------------------------------------------------------
  V~4    V |   iii | II~4  IV |  V
  'vi 'vii |    'V | 'V~2 II7 | 'V
    9    8 |     8 |    9   9 |  8
    8   14 |    14 |   13   8 | 14
   13   12 |    12 |   12  13 | 12
   12      |     3 |    2  11 |
    3    2 |     7 |    6   9 |  2
    1    7 |     5 |    5   8 |  7
    6      |       |       13 |  5
           |       |        2 |

220. The Church's One Foundation (D, 130bpm)
  |     vii-   |   V~4   | VII   ii^2 vi |     III |            |   vii7  vi7 | vii-  iii    VII
  |      V^2   |    'I   |   V    'ii 'I |   vi7^2 | ii^1       |      V 'I~4 |  V^1 vi^1   vii-
  |       11   |     9   |   8     12 11 |      11 |   12       |     13   12 |   11   12      8
  |        9   |     8   |  14     11 10 |      10 |            |     12   11 |    9   10     14
  |       14   |     6   |          9  8 |         |            |      9    8 |   14
  |            |     5   |          6  6 |         |            |     14    6 |
  |        9   |     3   |  12      4  5 |       8 |   11       |     12    4 |   12    8     11
  |       14   |     1   |   9      2  3 |       6 |    9       |      9    1 |    9    6      9
  |        5   |         |  14         1 |       5 |    6       |     14      |    5    3     14
  |        2   |         |   5           |       3 |    4       |      5      |    7    1      7

vi vi |     III      vii7 |        vii- | vii-   vii%7   | vii-      |     vii-   |     vii VII
'I 'I |   vi7^2 ii^1    V |   ii^1 vii- | iv-7    ii-7   |  iii vi^1 |      V^2   |   iii^1   V
 9  9 |      11   12   13 |     12   15 |   15      13   |   11    9 |       11   |       9   8
 8  8 |      10        12 |          21 |   21      11   |   10      |        9   |      14  14
 6  6 |                 9 |          11 |   11       9   |   14      |       14   |
      |                14 |          14 |   14      14   |           |            |
 3  3 |       8   11   12 |     11   11 |   11      11   |   12    8 |        9   |      12  12
 1  1 |       6    9    9 |      9    9 |    9       9   |   10    6 |       14   |      10   9
      |       5    6   14 |      6   14 |   14      14   |   14    3 |        5   |      14  14
      |       3    4    5 |      4    7 |    4       2   |    3    1 |        2   |       5   5

 VII vii     |
iii7 iii     |
   8   9     |
  14  14     |
             |
             |
  12  12     |
  10  10     |
   9  14     |
   3   3     |

221. Through the Night of Doubt and Sorrow (A, 120bpm)
vi^2   iii  IV iii7 |   III~4   iii7 |  iii  IV  ii      ii |   iii7   |   iii7     iii
  vi iii^1 'IV  iii |    VI~4    iii | vi^1 'IV 'IV   vii%7 |    iii   |    iii   iii^1
   8    12   8    9 |      18      9 |   19   8   9      18 |      9   |      9      19
  13    10  13   14 |      17     14 |   17  13  13       9 |     14   |     14      17
  10        11   12 |      13     12 |   13  11  11         |     12   |     12      14
                 10 |      10     10 |   10       2         |     10   |     10      10
   8    14   1   12 |       9     12 |    8   1   6      14 |     12   |     12      14
  13    12   6   10 |      13     10 |   13   6   4      13 |     10   |     10      12
  10    10   4    7 |      10      7 |   10   4          11 |      7   |      7      10
   6     5        3 |       6      3 |    1               7 |      3   |      3       5

OpenHymnal -- Harp Lead Sheets                                                              Page 110
----------------------------------------------------------------------------------------------------
 IV       |   V^1 iii   |     iii | iii       vii | vi^2     iii |  IV iii7   III~4 iii
'IV       |         I   |     iii | iii     'vii- | vi^1      vi | 'IV  iii    VI~4   I
  8       |     9  19   |      12 |  12         9 |    8      12 |   8    9      18  19
 13       |    14  17   |      10 |  10        14 |   13      10 |  13   14      17  17
 11       |    12  12   |         |               |   10         |  11   12      13  12
          |     7  10   |         |               |              |       10      10  10
  1       |     5   8   |      12 |  12        11 |    8       8 |   1   12       9   8
  6       |        12   |      10 |  10         2 |   13      13 |   6   10      13  12
  4       |        10   |       7 |   7         7 |   10      10 |   4    7      10  10
          |         1   |       3 |   3           |    1       6 |        3       6   1

  III7   iii7 | vi^2 iii vi^2  iii7 |   vii%7^3   iii7 |  iii  IV      | III~4 iii7 vi^2
iii7^2    iii | vi^1 iii vi^1 iii^2 |      iv-7    iii | vi^1 'IV ii   | III~4  iii   vi
    18      9 |    8  12    8     9 |        18      9 |   19   8 18   |     9    9    8
    17     14 |   13  10   13    14 |         9     14 |   17  13      |    14   14   13
     9     12 |   10       10    12 |        14     12 |   13  11      |    13   12   10
    10     10 |                  10 |        13     10 |   10          |    10   10
     9     12 |    8  12    8    14 |        11     12 |    8   1  9   |    10   12    8
    12     10 |   13  10   13    12 |         2     10 |   13   6 13   |     7   10   13
    10      7 |   10   7   10    10 |         7      7 |   10   4 11   |     6    7   10
     7      3 |    1   3    1     7 |         4      3 |    1      2   |     3    3    6

222. When The Roll Is Called Up Yonder (Ab, 100bpm)
    | vi^2               |               | vi^2               |       | vi^2     vi^2
    |   vi               |               |   vi               |       |   vi       vi
    |   17               |               |   17               |       |   17       17
    |    8               |               |    8               |       |    8        8
    |   13               |               |   13               |       |   13       13
    |   10               |               |   10               |       |   10       10
    |    8               |               |    8               |       |    8        8
    |   13               |               |   13               |       |   13       13
    |   10               |               |   10               |       |   10       10
    |    6               |               |    6               |       |    6        6

              | vi^2               |   IVM7   |       vi^2   |     IVM7   |     vi^2   vi^2
              | vi^2               |    'IV   |         vi   |      'IV   |     vi^2   vi^2
              |   17               |     17   |         17   |       17   |       17     17
              |    8               |      8   |          8   |        8   |        8      8
              |   13               |     13   |         13   |       13   |       13     13
              |   10               |     11   |         10   |       11   |       10     10
              |    8               |      1   |          8   |        1   |        8      8
              |   13               |      6   |         13   |        6   |       13     13
              |    6               |      4   |         10   |        4   |        6      6
              |    3               |          |          6   |            |        3      3

    IVM7   |           |         | vi^2               |
     'IV   |           |         | vi^2               |
      17   |           |         |   17               |
       8   |           |         |    8               |
      13   |           |         |   13               |
      11   |           |         |   10               |
       1   |           |         |    8               |
       6   |           |         |   13               |
       4   |           |         |    6               |
           |           |         |    3               |

OpenHymnal -- Harp Lead Sheets                                                              Page 111
----------------------------------------------------------------------------------------------------
223. Be Thou My Vision (Eb, 100bpm)
    iv-7   |               |     iv-7 | iii |   vii     |      V   |         |
    'vii   | vi^2     vi^2 |     'vii |     | 'vii-     |   'vii   | vi    I |
       9   |   13       13 |        9 |  10 |     9     |     10   | 20   10 |
      14   |               |       14 |  14 |    14     |      9   | 13      |
       4   |               |        4 |   5 |           |     14   |         |
           |               |          |   3 |           |      5   |         |
       2   |   10       10 |        2 |   7 |     4     |      2   | 10    8 |
       7   |    8        8 |        7 |     |     2     |      7   |  8    5 |
           |   13       13 |          |     |     7     |          | 13    3 |
           |    3        3 |          |     |           |          |  6    1 |

        VI~2       |       iii^1 |       |      |       |       VII~4     | iv-7     |
vi^1 vi ii^1   vii | vi   'VII~4 |       | vi   |       | vi   'iii^2     | 'vii     |
  20 20   21    21 | 20       10 |       | 13   |       | 20       10     |    9     |
  13 13   20       | 13       14 |       |      |       | 13       14     |   14     |
          13       |           5 |       |      |       |                 |    4     |
                   |             |       |      |       |                 |          |
  10 10   11     9 | 10        3 |       | 10   |       | 10        5     |    2     |
   8  8    9    14 |  8        7 |       |  8   |       |  8        3     |    7     |
  13 13   13     2 | 13          |       | 13   |       | 13        7     |          |
   1  6    4     7 |  6          |       |  6   |       |  6              |          |

224. Come Thou Fount Of Every Blessing (Eb, 90bpm)
iii VI~4 |         |   vii   iii   |       VII~4 VI~4 |   iii VI~4 |         |   vii   iii
      ii |         | 'vii-         | vi   'iii^2 vii- |         ii |         | 'vii-
 10    9 |         |     9    10   | 20       10    9 |    10    9 |         |     9    10
 14   13 |         |    14    14   | 13       14   14 |    14   13 |         |    14    14
  5      |         |           5   |               13 |     5      |         |           5
  3      |         |           3   |                  |     3      |         |           3
  7   11 |         |     4     7   | 10        5   11 |     7   11 |         |     4     7
       9 |         |     2         |  8        3    9 |          9 |         |     2
      13 |         |     7         | 13        7   14 |         13 |         |     7
       2 |         |               |  6             7 |          2 |         |

      VII~4 VI~4 |     VI+ VI~2 |      V        |      iii   VI+ VI~2 |           |   iii VI~4
vi   'iii^2 vii- |      IV ii^1 |   III7 vi^2   | vi         ii7   ii |    V vi   |         ii
20       10    9 |      20   21 |     21   20   | 20    10    20   21 |   21 20   |    10    9
13       14   14 |      11   20 |     12   13   | 13    14    11   20 |      13   |    14   13
              13 |      13   13 |               |        5    13   13 |           |     5
                 |              |               |        3            |           |     3
10        5   11 |      11   11 |     10   10   | 10     7    11   11 |   12 10   |     7   11
 8        3    9 |       8    9 |      9    8   |  8           9    9 |    9  8   |          9
13        7   14 |      13   13 |     14   13   | 13           8   13 |   14 13   |         13
 6             7 |       4    4 |      3    3   |  6           2    2 |    5  6   |          2

        |   vii   iii   |       VII~4 VI~4 |
        | 'vii-         | vi   'iii^2 vii- |
        |     9    10   | 20       10    9 |
        |    14    14   | 13       14   14 |
        |           5   |               13 |
        |           3   |                  |
        |     4     7   | 10        5   11 |
        |     2         |  8        3    9 |
        |     7         | 13        7   14 |
        |               |  6             7 |

OpenHymnal -- Harp Lead Sheets                                                              Page 112
----------------------------------------------------------------------------------------------------
225. Guide Me, O Thou Great Jehovah (G, 120bpm)
       V |        V        ii^1 | II~2  I^1   III |      IV  V |        V |        V        ii^1
      'V |     'vii  I V^2   ii |    V 'V~4   vi7 | V^2 II7 'V |       'V |     'vii  I V^2   ii
       8 |        8  9  10    9 |   10    8    18 |  10   9  8 |        8 |        8  9  10    9
      14 |       14          13 |    9   12    10 |       8 14 |       14 |       14          13
      12 |       12          11 |         3       |      13 12 |       12 |       12          11
         |                      |                 |      11    |          |
       2 |        2  8   9    9 |   14    1     8 |   9   9  2 |        2 |        2  8   9    9
       7 |        7 12  14   13 |   12    5    13 |  14   8  7 |        7 |        7 12  14   13
       5 |           3  12   11 |    7         12 |  12  13  5 |        5 |           3  12   11
         |           1   2    2 |    5          6 |   2   2    |          |           1   2    2

II~2         III      | V^2    V |  IV         ii^1 | II~2      V     |     IV  V   IV  iii | IV
   V I^1 V^1   I vi^1 |  'V   'V | II7 V^2 II7 ii^1 |    V II7 'V V^1 |     vi 'V ii^1 iii7 | ii
  10  18  19  18    9 |   8    8 |   9  10  18    9 |   10  18 19  10 |     19 19   19   19 | 19
   9          10      |  14   14 |   8           13 |    9     14     |     18 14   18   10 | 18
                      |  12   12 |  13           11 |          12     |     13 12   13      | 13
                      |   2      |  11              |                 |     11      11      | 11
  14  10   9   8    8 |   7    2 |   9   9   9    9 |   14   9  2   9 |      9  2    9    9 |  9
  12   8  14  12   13 |   5    7 |   8  14   8   13 |   12   8  7  14 |      8  7   13   14 | 13
   7  12  12   3    3 |        5 |  13  12  13    2 |    7  13  5  12 |      2  5    2   12 | 11
   5   3   7   1    1 |          |   2   2   2    4 |    5   2      7 |      6       4    3 |  2

    ii^1 II~2    III   | V^2    V
V^1   vi    V   vi^1   |  'V   'V
 19   18   10     18   |   8    8
       9    9     10   |  14   14
      13               |  12   12
      11               |   2
  9    9   14      8   |   7    2
 14    8   12     13   |   5    7
 12    2    7      3   |        5
  7    6    5      1   |

226. He Leadeth Me (D, 100bpm)
IV~2 |         | vii7       | IV~2         |     vi vi7 |         | vii7       vii7
  ii |         |    V       |   ii         |     'I  'I |         |    V          V
  12 |         |   13       |   12         |      9  12 |         |   13         13
  11 |         |   12       |   11         |      8  10 |         |   12         12
     |         |    9       |              |      6   8 |         |    9          9
     |         |   14       |              |          6 |         |   14         14
   9 |         |   12       |    9         |      3   3 |         |   12         12
   6 |         |    9       |    6         |      1   1 |         |    9          9
   4 |         |   14       |    4         |            |         |   14         14
   2 |         |    5       |    2         |            |         |    5          5

IV~2       vii  VII   |   vi   IV~2 |     vi    V~4 |   vi   vii7 IV~2 vii7
  ii     VII~4 vii-   |   'I     ii |   ii^1   'V~4 | ii^1      V   ii  V^2
  12         9    8   |    9     12 |     15     15 |   15     13   12   13
  11        14   14   |    8     11 |     13     12 |   13     12   11   12
                      |    6        |               |           9         9
                      |             |               |          14        14
   9        10   11   |    5      9 |     11      9 |   11     12    9    9
   6        14    9   |    3      6 |      9      8 |    9      9    6   14
   4         3   14   |    1      4 |      6      5 |    6     14    4    5
   2         7    7   |           2 |      4        |    4      5    2    2

OpenHymnal -- Harp Lead Sheets                                                              Page 113
----------------------------------------------------------------------------------------------------
IV~2       vii  VII   |     vi vi7 | IV~2   vi     V~4 |   vi   vii7 IV~2 vii7
  ii     VII~4 vii-   |     'I  'I |   ii ii^1   vi7^3 | ii^1      V   ii  V^2
  12         9    8   |      9  12 |   12   15      16 |   15     13   12   13
  11        14   14   |      8  10 |   11   13      15 |   13     12   11   12
                      |      6   8 |                13 |           9         9
                      |          6 |                12 |          14        14
   9        10   11   |      3   5 |    9   11      10 |   11     12    9    9
   6        14    9   |      1   3 |    6    9       8 |    9      9    6   14
   4         3   14   |          1 |    4    6       6 |    6     14    4    5
   2         7    7   |            |    2    4       5 |    4      5    2    2

IV~2       vii  VII   |   vi
  ii     VII~4 vii-   |   'I
  12         9    8   |    9
  11        14   14   |    8
                      |    6
                      |
   9        10   11   |    5
   6        14    9   |    3
   4         3   14   |    1
   2         7    7   |

227. Lord, Thee I Love with All My Heart (Bb, 120bpm)
   IV       |       V~2   |   ii   | ii V~2 IV~2     | V~2 V~2 ii   ii | V~2 VI~2   II~2
  'IV iii^1 |       iii   | vii-   | ii iii  'IV     | iii I^1 ii vii- | iii        vii-
   14    13 |        13   |   12   | 14  13   12     |  13  13 12   12 |  13   14     17
   13       |        12   |   11   | 13  12   11     |  12  12 11   11 |  12   13     16
   11       |             |    9   | 11              |          9    9 |       10     14
            |             |        |  9              |                 |        6      9
    1    12 |        10   |   14   | 11  10    1     |  10  10 11   14 |  10    3     14
    6    10 |         7   |   11   |  9   7    6     |   7   1  9   11 |   7          11
    4     7 |         5   |    9   |  6   5    4     |   5   5  6    9 |   5           9
          5 |         3   |    7   |  2   3          |   3   3  2    7 |   3           7

 IV    IV |   |    IV       |       V~2   |   ii   | ii V~2 IV~2     | V~2 V~2 ii   ii
'IV   'IV |   |   'IV iii^1 |       iii   | vii-   | ii iii  'IV     | iii I^1 ii vii-
 16    14 |   |    14    13 |        13   |   12   | 14  13   12     |  13  13 12   12
  8    13 |   |    13       |        12   |   11   | 13  12   11     |  12  12 11   11
 13    11 |   |    11       |             |    9   | 11              |          9    9
 11       |   |             |             |        |  9              |
  1     1 |   |     1    12 |        10   |   14   | 11  10    1     |  10  10 11   14
  6     6 |   |     6    10 |         7   |   11   |  9   7    6     |   7   1  9   11
  4     4 |   |     4     7 |         5   |    9   |  6   5    4     |   5   5  6    9
          |   |           5 |         3   |    7   |  2   3          |   3   3  2    7

V~2 VI~2   II~2 |  IV    IV |     |          V~2 |      IV   |          V~2 |      IV
iii        vii- | 'IV   'IV |     |   IV^1   iii |     'IV   |   IV^1   iii |     'IV
 13   14     17 |  16    14 |     |     16    13 |      14   |     16    13 |      14
 12   13     16 |   8    13 |     |           12 |      13   |           12 |      13
      10     14 |  13    11 |     |              |      11   |              |      11
       6      9 |  11       |     |              |           |              |
 10    3     14 |   1     1 |     |     15    10 |       1   |     15    10 |       1
  7          11 |   6     6 |     |     20     7 |       6   |     20     7 |       6
  5           9 |   4     4 |     |     18     5 |       4   |     18     5 |       4
  3           7 |           |     |     13     3 |           |     13     3 |

OpenHymnal -- Harp Lead Sheets                                                              Page 114
----------------------------------------------------------------------------------------------------
  II~2    IV      IV |    IV   |    IV II~4 ii |   ii   IV~2 | II~4 |  IV   |  IV II~2    IV
  vii-   'IV     'IV |   'IV   |   'IV    V ii | vii-    'IV |    V | 'IV   | 'IV vii-   'IV
    17    16      14 |    14   |    14   13 12 |   12     12 |   17 |  16   |  14   17    16
    16     8      13 |    13   |    13   12 11 |   11     11 |   16 |   8   |  13   16     8
    14    13      11 |    11   |    11    9  9 |    9        |   12 |  13   |  11   14    13
     9    11         |         |               |             |    9 |  11   |        9    11
    14     1       1 |     1   |     1   14 11 |   14      1 |   14 |   1   |   1   14     1
    11     6       6 |     6   |     6   12  9 |   11      6 |   12 |   6   |   6   11     6
     9     4       4 |     4   |     4    9  6 |    9      4 |    9 |   4   |   4    9     4
     7               |         |          5  2 |    7        |    5 |       |        7

        IV |         |           IV |
   I   'IV |         | IV^1     'IV |
  16    14 |         |   16      14 |
        13 |         |           13 |
        11 |         |           11 |
           |         |              |
   8     1 |         |   15       1 |
  12     6 |         |   20       6 |
  10     4 |         |   18       4 |
   1       |         |   13         |

228. More Love to Thee (Ab, 75bpm)
      |     vi^2 |       |   |       |     vi^2 |        V |   |       |   vi^2   |       |
      |       vi |       |   |       |       vi |     III7 |   |       |     vi   |       |
      |       17 |       |   |       |       17 |       14 |   |       |     17   |       |
      |        8 |       |   |       |        8 |       12 |   |       |      8   |       |
      |       13 |       |   |       |       13 |          |   |       |     13   |       |
      |       10 |       |   |       |       10 |          |   |       |     10   |       |
      |        8 |       |   |       |        8 |       10 |   |       |      8   |       |
      |       13 |       |   |       |       13 |        2 |   |       |     13   |       |
      |       10 |       |   |       |       10 |        7 |   |       |     10   |       |
      |        6 |       |   |       |        6 |        3 |   |       |      6   |       |

      |   |     iii |
      |   |     iii |
      |   |      14 |
      |   |      12 |
      |   |      10 |
      |   |         |
      |   |      12 |
      |   |      10 |
      |   |       7 |
      |   |       3 |

229. My Faith Looks Up To Thee (D, 100bpm)
      |  iii III   | vi     VI | III   vi |   II~2^1 vii7 | vi7 | IV~2        | IV~2 vii7 IV~2
      | vi^1   I   | 'I   'iii |   I   'I |          III7 |  'I |   ii   II~4 |   ii  V^2   ii
      |   12  11   |  9     11 |  11    9 |        9   13 |  12 |   12     11 |   12   13   12
      |   10  10   |  8     10 |  10    8 |        8   10 |  10 |   11        |   11   12   11
      |            |  6      6 |        6 |        6    9 |   8 |             |         9
      |            |           |          |        3   14 |   6 |             |        14
      |    8   8   |  3      5 |   8    3 |        1   10 |   5 |    9      9 |    9    9    9
      |    6   5   |  1      3 |   5    1 |             9 |   3 |    6      6 |    6   14    6
      |    3   3   |           |   3      |            14 |   1 |    4      5 |    4    5    4
      |    1   1   |           |   1      |             3 |     |    2      2 |    2    2    2

OpenHymnal -- Harp Lead Sheets                                                              Page 115
----------------------------------------------------------------------------------------------------
         | IV~2 vii7 IV~2 | vii   VII+ | IV~2         | vii vi7 |
    II~4 |   ii  V^2   ii | vii    IM7 |   ii I^1     |   V  'I |
      11 |   12   13   12 |  15     13 |   12  11     |   9  12 |
         |   11   12   11 |  21     12 |   11         |  14  10 |
         |         9      |   9      8 |              |       8 |
         |        14      |  14     14 |              |       6 |
       9 |    9    9    9 |   9     10 |    9  10     |  12   3 |
       6 |    6   14    6 |  14      8 |    6   8     |   9   1 |
       5 |    4    5    4 |   2     14 |    4   5     |  14     |
       2 |    2    2    2 |   7      1 |    2   3     |   5     |

230. Not Worthy, Lord, to Gather Up the Crumbs (Eb, 100bpm)
iii  vii VI~4 |     |          | iii |       |      |   ii-7 iii   |   | iii  vii VI~4 |
    'V^1 vii- |     | vi       |     |       | vi   |              |   |     'V^1 vii- |
 10   10    9 |     | 20       |  10 |       | 20   |      9  10   |   |  10   10    9 |
 14    9   14 |     | 13       |  14 |       | 13   |     14  14   |   |  14    9   14 |
  5   14   13 |     |          |   5 |       |      |      4   5   |   |   5   14   13 |
  3           |     |          |   3 |       |      |      2   3   |   |   3           |
  7    5   11 |     | 10       |   7 |       | 10   |      7   7   |   |   7    5   11 |
       2    9 |     |  8       |     |       |  8   |              |   |        2    9 |
       7   14 |     | 13       |     |       | 13   |              |   |        7   14 |
            7 |     |  6       |     |       |  6   |              |   |             7 |

      VII~4 | vi |    VI~4  iii^1   | iii VI~4     |  VII~4   vii |
         'I | IV | vii%7^3 'VII~4   |     vii-     | 'iii^2 'vii- |
         10 |  9 |       9     10   |  10    9     |     10     9 |
          8 |  8 |      14     14   |  14   14     |     14    14 |
         14 | 13 |       7      5   |   5   13     |              |
            |    |       6          |   3          |              |
          5 | 11 |       4      3   |   7   11     |      5     4 |
          3 |  8 |       2      7   |        9     |      3     2 |
          1 | 13 |       7          |       14     |      7     7 |
            |  4 |       6          |        7     |              |

231. O That The Lord Would Guide My Ways (Ab, 130bpm)
  |         |         |     IVM7   |     | vi^2       | vi^2       |     vi^2   |
  |         |         |      'IV   |     |   vi       |   vi       |     vi^2   |
  |         |         |       17   |     |   17       |   17       |       17   |
  |         |         |        8   |     |    8       |    8       |        8   |
  |         |         |       13   |     |   13       |   13       |       13   |
  |         |         |       11   |     |   10       |   10       |       10   |
  |         |         |        1   |     |    8       |    8       |        8   |
  |         |         |        6   |     |   13       |   13       |       13   |
  |         |         |        4   |     |   10       |   10       |        6   |
  |         |         |            |     |    6       |    6       |        3   |

232. Pass Me Not, O Gentle Savior (Ab, 100bpm)
vi^2     VI~2     |     |         | vi^2 | vi^2     VI~2     |     |         |   |     |
  vi              |     |         |   vi |   vi              |     |         |   |     |
  17       14     |     |         |   17 |   17       14     |     |         |   |     |
   8       13     |     |         |    8 |    8       13     |     |         |   |     |
  13       12     |     |         |   13 |   13       12     |     |         |   |     |
  10        6     |     |         |   10 |   10        6     |     |         |   |     |
   8        5     |     |         |    8 |    8        5     |     |         |   |     |
  13              |     |         |   13 |   13              |     |         |   |     |
  10              |     |         |   10 |   10              |     |         |   |     |
   6              |     |         |    6 |    6              |     |         |   |     |

OpenHymnal -- Harp Lead Sheets                                                              Page 116
----------------------------------------------------------------------------------------------------
        |   | vi^2     VI~2     |     |         |
        |   |   vi              |     |         |
        |   |   17       14     |     |         |
        |   |    8       13     |     |         |
        |   |   13       12     |     |         |
        |   |   10        6     |     |         |
        |   |    8        5     |     |         |
        |   |   13              |     |         |
        |   |   10              |     |         |
        |   |    6              |     |         |

233. Savior, Like A Shepherd Lead Us (Eb, 100bpm)
iii        VI~4  iii^1   |         |   vii  VII~4    VI~2     | iii | iii        VI~4  iii^1
        vii%7^3 'VII~4   |         | 'vii- 'iii^2   'VII7     |     |         vii%7^3 'VII~4
 10           9     10   |         |     9     10      20     |  10 |  10           9     10
 14          14     14   |         |    14     14      14     |  14 |  14          14     14
  5           7      5   |         |                   13     |   5 |   5           7      5
  3           6          |         |                          |   3 |   3           6
  7           4      3   |         |     4      5      14     |   7 |   7           4      3
              2      7   |         |     2      3      13     |     |               2      7
              7          |         |     7      7       7     |     |               7
              6          |         |                          |     |               6

        |   vii  VII~4    VI~2     | iii     |      VI~2    |         |   vii  VI~2     | iii
        | 'vii- 'iii^2   'VII7     |         | vi   VI~4 vi |         | 'vii- 'VII7     |
        |     9     10      20     |  10     | 20     21 20 |         |     9    20     |  10
        |    14     14      14     |  14     | 13     20 13 |         |    14    14     |  14
        |                   13     |   5     |        13    |         |          13     |   5
        |                          |   3     |              |         |                 |   3
        |     4      5      14     |   7     | 10     10 10 |         |     4    14     |   7
        |     2      3      13     |         |  8      9  8 |         |     2    13     |
        |     7      7       7     |         | 13     13 13 |         |     7     7     |
        |                          |         |  6      6  6 |         |                 |

     VI~2    |        VI~4 | iii       |
vi   VI~4 vi |       III~4 |           |
20     21 20 |           9 |  10       |
13     20 13 |          14 |  14       |
       13    |          13 |   5       |
             |             |   3       |
10     10 10 |          10 |   7       |
 8      9  8 |          14 |           |
13     13 13 |          13 |           |
 6      6  6 |           3 |           |

234. Take My Life And Let It Be (G, 140bpm)
 V  V |     | ii^1 ii^1 | II~2 |     II~2 |  iii III ii^1 |  V    V~2 | ii^1 |  V  V
'V 'V |     |  II7  II7 |    V | V^1    V | VI~4  vi ii^1 | 'V   'V~2 |   ii | 'V 'V
 8  8 |     |   18   18 |   10 |  19   10 |   19  18    9 |  8      9 |    9 |  8  8
14 14 |     |    9    9 |    9 |        9 |   10  10   13 | 14     13 |   13 | 14 14
12 12 |     |   13   13 |      |          |            11 | 12     12 |   11 | 12 12
      |     |   11   11 |      |          |               |           |      |
 2  2 |     |    9    9 |   14 |   9   14 |    9   8    9 |  2      2 |    9 |  2  2
 7  7 |     |    8    8 |   12 |  14   12 |   13  13   13 |  7      6 |   13 |  7  7
 5  5 |     |   13   13 |    7 |  12    7 |    3   3    2 |  5      5 |   11 |  5  5
      |     |    2    2 |    5 |   7    5 |    6   6    4 |           |    2 |

OpenHymnal -- Harp Lead Sheets                                                              Page 117
----------------------------------------------------------------------------------------------------
        IV~2 | ii^1 III | II~2 |   iv-7 |  vi        | V^2   |  V
  iii^1 ii^1 |  II7  vi |    V |   iv-7 | 'vi   vi^1 |  'V   | 'V
     13   12 |   18  18 |   10 |     10 |   9     20 |   8   |  8
          11 |    9  10 |    9 |      9 |   8        |  14   | 14
             |   13     |      |     14 |  13        |  12   | 12
             |   11     |      |     11 |            |   2   |
     12    9 |    9   8 |   14 |      9 |   3     10 |   7   |  2
      3   13 |    8  13 |   12 |     14 |   1      8 |   5   |  7
      7    2 |   13   3 |    7 |     11 |   6     13 |       |  5
      5    4 |    2   6 |    5 |      4 |          1 |       |

235. Take Thou My Hand and Lead Me (F, 120bpm)
   |   IV IV~2   IVM7 |      V~4 IVM7 |   v-7 | IVM7    |   IV IV~2   IVM7 |      V~4 IVM7
IV | vii- IV^1    'vi | IV^2   I  'vi |     I |  'vi IV | vii- IV^1    'vi | IV^2   I  'vi
19 |   20   19     10 |   10   9   10 |    19 |   10 19 |   20   19     10 |   10   9   10
   |   11   11      8 |        8    8 |    10 |    8    |   11   11      8 |        8    8
   |               13 |       12   13 |    12 |   13    |               13 |       12   13
   |                4 |             4 |       |    4    |                4 |             4
11 |    9    8      1 |    8  10    1 |    10 |    1 11 |    9    8      1 |    8  10    1
 8 |   14   13      6 |   13   8    6 |     8 |    6  8 |   14   13      6 |   13   8    6
13 |    4    4        |    4  12      |    12 |      13 |    4    4        |    4  12
 4 |    7    6        |    1   1      |     1 |       4 |    7    6        |    1   1

  v-7 | IVM7 IVM7 |   V v-7    V~2 | v-7   V  V   vi |   V  V | v-7 iii^1 |   IV           IV~2
    I |  'vi  'vi | iii   I   V7^3 | I^1 V^2  I ii^1 | I^2  V |   I VII~4 | IV^1 vii-   IV IV^1
   19 |   10   10 |   9  19     20 |  19  20 21   15 |  21 20 |  19    19 |   15   21   19   19
   10 |    8    8 |  14  10     19 |  10  19 19   20 |  19 19 |  10    10 |   20             11
   12 |   13   13 |  12  12     11 |  12  14 12      |  12 14 |  12    14 |   11
      |    4    4 |             12 |      12         |     12 |        12 |
   10 |    1    1 |  10  10      9 |  10   9 10   11 |  10  9 |  10    10 |    8   11   11    8
    8 |    6    6 |  14   8     14 |   8  14  8    9 |   8 14 |   8     8 |   13    9    8   13
   12 |           |  12  12     12 |  12  12 12   13 |   1 12 |  12     1 |    4   14   13    4
    1 |           |   3   1      4 |   3   2  1    4 |   5  5 |   1     7 |    6    7    4    6

  IV      |        V~4 |  IV
vii- IV   | IV^2     I | 'vi
  20 19   |   10     9 |   8
  11      |          8 |  13
          |         12 |   4
          |            |
   9 11   |    8    10 |   1
  14  8   |   13     8 |   6
   4 13   |    4    12 |
   7  4   |    1     1 |

236. Whiter Than Snow (A, 80bpm)
iii |   vi^2 iii7 |   VI~4^2 vi^2 | III7   III7 | vi^2   |   vi^2 iii7 |   VI~4^2 vi^2
 vi |   vi^1  iii |     VI~4   vi | iii7   iii7 |   vi   |   vi^1  iii |     VI~4   vi
 12 |      8    9 |        9    8 |    9      9 |    8   |      8    9 |        9    8
 10 |     13   14 |       13   13 |   14     14 |   13   |     13   14 |       13   13
    |     10   12 |       10   10 |   10     10 |   10   |     10   12 |       10   10
    |          10 |               |    3      3 |        |          10 |
  8 |      8   12 |        9    8 |    2      2 |    8   |      8   12 |        9    8
 13 |     13   10 |       13   13 |    7      7 |   13   |     13   10 |       13   13
 10 |     10    7 |       10   10 |    5      5 |   10   |     10    7 |       10   10
  6 |      1    3 |        6    6 |    3      3 |    6   |      1    3 |        6    6

OpenHymnal -- Harp Lead Sheets                                                              Page 118
----------------------------------------------------------------------------------------------------
III7   III7 | vi^2   |     vi^2 |         |        |     |   vi^2   |   III7 vi^2
iii7   iii7 |   vi   |     vi^1 |         | ii     |     |   vi^1   |   iii7 vi^2
   9      9 |    8   |        8 |         | 18     |     |      8   |      9    8
  14     14 |   13   |       13 |         |        |     |     13   |     14   13
  10     10 |   10   |       10 |         |        |     |     10   |     10   10
   3      3 |        |          |         |        |     |          |      3
   2      2 |    8   |        8 |         |  9     |     |      8   |      2    8
   7      7 |   13   |       13 |         | 13     |     |     13   |      7   13
   5      5 |   10   |       10 |         | 11     |     |     10   |      5    6
   3      3 |    6   |        1 |         |  2     |     |      1   |      3    3

iii7 III~4 III7 | vi^2 | III7     |    IV |       | iii iii |       |   III7 vi^2
 iii III~4 iii7 |   vi | iii7     |   'IV |       |  vi  vi |       |   iii7 vi^2
   9     8    9 |    8 |    9     |     8 |       |  12  12 |       |      9    8
  14    14   14 |   13 |   14     |    13 |       |  10  10 |       |     14   13
  12    13   10 |   10 |   10     |    11 |       |         |       |     10   10
  10    10    3 |      |    3     |       |       |         |       |      3
  12    10    2 |    8 |    2     |     1 |       |   8   8 |       |      2    8
  10     7    7 |   13 |    7     |     6 |       |  13  13 |       |      7   13
   7     6    5 |   10 |    5     |     4 |       |  10  10 |       |      5    6
   3     3    3 |    6 |    3     |       |       |   6   6 |       |      3    3

iii7 III~4 III7 | vi^2
 iii III~4 iii7 |   vi
   9     8    9 |    8
  14    14   14 |   13
  12    13   10 |   10
  10    10    3 |
  12    10    2 |    8
  10     7    7 |   13
   7     6    5 |   10
   3     3    3 |    6

237. Yet Before We See Your Plans (F, 95bpm)
          ii7   vi |   V  V  V      V~4 ii7   |           V    vi |  VI~4 V~4  IV
IV vi^2       'I~4 | V^1  V V7 vi^1   I 'vi   | I^1 IV   V7 'IV^1 | 'vii-   I 'vi
12   12     8    8 |   9  9  8   10   9   8   |  12 12    8     8 |    10   9   8
           13   13 |  14 14 14        8  13   |          14    13 |     9   8  13
            4      |  12 12 12       12   4   |          12       |    14  12   4
            2      |         5            2   |           5       |    13
11   10     6    4 |   9  9  4    8  10   1   |  10 11    4     4 |     4  10   1
 8    8          2 |  14 14  2   13   8   6   |   8  8    2     1 |     2   8   6
13   13          1 |  12 12  7    3  12       |  12 13    7     6 |     7  12
 4    3            |   7  5  5    1   1       |   3  4    5       |         1

          ii7   vi |   V  V  V      V~4 ii7   |           V    vi |  VI~4 V~4  IV
IV vi^2       'I~4 | V^1  V V7 vi^1   I 'vi   | I^1 IV   V7 'IV^1 | 'vii-   I 'vi
12   12     8    8 |   9  9  8   10   9   8   |  12 12    8     8 |    10   9   8
           13   13 |  14 14 14        8  13   |          14    13 |     9   8  13
            4      |  12 12 12       12   4   |          12       |    14  12   4
            2      |         5            2   |           5       |    13
11   10     6    4 |   9  9  4    8  10   1   |  10 11    4     4 |     4  10   1
 8    8          2 |  14 14  2   13   8   6   |   8  8    2     1 |     2   8   6
13   13          1 |  12 12  7    3  12       |  12 13    7     6 |     7  12
 4    3            |   7  5  5    1   1       |   3  4    5       |         1

OpenHymnal -- Harp Lead Sheets                                                              Page 119
----------------------------------------------------------------------------------------------------
IVM7  V~2 IV~2  iii |  VI~4  V V~4   V ii7 | IVM7  V~2 IV~2  iii |  VI~4  V V~4   V
 'vi vi^2  II7 vi^1 | 'vii-  V V~2 IM7     |  'vi vi^2  II7 vi^1 | 'vii-  V V~2 IM7
  10   19   19   19 |    10 10   8   9   8 |   10   19   19   19 |    10 10   8   9
   8   10   11   10 |     9  9  13   8  13 |    8   10   11   10 |     9  9  13   8
  13   13           |    14 14  12  14   4 |   13   13           |    14 14  12  14
   4   12           |    13 12      12   2 |    4   12           |    13 12      12
   1   10    9    8 |     4  9   9  10   6 |    3   10    9    8 |     4  9   9  10
   6    8    8   13 |     2 14  13   8     |    1    8    8   13 |     2 14  13   8
       13   13    3 |     7 12  12  14     |    6   13   13    3 |     7 12  12  14
        3    2    1 |        5   5   1     |         3    2    1 |        5   5   1

          ii7   vi |   V  V  V      V~4 ii7   |           V    vi |  VI~4 V~4  IV
IV vi^2       'I~4 | V^1  V V7 vi^1   I 'vi   | I^1 IV   V7 'IV^1 | 'vii-   I 'vi
12   12     8    8 |   9  9  8   10   9   8   |  12 12    8     8 |    10   9   8
           13   13 |  14 14 14        8  13   |          14    13 |     9   8  13
            4      |  12 12 12       12   4   |          12       |    14  12   4
            2      |         5            2   |           5       |    13
11   10     6    4 |   9  9  4    8  10   1   |  10 11    4     4 |     4  10   1
 8    8          2 |  14 14  2   13   8   6   |   8  8    2     1 |     2   8   6
13   13          1 |  12 12  7    3  12       |  12 13    7     6 |     7  12
 4    3            |   7  5  5    1   1       |   3  4    5       |         1

238. Happy the Man Who Feareth God (D, 100bpm)
  vi7 IV~2 |     vii7 VII+   | IV  IV | vii7 IV~2 vii7 vi7 | III       |          vii-
   'I   ii |        V  V^1   | ii 'ii |    V   ii    V  'I |   I       |   II~2^1    V
   12   12 |       13   15   | 15  15 |   13   12   13  12 |  11       |       12   11
   10   11 |       12   21   | 13  11 |   12   11   12  10 |  10       |             9
    8      |        9   12   | 11     |    9         9   8 |           |            14
    6      |       14   14   |        |   14        14   6 |           |
    3    9 |       12   12   |  9   9 |   12    9   12   3 |   8       |       10   12
    1    6 |        9    9   |  6   4 |    9    6    9   1 |   5       |        9    9
         4 |       14    5   |  4   2 |   14    4   14     |   3       |        6   14
         2 |        5    7   |  2     |    5    2    5     |   1       |        3    5

  vii        vii- |     IV |    vi   iii^2   vii- vii | iii7 IV   III~4^2 III~4^2 vi7
  iii   ii^1 iii7 |     ii | 'VI~4     iii   vii- iii |    I ii     III~4    'III  'I
    9     12   11 |     15 |    15      13     15  16 |   16 15        13      13  12
   14          10 |     13 |    13      12     21  21 |   15 13        10      10  10
                9 |     11 |            10     11  10 |   12 11        14      14   8
               14 |        |            14     14  14 |   10                        6
   12     11   12 |      9 |    10      12     11  12 |    8  9        10      10   3
   10      9   10 |      6 |     9      10      9  10 |    5  6        14      14   1
   14      6    9 |      4 |     6      14     14  14 |    3  4         6       3
    3      4    3 |      2 |             3      7   3 |    1  2         3

239. Happy the Man Who Feareth God (Eb, 100bpm)
      | iii   vii iii   |         |     iii   vii |             | iii       |    V~4
      |     'vii-       |         |         'vii- |     vi vi^1 |           |  I  'I  V vi
      |  10     9  10   |         |      10     9 |     20   20 |  10       | 10  15 21 20
      |  14    14  14   |         |      14    14 |     13   13 |  14       |     12    13
      |   5         5   |         |       5       |             |   5       |
      |   3         3   |         |       3       |             |   3       |
      |   7     4   7   |         |       7     4 |     10   10 |   7       |  8   8 12 10
      |         2       |         |             2 |      8    8 |           |  5   5  9  8
      |         7       |         |             7 |     13   13 |           |  3   1 14 13
      |                 |         |               |      6    1 |           |  1      5  6

OpenHymnal -- Harp Lead Sheets                                                              Page 120
----------------------------------------------------------------------------------------------------
  V~2       vii |
    I     'vii- |
   20         9 |
   12        14 |
                |
                |
   10         4 |
    8         2 |
    5         7 |
    1           |

240. He Who Would Valiant Be (D, 120bpm)
    |       vii- vi7 | vii7  V~4 |            |       |       vii- vi7 | vii7  V~4 |
    |        V^1  'I |    V 'I~2 | ii^1       |       |        V^1  'I |    V 'I~2 | ii^1
    |         11  12 |   13   12 |   12       |       |         11  12 |   13   12 |   12
    |          9  10 |   12    9 |            |       |          9  10 |   12    9 |
    |         14   8 |    9    8 |            |       |         14   8 |    9    8 |
    |              6 |   14    5 |            |       |              6 |   14    5 |
    |         12   3 |   12    2 |   11       |       |         12   3 |   12    2 |   11
    |          9   1 |    9    1 |    9       |       |          9   1 |    9    1 |    9
    |          5     |   14      |    6       |       |          5     |   14      |    6
    |          7     |    5      |    4       |       |          7     |    5      |    4

  IV~2 | vii- vii%7       | vii7  iii |         vii- | vi7   vi |   iii   vii7 V~2 vii-
    ii | vii-  ii-7       |    V vi^1 |          V^1 |  'I ii^1 | vi7^2      V     iii7
    12 |   15    13       |   13   12 |           11 |  12   15 |    12     13  12   11
    11 |   21    11       |   12   10 |            9 |  10   13 |    10     12   9   10
       |   11     9       |    9      |           14 |   8      |            9   6    9
       |   14    14       |   14      |              |   6      |           14   5   14
     9 |   11    11       |   12    8 |           12 |   3   11 |     8     12   2   12
     6 |    9     9       |    9    6 |            9 |   1    9 |     6      9       10
     4 |   14    14       |   14    3 |            5 |        6 |     5     14        9
     2 |    7     2       |    5    1 |            7 |        4 |     3      5        3

vi vii7       VII |
'I    V ii^1 iii7 |
 9   13   12    8 |
 8   12        14 |
 6    9           |
     14           |
 3   12   11   12 |
 1    9    9   10 |
     14    6    9 |
      5    4    3 |

241. Jesus Wants All Of His Children (D, 100bpm)
                |  VII             VII |                 |     |
                | iv-7               V |                 |     |
                |    8               8 |                 |     |
                |   14              14 |                 |     |
                |                      |                 |     |
                |                      |                 |     |
                |   11              12 |                 |     |
                |    9               9 |                 |     |
                |   14              14 |                 |     |
                |    4               5 |                 |     |

OpenHymnal -- Harp Lead Sheets                                                              Page 121
----------------------------------------------------------------------------------------------------
                |                 |    VII
                |                 |   iv-7
                |                 |      8
                |                 |     14
                |                 |
                |                 |
                |                 |     11
                |                 |      9
                |                 |     14
                |                 |      4

242. My Jesus, As Thou Wilt (Eb, 100bpm)
        |   vii    VII~4   vii | iii       |     iii |         |           |       vii   iii
        | 'vii-   'iii^2 'vii- |           |         |         |           |     'vii-
        |     9       10     9 |  10       |      10 |         |           |         9    10
        |    14       14    14 |  14       |      14 |         |           |        14    14
        |                      |   5       |       5 |         |           |               5
        |                      |   3       |       3 |         |           |               3
        |     4        5     4 |   7       |       7 |         |           |         4     7
        |     2        3     2 |           |         |         |           |         2
        |     7        7     7 |           |         |         |           |         7
        |                      |           |         |         |           |

  vii   |         |   vii    VII~4   vii | iii       |        |         |           |       VI~4
'vii-   |         | 'vii-   'iii^2 'vii- |           |     vi |         |           |       vii-
    9   |         |     9       10     9 |  10       |     20 |         |           |          9
   14   |         |    14       14    14 |  14       |     13 |         |           |         14
        |         |                      |   5       |        |         |           |         13
        |         |                      |   3       |        |         |           |
    4   |         |     4        5     4 |   7       |     10 |         |           |         11
    2   |         |     2        3     2 |           |      8 |         |           |          9
    7   |         |     7        7     7 |           |     13 |         |           |         14
        |         |                      |           |      6 |         |           |          7













243. Where He Leads Me (F, 100bpm)
     |       IVM7 |      V~4       |   V       V |  V~4  IV  IV   |             |         VII V~4
IV   |        'vi | IV^2   I IM7   | IM7     IM7 | IV~2 'vi 'vi   |     iv-7 IV | vii   'vii- I~4
12   |         10 |   10   9  12   |   9       9 |    9   8   8   |       20 19 |  19       8   9
     |          8 |        8       |   8       8 |    8  13  13   |             |          14   8
     |         13 |       12       |  14      14 |   12   4   4   |             |              12
     |          4 |                |  12      12 |                |             |
11   |          1 |    8  10  10   |  10      10 |   11   1   1   |       11 11 |  16       4   8
 8   |          6 |   13   8   8   |   8       8 |    8   6   6   |        9  8 |  21       2  12
13   |            |    4  12  14   |  14      14 |   12           |       14 13 |  14       7   4
 4   |            |    1   1   1   |   1       1 |    4           |        4  4 |   7           1

OpenHymnal -- Harp Lead Sheets                                                              Page 122
----------------------------------------------------------------------------------------------------
                V  IV |        |       IVM7 |      V~4       |   V       V |  V~4  IV  IV
IV^2   IV^2   IM7 'vi |   IV   |        'vi | IV^2   I IM7   | IM7     IM7 | IV~2 'vi 'vi
  10     10     9   8 |   12   |         10 |   10   9  12   |   9       9 |    9   8   8
                8  13 |        |          8 |        8       |   8       8 |    8  13  13
               14   4 |        |         13 |       12       |  14      14 |   12   4   4
               12     |        |          4 |                |  12      12 |
   8      8    10   1 |   11   |          1 |    8  10  10   |  10      10 |   11   1   1
  13     13     8   6 |    8   |          6 |   13   8   8   |   8       8 |    8   6   6
   4      4    14     |   13   |            |    4  12  14   |  14      14 |   12
   1      1     1     |    4   |            |    1   1   1   |   1       1 |    4

            |         VII V~4 |                 V  IV |
    iv-7 IV | vii   'vii- I~4 | IV^2   IV^2   IM7 'vi |
      20 19 |  19       8   9 |   10     10     9   8 |
            |          14   8 |                 8  13 |
            |              12 |                14   4 |
            |                 |                12     |
      11 11 |  16       4   8 |    8      8    10   1 |
       9  8 |  21       2  12 |   13     13     8   6 |
      14 13 |  14       7   4 |    4      4    14     |
       4  4 |   7           1 |    1      1     1     |

244. Did You Think To Pray? (F, 120bpm)
 IV    IV    IV    IV          V      |        IV |  V               |  V
'vi   'vi   'vi   'vi   IV 'VII+ IV   | IV vi 'vi |  I               |  I
  8     8     8     8   12     9 12   | 12 12   8 | 14               | 14
 13    13    13    13         14      |        13 | 12               | 12
  4     4     4     4         12      |         4 |                  |
                                      |           |                  |
  1     1     1     1   11    14 11   | 11 10   1 | 10               | 10
  6     6     6     6    8    12  8   |  8  8   6 |  8               |  8
                        13     7 13   | 13 13     | 12               | 12
                         4        4   |  4  6     |  1               |  1

 V                  V   |  IV    IV iii |  IV    IV    IV    IV          V      |       VII
 I                  I   | 'vi   'vi  vi | 'vi   'vi   'vi   'vi   IV 'VII+ IV   |     'vii-
14                 14   |   8     8  19 |   8     8     8     8   12     9 12   |         8
12                 12   |  13    13  10 |  13    13    13    13         14      |        14
                        |   4     4     |   4     4     4     4         12      |
                        |               |                                       |
10                 10   |   1     1   8 |   1     1     1     1   11    14 11   |         4
 8                  8   |   6     6  13 |   6     6     6     6    8    12  8   |         2
12                 12   |             3 |                         13     7 13   |         7
 1                  1   |             6 |                          4        4   |

     V       V     V  V   |  IV |   v-7 IVM7          IVM7       IVM7   |   V~4 IVM7
 I v-7  I    I 'VII+  I   | 'vi |     I  'vi     iv-7  'vi        'vi   |   I~4  'vi
12  14 12   14     9 14   |   8 |    19   10       20   10         10   |    15   10
    12      12    14 12   |  13 |    10    8             8          8   |    19    8
                  12      |   4 |    12   13            13         13   |     8   13
                          |     |          4             4          4   |    12    4
10  10 10   10    14 10   |   1 |    10    1       11    1          1   |     8    1
 8  12  8    8    12  8   |   6 |     8    6        9    6          6   |    12    6
12   3 12   12     7 12   |     |    12            14                   |     4
 1   5  1    1        1   |     |     1             4                   |     1

OpenHymnal -- Harp Lead Sheets                                                              Page 123
----------------------------------------------------------------------------------------------------
    IVM7          IVM7    V~4    IV   |  V   |  IV    IV    IV    IV          V      |       VII
     'vi     iv-7  'vi   IV~2   'vi   |  I   | 'vi   'vi   'vi   'vi   IV 'VII+ IV   |     'vii-
      10       20   10      9     8   | 14   |   8     8     8     8   12     9 12   |         8
       8             8      8    13   | 12   |  13    13    13    13         14      |        14
      13            13     12     4   |      |   4     4     4     4         12      |
       4             4                |      |                                       |
       1       11    1     11     1   | 10   |   1     1     1     1   11    14 11   |         4
       6        9    6      8     6   |  8   |   6     6     6     6    8    12  8   |         2
               14          12         | 12   |                         13     7 13   |         7
                4           4         |  1   |                          4        4   |

     V       V     V V~4   |  IV
 I v-7  I    I 'VII+ I~4   | 'vi
12  14 12   14     9   8   |   8
    12      12    14  12   |  13
                  12       |   4
                           |
10  10 10   10    14   8   |   1
 8  12  8    8    12  12   |   6
12   3 12   12     7   4   |
 1   5  1    1         1   |

245. O Lord, My God, I Thirst For You (G, 100bpm)
iii   |       IV~2 |    V iii ii^1    V   IV | II~2    vi V~4   |      V   |     V~2 IV~2
 'V   |        I~2 | 'vii  'V   ii 'vii IV^1 |    V   'vi 'vi   |   'vii   |     'vi   ii
  8   |         12 |    8   8    9    8    9 |   10     9   8   |      8   |      13   12
 14   |         11 |   14  14   13   14    8 |    9     8  13   |     14   |      12   11
 12   |            |   12  12   11   12   13 |         13  12   |     12   |
  3   |            |        3             11 |                  |          |
  7   |          9 |    2   7    9    2    8 |   14     3   3   |      2   |       3    9
  5   |         13 |    7   5   13    7   13 |   12     1   1   |      7   |       1   13
      |          2 |            11        11 |    7     6   6   |          |       6   11
      |          1 |             2         6 |    5             |          |            2

   V   ii^1    V   IV | II~2              |   iii     |  iv-   III7 IV  V |      ii^1 II~2
'vii     ii 'vii IV^1 |    V V^1 vi^1     |    'V I^1 | vii-     'V IV 'V | vi^1   ii    V
   8      9    8    9 |   10  10    9     |    10  18 |   19     10  9  8 |    9    9   10
  14     13   14    8 |    9              |    14     |   18      9  8 14 |        13    9
  12     11   12   13 |                   |    12     |   14     14 13 12 |        11
                   11 |                   |     3     |   11      3 11    |
   2      9    2    8 |   14   9    8     |     7  10 |    9      2  8  2 |    8    9   14
   7     13    7   13 |   12  14   13     |     5   8 |   14      7 13  7 |   13   13   12
         11        11 |    7  12    3     |        12 |   11      5 11  5 |    3   11    7
          2         6 |    5   7    1     |         3 |    7         4    |    1    2    5

      IV    V   |      V   |             |  V iii ii^1    V   IV | II~2 iv-7          |
    IV^1 'vii   |   'vii   |             | 'V  'V   ii 'vii IV^1 |    V vii- vi^1     |
       9    8   |      8   |             |  8   8    9    8    9 |   10   10    9     |
       8   14   |     14   |             | 14  14   13   14    8 |    9    9          |
      13   12   |     12   |             | 12  12   11   12   13 |        14          |
      11        |          |             |      3             11 |        11          |
       8    2   |      2   |             |  2   2    9    2    8 |   14    9    8     |
      13    7   |      7   |             |  7   7   13    7   13 |   12   14   13     |
      11        |          |             |  5   5   11        11 |    7   11    3     |
       6        |          |             |           2         6 |    5    7    1     |

OpenHymnal -- Harp Lead Sheets                                                              Page 124
----------------------------------------------------------------------------------------------------
246. Our Father Thou in Heaven Above (Bb, 140bpm)
V~2 V~2   |   ii II~4   II~2 |      | II~4 ii   V~2 |     II~4 | V~2    IV |   II~2      |     IV
    iii   | vii-    V      V |  I   |    V ii   iii |        V |       'IV |   vii-  I   |  I 'IV
 13  13   |   12   13     10 |  9   |   13 12    13 |       13 |  13    16 |     17 16   | 16  16
 12  12   |   11   12      9 |      |   12 11    12 |       12 |  12     8 |     16      |      8
 10       |    9    9        |      |    9  9       |        9 |  10    13 |     14      |     13
  5       |                  |      |               |          |   5    11 |      9      |     11
  3  10   |   14   14     14 |  8   |   14 11    10 |       14 |   3     1 |     14  8   |  8   1
      7   |   11   12     12 | 12   |   12  9     7 |       12 |         6 |     11 12   | 12   6
      5   |    9    9      9 | 10   |    9  6     5 |        9 |         4 |      9 10   | 10   4
      3   |    7    5      5 |  1   |    5  2     3 |        5 |           |      7  1   |  1

II~2         IV | II~4   II~4 |  IV    IV |   V~2         ii |   V~2 |   II~4     |   II~2
vii- IV^1   'IV |    V      V | 'IV   'IV |   iii iii^1 vii- |       |      V     |      V  I
  17   16    14 |   13     13 |  16    14 |    13    13   12 |    13 |     13     |     10  9
  16         13 |   12     12 |   8    13 |    12         11 |    12 |     12     |      9
  14         11 |    9      9 |  13    11 |                9 |    10 |      9     |
   9            |             |  11       |                  |     5 |            |
  14   15     1 |   14     14 |   1     1 |    10    12   14 |     3 |     14     |     14  8
  11   20     6 |   12     12 |   6     6 |     7    10   11 |       |     12     |     12 12
   9   18     4 |    9      9 |   4     4 |     5     7    9 |       |      9     |      9 10
   7   13       |    5      5 |           |     3     5    7 |       |      5     |      5  1

247. The Lord's Prayer (new) (Bb, 110bpm)
II~4      | II~2 V~4 |   VI~2 II~4   | II~4  II |   V~2  II | II~4    V~4 |    II | II~4
   V    I |  vii 'vi |         V^2   |    V 'II |   iii 'II |  V^1  I 'vi |   'II |    V
  13   16 |   17  16 |     14   13   |   13  14 |    13  14 |   17 16  16 |    14 |   13
  12      |   16   8 |     13   12   |   12  13 |    12  13 |   16      8 |    13 |   12
   9      |       13 |     10    9   |    9   9 |         9 |   12     13 |     9 |    9
          |       12 |      6        |          |           |    9     12 |       |
  14    8 |   16  10 |      3    9   |   14   9 |    10   9 |   14  8  10 |     9 |   14
  12   12 |   14   1 |           7   |   12   6 |     7   6 |   12 12   1 |     6 |   12
   9   10 |    9   6 |           5   |    9   2 |     5   2 |    9 10   6 |     2 |    9
   5    1 |    7     |           2   |    5     |     3     |    7  1     |       |    5

 II    IV | II~2  IV |   V~2      |  II II~2 | II~4   V~2 | V~4   VI~2 | II~4   | II~4
'II   'IV | vii- 'IV |   iii  I   | 'II 'vii |    V   iii | 'vi        |  V^2   |    V
 14    16 |   17  16 |    13 16   |  14   10 |   13    13 |  16     14 |   13   |   13
 13     8 |   16   8 |    12      |  13    9 |   12    12 |   8     13 |   12   |   12
  9    13 |   14  13 |            |   9      |    9       |  13     10 |    9   |    9
       11 |    9  11 |            |          |            |  12      6 |        |
  9     1 |   14   1 |    10  8   |   9   14 |   14    10 |  10      3 |    9   |   14
  6     6 |   11   6 |     7 12   |   6    9 |   12     7 |   1        |    7   |   12
  2     4 |    9   4 |     5 10   |   2    7 |    9     5 |   6        |    5   |    9
          |    7     |     3  1   |          |    5     3 |            |    2   |    5

248. We Now Implore God the Holy Ghost (F, 140bpm)
 IV | V~4 V~4    vi |      |       V |  IV |   IV~2 |   IV v-7 |       vi |       V |  IV
'vi | I^1   I 'IV^1 |   IV |   iii^1 | 'vi |   IV^1 | vii-   I | ii 'IV^1 |   iii^1 | 'vi
  8 |   9   9     8 |   12 |      14 |   8 |     19 |   20  19 | 10     8 |      14 |   8
 13 |   8   8    13 |      |      12 |  13 |     11 |   11  10 |       13 |      12 |  13
  4 |  12  12       |      |         |   4 |        |       12 |          |         |   4
    |               |      |         |     |        |          |          |         |
  1 |  10  10     4 |   11 |      10 |   1 |      8 |    9  10 |  9     4 |      10 |   1
  6 |   8   8     1 |    8 |      14 |   6 |     13 |   14   8 | 13     1 |      14 |   6
    |  12  12     6 |   13 |       3 |     |      4 |    4  12 |  4     6 |       3 |
    |   3   1       |    4 |       5 |     |      6 |    7   1 |  2       |       5 |

OpenHymnal -- Harp Lead Sheets                                                              Page 125
----------------------------------------------------------------------------------------------------
       vi V~4 | IVM7   ii7 | V~4   V   | ii7  V V~4 | IVM7    vi |   ii7    vi V~4 | ii7 V~2 |
    'IV^1   I |  'vi       |   I V^1   |      V   I |  'vi 'IV^1 |       'IV^1   I |       V |  I
       10   9 |   10     8 |   9   9   |   8  9   9 |   10     8 |     8     8   9 |   8  13 | 12
        8   8 |    8    13 |   8  14   |  13 14   8 |    8    13 |    13    13   8 |  13  12 |
       13  12 |   13     4 |  12  12   |   4 12  12 |   13       |     4        12 |   4     |
              |    4     2 |           |   2        |    4       |     2           |   2     |
        4  10 |    1     6 |  10   9   |   6  9  10 |    1     4 |     6     4  10 |   6   9 | 10
        1   8 |    6       |   8  14   |     14   8 |    6     1 |           1   8 |      14 |  8
        6  12 |            |  12  12   |     12  12 |          6 |           6  12 |      12 | 12
            1 |            |   1   7   |      5   1 |            |               1 |       5 |  1

      V  IV |  IV
  iii^1 'vi | 'vi
     14   8 |   8
     12  13 |  13
          4 |   4
            |
     10   1 |   1
     14   6 |   6
      3     |
      5     |

249. What A Friend We Have In Jesus (F, 100bpm)
                 |   VII   |              | V~4 |                  |   VII   |            V    V
IV   iv-7 IV     | 'vii-   | IV           |   I | IV   iv-7 IV     | 'vii-   | IV^2     IM7    I
19     20 19     |     8   | 12           |   9 | 19     20 19     |     8   |   12       9   14
                 |    14   |              |   8 |                  |    14   |            8   12
                 |         |              |  12 |                  |         |           14
                 |         |              |     |                  |         |           12
11     11 11     |     4   | 11           |  10 | 11     11 11     |     4   |    8      10   10
 8      9  8     |     2   |  8           |   8 |  8      9  8     |     2   |   13       8    8
13     14 13     |     7   | 13           |  12 | 13     14 13     |     7   |    4      14   12
 4      4  4     |         |  4           |   1 |  4      4  4     |         |    1       1    1

 IV | V~4   V~4        V~4 | IVM7   |   IV   IV~2 IVM7   IVM7 | V~4 |                  |   VII
'vi |   I     I IV^2     I |  'vi   | vii-   IV^1  'vi    'vi |   I | IV   iv-7 IV     | 'vii-
  8 |   9     9   10     9 |   10   |   20     19   10     10 |   9 | 19     20 19     |     8
 13 |   8     8          8 |    8   |   11     11    8      8 |   8 |                  |    14
  4 |  12    12         12 |   13   |               13     13 |  12 |                  |
    |                      |    4   |                4      4 |     |                  |
  1 |  10    10    8    10 |    1   |    9      8    1      1 |  10 | 11     11 11     |     4
  6 |   8     8   13     8 |    6   |   14     13    6      6 |   8 |  8      9  8     |     2
    |  12    12    4    12 |        |    4      4             |  12 | 13     14 13     |     7
    |   1     1    1     1 |        |    7      6             |   1 |  4      4  4     |

           V    V |  IV
IV^2     IM7    I | 'vi
  12       9   14 |   8
           8   12 |  13
          14      |   4
          12      |
   8      10   10 |   1
  13       8    8 |   6
   4      14   12 |
   1       1    1 |

OpenHymnal -- Harp Lead Sheets                                                              Page 126
----------------------------------------------------------------------------------------------------
250. All Creatures of Our God and King (D, 160bpm)
  |           vii- |          |   iii7       vii- |       vi   | vii7 IV~2 vii-   | IV vi7   vi
  |           iii7 |   ii^1   |              iii7 |     ii^1   |    V   ii vii-   | ii  'I ii^1
  |             11 |     12   |      9         11 |       15   |   13   12   15   | 13  12   15
  |             10 |          |      8         10 |       13   |   12   11   21   | 11  10   13
  |              9 |          |      5          9 |            |    9        11   |      8
  |             14 |          |      3         14 |            |   14        14   |      6
  |             12 |     11   |      1         12 |       11   |   12    9   11   |  9   3   11
  |             10 |      9   |                10 |        9   |    9    6    9   |  6   1    9
  |              9 |      6   |                 9 |        6   |   14    4   14   |  4        6
  |              3 |      4   |                 3 |        4   |    5    2    7   |  2        4

IV  ii  vii- III   vii- |            |             vii-   vii- |      vii-   | vii   vii-
ii I~2 vii%7   I    V^1 |     ii^1   |              V^1      V | ii^1  V^1   |   V   iii7
15  12    12  11     11 |       12   |               11     11 |   12   11   |   9     11
13  11    11  10      9 |            |                9      9 |         9   |  14     10
11   9    14         14 |            |               14     14 |        14   |          9
           7            |            |                         |             |         14
 9   8     6   8     12 |       11   |               12     12 |   11   12   |  12     12
 6   6     4   5      9 |        9   |                9      9 |    9    9   |   9     10
 4   2     2   3      5 |        6   |                5     14 |    6    5   |  14      9
 2   1     7   1      7 |        4   |                7      5 |    4    7   |   5      3

vii  VII     | IV vi7 vii-   | vii%7  iii vii-   | vii |
  V vii-     | ii  'I vii-   |  ii-7 vi^1  iii   |   V |
  9    8     | 13  12   15   |    13   12   11   |   9 |
 14   14     | 11  10   21   |    11   10   10   |  14 |
             |      8   11   |     9        14   |     |
             |      6   14   |    14             |     |
 12   11     |  9   3   11   |    11    8   12   |  12 |
  9    9     |  6   1    9   |     9    6   10   |   9 |
 14   14     |  4       14   |    14    3   14   |  14 |
  5    7     |  2        7   |     2    1    3   |   5 |

251. Alleluia, Alleluia! Hearts to Heaven and Voices Raise (G, 115bpm)
II~2    ii  V |  iv-  III      IV |    V     IV II~2 |     ii^1   | II~2   III IV~2
   V   V~4 'V | ii-7 II~2 V^2 I~2 | 'vii   IV^1    V | V^2   ii   |    V   V~4    V
  10    18 19 |   19   18  10   9 |    8      9   10 |  10    9   |   10    18   19
   9     9 14 |   18   10       8 |   14      8    9 |       13   |    9    10   18
           12 |   14           13 |   12     13      |       11   |              12
              |   11           11 |          11      |            |              11
  14     8  2 |    9    9   9   9 |    2      8   14 |   9    9   |   14     8    9
  12    12  7 |   14   13  14   8 |    7     13   12 |  14   13   |   12    12   14
   7     2  5 |   11    3  12   2 |          11    7 |  12   11   |    7     1   12
   5     5    |    2    2   2   1 |           6    5 |   2    2   |    5     5    5

IV~2  III II~2      | V^2    IV     |  IV  V   | ii^1         |  IV     ii^1
 I~4 vi^1  I~2 vi^1 |  'V   II7 V^2 | II7 'V   |   ii   V^2   | II7 V^2  II7 V^2
  19   18   10    9 |   8     9  10 |   9  8   |    9    10   |   9  10   18  10
  18   10    9      |  14     8     |   8 14   |   13         |   8        9
  12                |  12    13     |  13 12   |   11         |  13       13
  11                |   2    11     |  11      |              |  11       11
   8    8    8    8 |   7     9   9 |   9  2   |    9     9   |   9   9    9   9
  12   13   12   13 |   5     8  14 |   8  7   |   13    14   |   8  14    8  14
  11    3    2    3 |        13  12 |  13  5   |   11    12   |  13  12   13  12
   1    1    1    1 |         2   2 |   2      |    2     2   |   2   2    2   2

OpenHymnal -- Harp Lead Sheets                                                              Page 127
----------------------------------------------------------------------------------------------------
 IV iv-7 ii^1    vii7 | iii   IV~2 | II~2   III IV~2 | IV~2  III II~2      | V^2    IV
II7 ii-7  II7  V      |  'V     ii |    V   V~4    V |  I~4 vi^1  I~2 vi^1 |  'V   II7 V^2
  9   10   18 10    9 |   8     12 |   10    18   19 |   19   18   10    9 |   8     9  10
  8    9    9      14 |  14     11 |    9    10   18 |   18   10    9      |  14     8
 13   14   13      13 |  12        |              12 |   12                |  12    13
 11   11   11       7 |   3        |              11 |   11                |   2    11
  9    9    9 14    6 |   7      9 |   14     8    9 |    8    8    8    8 |   7     9   9
  8   14    8 12      |   5     13 |   12    12   14 |   12   13   12   13 |   5     8  14
 13   11   13  7      |         11 |    7     1   12 |   11    3    2    3 |        13  12
  2    2    2  5      |          2 |    5     5    5 |    1    1    1    1 |         2   2

 IV  V
II7 'V
  9  8
  8 14
 13 12
 11
  9  2
  8  7
 13  5
  2

252. Angel Voices, Ever Singing (C, 100bpm)
       IV IV~2 |   IV     V^1   |     vi I^2 IV |  V~4 |             | VI~4  vi      V^1
 I   IV^2  I~4 | IV^2   'II~4   |   'I~4  'I    | 'I~2 |  I I^1 vi   |  'II II7  V 'II~4
10     13   12 |   15      12   |      9  10 11 |    9 | 10  12 15   |   16  15 14    12
       11   11 |   13       9   |      8   8  8 |    8 |             |   13  13        9
               |   11       7   |      6   5  6 |    5 |             |                 7
               |                |             4 |      |             |
 8      8    8 |    8       5   |      4   3  1 |    2 |  8  10 13   |    9   9 12     5
 5      6    5 |    6       2   |      2   1    |    1 |  5   8 10   |    6   8  9     2
 3      4    4 |    4           |      1        |      |  3   5  8   |    2   6  7
 1      1    1 |    1           |               |      |  1   3  6   |        2  5

       vi7   |  V~4 |             III~4 |         I vii-   V^1 |              | I~2   | I^1
  vi^1  'I   | 'I~2 | iii V^2 iii  vi^1 | ii IVM7^2  'ii 'II~4 |  I I^1 IV vi | V~4   |   I
    10  12   |   12 |  12  12  12    13 | 11     11   11    12 | 10  12 13 15 |  16   |  15
        10   |    9 |                10 |        10    9     9 |              |  15   |  12
         8   |    8 |                   |         8    7     7 |              |       |  10
         6   |    5 |                   |                      |              |       |
     8   5   |    2 |  10   9  10     8 |  9      6    6     5 |  8  10 11 13 |  12   |   8
     6   3   |    1 |   7   7   7     6 |  6      4    4     2 |  5   8  8 10 |   9   |   5
     3   1   |      |   5   5   5     3 |  4      3    2       |  3   5  6  8 |   8   |   3
     1       |      |   3   2   3     1 |  2      1            |  1   3  4  6 |   5   |   1

1. I Sing the Mighty Power of God (Bb, 130bpm)
IV~2 |   VI~2 II~4 IV~2   | II~2   IV~2   ii | V~2  VI~2     V  IV | II~2 IV~2
 'IV |           V  'IV   |    V    'IV vii- | iii III~4   iii 'IV | vii-  'IV
  12 |     14   13   12   |   10     12   12 |  13    14    16  16 |   17   12
  11 |     13   12   11   |    9     11   11 |  12    13    14   8 |   16   11
     |     10    9        |                9 |              12  13 |   14
     |      6             |                  |                  11 |    9
   1 |      3   14    1   |   14      1   14 |  10    10    10   1 |   14    1
   6 |          12    6   |   12      6   11 |   7     7     7   6 |   11    6
   4 |           9    4   |    9      4    9 |   5     6     5   4 |    9    4
     |           5        |    5           7 |   3     3     3     |    7

OpenHymnal -- Harp Lead Sheets                                                              Page 128
----------------------------------------------------------------------------------------------------
  VI~2 II~4 IV~2   | II~2   IV~2   ii | V~2  VI~2       |     vii | II~2      II~2
          V  'IV   |    V    'IV vii- | iii III~4       |         | vii- IV^1 vii-
    14   13   12   |   10     12   12 |  13    14       |      16 |   17   16   17
    13   12   11   |    9     11   11 |  12    13       |      14 |   16        16
    10    9        |                9 |                 |      10 |   14        14
     6             |                  |                 |       7 |    9         9
     3   14    1   |   14      1   14 |  10    10       |       3 |   14   15   14
         12    6   |   12      6   11 |   7     7       |         |   11   20   11
          9    4   |    9      4    9 |   5     6       |         |    9   18    9
          5        |    5           7 |   3     3       |         |    7   13    7

 IV      IV   vii | II~2      II~2   |  IV IV~2 |   VI~2 II~4 IV~2   | II~2   IV~2   ii
'IV     'IV       | vii- IV^1 vii-   | 'IV  'IV |           V  'IV   |    V    'IV vii-
 16      16    16 |   17   16   17   |  16   12 |     14   13   12   |   10     12   12
  8       8    14 |   16        16   |   8   11 |     13   12   11   |    9     11   11
 13      13    10 |   14        14   |  13      |     10    9        |                9
 11      11     7 |    9         9   |  11      |      6             |
  1       1     3 |   14   15   14   |   1    1 |      3   14    1   |   14      1   14
  6       6       |   11   20   11   |   6    6 |          12    6   |   12      6   11
  4       4       |    9   18    9   |   4    4 |           9    4   |    9      4    9
                  |    7   13    7   |          |           5        |    5           7

V~2  VI~2       |
iii III~4       |
 13    14       |
 12    13       |
                |
                |
 10    10       |
  7     7       |
  5     6       |
  3     3       |

254. Immortal, Invisible, God Only Wise (G, 120bpm)
 V |      vi |     iii |         ii^1 |  V    V |      vi |     iii |         ii^1 |  V  V
'V |     'vi |      'V | V^2 V^1   ii | 'V 'vii |     'vi |      'V | V^2 V^1   ii | 'V 'V
 8 |       9 |       8 |  10  10    9 |  8    8 |       9 |       8 |  10  10    9 |  8  8
14 |       8 |      14 |           13 | 14   14 |       8 |      14 |           13 | 14 14
12 |      13 |      12 |           11 | 12   12 |      13 |      12 |           11 | 12 12
   |         |       3 |              |         |         |       3 |              |
 2 |       3 |       7 |   9   9    9 |  2    2 |       3 |       7 |   9   9    9 |  2  2
 7 |       1 |       5 |  14  14   13 |  7    7 |       1 |       5 |  14  14   13 |  7  7
 5 |       6 |         |  12  12   11 |  5      |       6 |         |  12  12   11 |  5  5
   |         |         |   2   7    2 |         |         |         |   2   7    2 |

iii     IV | II~2    V iii | iv-7 II~2     | II~4 II~2 |      vi |     iii |         ii^1 |  V
 'V   ii^1 |    V 'vii  'V | vii-    V vii | 'V~2    V |     'vi |      'V | V^2 V^1   ii | 'V
 10     19 |   10    8   8 |   10   10  19 |    9   10 |       9 |       8 |  10  10    9 |  8
 14     18 |    9   14  14 |    9    9     |   13    9 |       8 |      14 |           13 | 14
 12     13 |        12  12 |   14          |   12      |      13 |      12 |           11 | 12
  3     11 |             3 |   11          |    2      |         |       3 |              |
  7      9 |   14    2   7 |    9   14   9 |    6   14 |       3 |       7 |   9   9    9 |  2
  5     13 |   12    7   5 |   14   12  14 |    5   12 |       1 |       5 |  14  14   13 |  7
         2 |    7          |   11    7   2 |         7 |       6 |         |  12  12   11 |  5
         4 |    5          |    7    5   7 |         5 |         |         |   2   7    2 |

OpenHymnal -- Harp Lead Sheets                                                              Page 129
----------------------------------------------------------------------------------------------------
255. Joyful, Joyful, We Adore Thee (G, 115bpm)
II~2    ii  V |  iv-  III      IV |    V     IV II~2 |     ii^1   | II~2   III IV~2
   V   V~4 'V | ii-7 II~2 V^2 I~2 | 'vii   IV^1    V | V^2   ii   |    V   V~4    V
  10    18 19 |   19   18  10   9 |    8      9   10 |  10    9   |   10    18   19
   9     9 14 |   18   10       8 |   14      8    9 |       13   |    9    10   18
           12 |   14           13 |   12     13      |       11   |              12
              |   11           11 |          11      |            |              11
  14     8  2 |    9    9   9   9 |    2      8   14 |   9    9   |   14     8    9
  12    12  7 |   14   13  14   8 |    7     13   12 |  14   13   |   12    12   14
   7     2  5 |   11    3  12   2 |          11    7 |  12   11   |    7     1   12
   5     5    |    2    2   2   1 |           6    5 |   2    2   |    5     5    5

IV~2  III II~2      | V^2    IV     |  IV  V   | ii^1         |  IV     ii^1
 I~4 vi^1  I~2 vi^1 |  'V   II7 V^2 | II7 'V   |   ii   V^2   | II7 V^2  II7 V^2
  19   18   10    9 |   8     9  10 |   9  8   |    9    10   |   9  10   18  10
  18   10    9      |  14     8     |   8 14   |   13         |   8        9
  12                |  12    13     |  13 12   |   11         |  13       13
  11                |   2    11     |  11      |              |  11       11
   8    8    8    8 |   7     9   9 |   9  2   |    9     9   |   9   9    9   9
  12   13   12   13 |   5     8  14 |   8  7   |   13    14   |   8  14    8  14
  11    3    2    3 |        13  12 |  13  5   |   11    12   |  13  12   13  12
   1    1    1    1 |         2   2 |   2      |    2     2   |   2   2    2   2

 IV iv-7 ii^1    vii7 | iii   IV~2 | II~2   III IV~2 | IV~2  III II~2      | V^2    IV
II7 ii-7  II7  V      |  'V     ii |    V   V~4    V |  I~4 vi^1  I~2 vi^1 |  'V   II7 V^2
  9   10   18 10    9 |   8     12 |   10    18   19 |   19   18   10    9 |   8     9  10
  8    9    9      14 |  14     11 |    9    10   18 |   18   10    9      |  14     8
 13   14   13      13 |  12        |              12 |   12                |  12    13
 11   11   11       7 |   3        |              11 |   11                |   2    11
  9    9    9 14    6 |   7      9 |   14     8    9 |    8    8    8    8 |   7     9   9
  8   14    8 12      |   5     13 |   12    12   14 |   12   13   12   13 |   5     8  14
 13   11   13  7      |         11 |    7     1   12 |   11    3    2    3 |        13  12
  2    2    2  5      |          2 |    5     5    5 |    1    1    1    1 |         2   2

 IV  V
II7 'V
  9  8
  8 14
 13 12
 11
  9  2
  8  7
 13  5
  2

256. My Soul, Now Praise Thy Maker (G, 140bpm)
  | iii   |   IV~2 | iii      |    VII~4 | iii iv-7 |  VII~4 II~2 |  V   |  V   | iii   |   IV~2
  |  'V   |   ii-7 |  'V vi^1 |   'iii^2 |  'V VI~4 | 'iii^2      | 'V   | 'V   |  'V   |   ii-7
  |   8   |     12 |   8    9 |       10 |  10   10 |     10    9 |  8   |  8   |   8   |     12
  |  14   |     11 |  14      |       14 |  14    9 |     14   13 | 14   | 14   |  14   |     11
  |  12   |        |  12      |          |  12   14 |           3 | 12   | 12   |  12   |
  |   3   |        |   3      |          |   3   11 |           2 |      |      |   3   |
  |   7   |      9 |   7    8 |       12 |   7    9 |     12    6 |  2   |  2   |   7   |      9
  |   5   |     14 |   5   13 |        3 |   5   14 |      3      |  7   |  7   |   5   |     14
  |       |     11 |        3 |        7 |        7 |      7      |  5   |  5   |       |     11
  |       |      2 |        1 |          |        6 |             |      |      |       |      2

OpenHymnal -- Harp Lead Sheets                                                              Page 130
----------------------------------------------------------------------------------------------------
iii      |    VII~4 | iii iv-7 |  VII~4 II~2 |  V   |  V  V |   II~2 | ii^1 iv-7 | iii   |
 'V vi^1 |   'iii^2 |  'V VI~4 | 'iii^2      | 'V   | 'V 'V |      V |   ii vii- |  'V   |
  8    9 |       10 |  10   10 |     10    9 |  8   |  8  8 |     10 |    9   10 |   8   |
 14      |       14 |  14    9 |     14   13 | 14   | 14 14 |      9 |   13    9 |  14   |
 12      |          |  12   14 |           3 | 12   | 12 12 |        |   11   14 |  12   |
  3      |          |   3   11 |           2 |      |       |        |        11 |   3   |
  7    8 |       12 |   7    9 |     12    6 |  2   |  2  2 |     14 |    9    9 |   7   |
  5   13 |        3 |   5   14 |      3      |  7   |  7  7 |     12 |   13   14 |   5   |
       3 |        7 |        7 |      7      |  5   |  5  5 |      7 |   11   11 |       |
       1 |          |        6 |             |      |       |      5 |    2    7 |       |

       |    V   | IV~2 IV~2 |    V iii |    ii^1 | II~2 |      V | III   | III~4   |   ii^1
  vi^1 |   'V   |   ii   ii | 'vii  'V |  I   ii |    V |   'vii |  vi   | 'VI~2   |     ii
     9 |    8   |   12   12 |    8   8 |  9    9 |   10 |      8 |  18   |    10   |      9
       |   14   |   11   11 |   14  14 |      13 |    9 |     14 |  10   |    14   |     13
       |   12   |           |   12  12 |      11 |      |     12 |       |    13   |     11
       |        |           |        3 |         |      |        |       |     3   |
     8 |    2   |    9    9 |    2   7 |  8    9 |   14 |      2 |   8   |     7   |      9
    13 |    7   |   13   13 |    7   5 | 12   13 |   12 |      7 |  13   |     6   |     13
     3 |    5   |   11   11 |          |  3   11 |    7 |        |   3   |         |     11
     1 |        |    2    2 |          |  1    2 |    5 |        |   6   |         |      2

II~2   | III     |  iv- |   II~2 | ii^1 IV~2 |     | IV~2 IV~2 | iii   |     | ii^1 | ii^1 II~2
   V   |   I I^1 | ii-7 |      V |   ii vii- |     |   ii vii- |  'V   |     |   ii |   ii    V
  10   |  18  18 |   19 |     10 |    9   12 |     |   12   12 |   8   |     |    9 |    9   10
   9   |  10     |   18 |      9 |   13   11 |     |   11   11 |  14   |     |   13 |   13    9
       |         |   14 |        |   11      |     |           |  12   |     |   11 |   11
       |         |   11 |        |           |     |           |   3   |     |      |
  14   |   8  10 |    9 |     14 |    9    9 |     |    9    9 |   7   |     |    9 |    9   14
  12   |  12   8 |   14 |     12 |   13   14 |     |   13   14 |   5   |     |   13 |   13   12
   7   |   3  12 |   11 |      7 |   11   11 |     |   11   11 |       |     |   11 |   11    7
   5   |   1   3 |    2 |      5 |    2    7 |     |    2    7 |       |     |    2 |    2    5

III     | iii     ii^1 |  V
IM7 V^1 |  'V V^1   ii | 'V
 18  10 |   8  10    9 |  8
 10     |  14       13 | 14
        |  12       11 | 12
        |   3          |
  8   9 |   2   9    9 |  2
 14  14 |   7  14   13 |  7
 12  12 |   5  12   11 |  5
  1   7 |       7    2 |

257. Lord of Life, All Praise Excelling (F, 130bpm)
 IV V~4 |  IV   IVM7 |   IVM7 | V~4 ii7 V~4 | IV~2   | IVM7    vi |   V ii7 V~4 |  IV |  IV V~4
'vi   I | 'vi    'vi |    'vi |   I       I | IV^1   |  'vi 'IV^1 | V^1       I | 'vi | 'vi   I
  8   9 |   8     10 |     10 |   9   8   9 |   19   |   10    10 |   9   8   9 |   8 |   8   9
 13   8 |  13      8 |      8 |   8  13   8 |   11   |    8     8 |  14  13   8 |  13 |  13   8
  4  12 |   4     13 |     13 |  12   4  12 |        |   13    13 |  12   4  12 |   4 |   4  12
        |          4 |      4 |       2     |        |    4       |       2     |     |
  1  10 |   1      1 |      1 |  10   6  10 |    8   |    1     4 |   9   6  10 |   1 |   1  10
  6   8 |   6      6 |      6 |   8       8 |   13   |    6     1 |  14       8 |   6 |   6   8
     12 |            |        |  12      12 |    4   |          6 |  12      12 |     |      12
      1 |            |        |   1       1 |    6   |            |   7       1 |     |       1

OpenHymnal -- Harp Lead Sheets                                                              Page 131
----------------------------------------------------------------------------------------------------
 IV   IVM7 |   IVM7 | V~4 ii7 V~4 | IV~2   | IVM7    vi |   V ii7 V~4 |  IV | iii   | IV~2
'vi    'vi |    'vi |   I       I | IV^1   |  'vi 'IV^1 | V^1       I | 'vi |  vi   |  II7   ii
  8     10 |     10 |   9   8   9 |   19   |   10    10 |   9   8   9 |   8 |  19   |   19   10
 13      8 |      8 |   8  13   8 |   11   |    8     8 |  14  13   8 |  13 |  10   |   11
  4     13 |     13 |  12   4  12 |        |   13    13 |  12   4  12 |   4 |       |
         4 |      4 |       2     |        |    4       |       2     |     |       |
  1      1 |      1 |  10   6  10 |    8   |    1     4 |   9   6  10 |   1 |   8   |    9    9
  6      6 |      6 |   8       8 |   13   |    6     1 |  14       8 |   6 |  13   |    8   13
           |        |  12      12 |    4   |          6 |  12      12 |     |   3   |   13    4
           |        |   1       1 |    6   |            |   7       1 |     |   6   |    2    2

    |   II~2   V | IVM7        |      iii |        VI~4 | V~4 | IV~2      |      V
    |    ii7 iii |  'vi IVM7^3 | ii    vi | V~4   'vii- | I~4 | IV^1   IV |   III7
    |     10   9 |   10     10 | 10    19 |  19      10 |   9 |   19   19 |      9
    |      9  14 |    8        |       10 |  12       9 |   8 |   11      |     14
    |         12 |   13        |          |          14 |  12 |           |     12
    |            |    4        |          |          13 |     |           |
    |      8  10 |    1      8 |  9     8 |   9       4 |   8 |    8   11 |     10
    |     13  14 |    6     13 | 13    13 |   8       2 |  12 |   13    8 |      9
    |      4  12 |           4 |  4     3 |  12       7 |   4 |    4   13 |     14
    |      2   3 |           3 |  2     6 |   5         |   1 |    6    4 |      3

IVM7 IVM7^3    | V~4             V |       |     IV~2   |        V |  IV
 'vi    'vi ii | I^1 vi^1   ii iii | IV vi | vii IV^1   | IV^2 IM7 | 'vi
  10      8 10 |   9   10   10   9 | 19 19 |  20   19   |   10   9 |   8
   8     13    |   8            14 |       |       11   |        8 |  13
  13      4    |  12            12 |       |            |       14 |   4
   4      3    |                   |       |            |       12 |
   1      1  9 |  10    8    9  10 | 11 15 |   9    8   |    8  10 |   1
   6      6 13 |   8   13   13  14 |  8 20 |  14   13   |   13   8 |   6
             4 |  12    3    4  12 | 13 13 |   2    4   |    4  14 |
             2 |   3    1    2   3 |  4  6 |   7    6   |    1   1 |

258. Praise God From Whom All Blessings Flow (G, 120bpm)
 V       IV~2 | iii ii^1 II~2 |        IV iii | III II~2 ii^1 | iii ii^1 II~2 ii^1    V |      V
'V       vii- |  'V   ii    V |       II7  'V |   I    V   ii |  'V   ii    V   ii 'vii |     'V
 8         12 |   8    9   10 |         9   8 |  18   10    9 |   8    9   10    9    8 |      8
14         11 |  14   13    9 |         8  14 |  10    9   13 |  14   13    9   13   14 |     14
12            |  12   11      |        13  12 |            11 |  12   11        11   12 |     12
              |   3           |        11   3 |               |   3                     |
 2          9 |   7    9   14 |         9   7 |   8   14    9 |   7    9   14    9    2 |      2
 7         14 |   5   13   12 |         8   5 |  12   12   13 |   5   13   12   13    7 |      7
 5         11 |       11    7 |        13     |   3    7   11 |       11    7   11      |      5
            7 |        2    5 |         2     |   1    5    2 |        2    5    2      |

    iii ii^1 III |     ii^1  V
     'V   ii  vi | V^1   ii 'V
      8    9  18 |  10    9  8
     14   13  10 |       13 14
     12   11     |       11 12
      3          |
      7    9   8 |   9    9  2
      5   13  13 |  14   13  7
          11   3 |  12   11  5
           2   6 |   7    2

OpenHymnal -- Harp Lead Sheets                                                              Page 132
----------------------------------------------------------------------------------------------------
259. O Lord We Praise Thee (D, 160bpm)
vi7 IV~2    | III~4^2  iii | vii- II~2^1 IV   | III~4^2 vi7 | iii^2 vii- |  iii   | vii-   |
 'I   ii IV |    'III vi^1 | vii-   vi^1 ii   |    'III  'I |   iii vii- | vi^1   | iii7   | I
 12   12 12 |      13   12 |   15     16 15   |      13  12 |    13   15 |   12   |   11   | 9
 10   11    |      10   10 |   21     15 13   |      10  10 |    12   21 |   10   |   10   |
  8         |      14      |   11     13 11   |      14   8 |    10   11 |        |    9   |
  6         |              |   14     10      |           6 |    14   14 |        |   14   |
  3    9 11 |      10    8 |   11      8  9   |      10   3 |    12   11 |    8   |   12   | 8
  1    6  8 |      14    6 |    9      6  6   |      14   1 |    10    9 |    6   |   10   | 5
       4  6 |       3    3 |   14      3  4   |       3     |    14   14 |    3   |    9   | 3
       2  4 |            1 |    7      1  2   |             |     3    7 |    1   |    3   | 1

IV~2 | vi7 IV~2    | III~4^2  iii | vii- II~2^1 IV   | III~4^2 vi7 | iii^2 vii- |  iii   | vii-
IVM7 |  'I   ii IV |    'III vi^1 | vii-   vi^1 ii   |    'III  'I |   iii vii- | vi^1   | iii7
  12 |  12   12 12 |      13   12 |   15     16 15   |      13  12 |    13   15 |   12   |   11
  11 |  10   11    |      10   10 |   21     15 13   |      10  10 |    12   21 |   10   |   10
     |   8         |      14      |   11     13 11   |      14   8 |    10   11 |        |    9
     |   6         |              |   14     10      |           6 |    14   14 |        |   14
  10 |   3    9 11 |      10    8 |   11      8  9   |      10   3 |    12   11 |    8   |   12
   8 |   1    6  8 |      14    6 |    9      6  6   |      14   1 |    10    9 |    6   |   10
   6 |        4  6 |       3    3 |   14      3  4   |       3     |    14   14 |    3   |    9
   4 |        2  4 |            1 |    7      1  2   |             |     3    7 |    1   |    3

    | IV~2 | IV~2    iii | vii%7      | vi7 | vi7    | III~4^2   | IV   vi7 | iii^2 vi7 |     vi
I   | IVM7 |   ii   vi^1 |  vii- IV   |  'I |  'I IV |    'III   | ii    'I |   iii  'I |   ii^1
9   |   12 |   12     12 |    13 12   |  12 |  12 12 |      13   | 15    12 |    13  12 |     15
    |   11 |   11     10 |    11      |  10 |  10    |      10   | 13    10 |    12  10 |     13
    |      |             |     9      |   8 |   8    |      14   | 11     8 |    10   8 |
    |      |             |    14      |   6 |   6    |           |        6 |    14   6 |
8   |   10 |    9      8 |    11 11   |   3 |   3 11 |      10   |  9     3 |    12   3 |     11
5   |    8 |    6      6 |     9  8   |   1 |   1  8 |      14   |  6     1 |    10   1 |      9
3   |    6 |    4      3 |    14  6   |     |      6 |       3   |  4       |    14     |      6
1   |    4 |    2      1 |     7  4   |     |      4 |           |  2       |     3     |      4

 vii II~2^1 | IV   vii7 | vi7   vii- | vi |     | vi7 |     | vi7 | vi vii- |        |   vi |
'III   vi^1 | ii    vii |  'I    iii | 'I |     |  'I |     |  'I | 'I    V |   vi^1 |   'I |
  16     16 | 15     13 |  12     11 |  9 |     |  12 |     |  12 |  9   11 |      9 |    9 |
  21     15 | 13      9 |  10     10 |  8 |     |  10 |     |  10 |  8    9 |        |    8 |
  10     13 | 11     14 |   8     14 |  6 |     |   8 |     |   8 |  6   14 |        |    6 |
  14     10 |           |   6        |    |     |   6 |     |   6 |         |        |      |
  10      8 |  9      9 |   3     12 |  3 |     |   3 |     |   3 |  3   12 |      8 |    3 |
  14      6 |  6     14 |   1     10 |  1 |     |   1 |     |   1 |  1    9 |      6 |    1 |
   3      3 |  4      2 |         14 |    |     |     |     |     |      14 |      3 |      |
          1 |  2      7 |          3 |    |     |     |     |     |       5 |      1 |      |

     iii | vii%7      | vi7
    vi^1 |  vii- IV   |  'I
      12 |    13 12   |  12
      10 |    11      |  10
         |     9      |   8
         |    14      |   6
       8 |    11 11   |   3
       6 |     9  8   |   1
       3 |    14  6   |
       1 |     7  4   |

OpenHymnal -- Harp Lead Sheets                                                              Page 133
----------------------------------------------------------------------------------------------------
260. Praise The Lord, Ye Heavens Adore Him (F, 100bpm)
 IV  V~4 IVM7 V~4 |   IVM7   V    IV |           IVM7 |   V  VI~4   VII v-7 | ii7  V      V~4
'vi IV~2  'vi   I |    'vi IM7   'vi | iv-7 IV    'vi | V^1 'vii- 'vii-   I |     ii IV^2   I
  8    9   10   9 |     10   9     8 |   20 19     10 |   9    10     8  19 |   8  9   10   9
 13    8    8   8 |      8   8    13 |              8 |  14     9    14  10 |  13 14        8
  4   12   13  12 |     13  14     4 |             13 |  12    14        12 |   4 12       12
            4     |      4  12       |              4 |        13           |   2
  1   11    1  10 |      1  10     1 |   11 11      1 |   9     4     4  10 |   6 11    8  10
  6    8    6   8 |      6   8     6 |    9  8      6 |  14     2     2   8 |      9   13   8
      12       12 |         14       |   14 13        |  12     7     7  12 |     12    4  12
       4        1 |          1       |    4  4        |   7               1 |      2    1   1

  IVM7   V    IV |   IV      IVM7 |   V  VI~4   VII v-7 | V~4      V~4     |        V~4
   'vi IM7   'vi | vii- IV    'vi | V^1 'vii- 'vii-   I |   I IV^2   I     |   IV^2   I
    10   9     8 |   20 19     10 |   9    10     8  19 |   9   10   9     |     10   9
     8   8    13 |   11         8 |  14     9    14  10 |   8        8     |          8
    13  14     4 |             13 |  12    14        12 |  12       12     |         12
     4  12       |              4 |        13           |                  |
     1  10     1 |    9 11      1 |   9     4     4  10 |  10    8  10     |      8  10
     6   8     6 |   14  8      6 |  14     2     2   8 |   8   13   8     |     13   8
        14       |    4 13        |  12     7     7  12 |  12    4  12     |      4  12
         1       |    7  4        |   7               1 |   1    1   1     |      1   1

iii        |     v-7 v-7 |   IV VI~2   IV    |   IV IV~2 IV~2   IVM7
 vi   ii   |     I^2   I | IV^1   vi vii- IV | vii- IV^2  II7    'vi
 19   10   |      19  19 |   15   21   20 19 |   20   19   19     10
 10        |      10  10 |   20   20   11    |   11   11   11      8
           |      12  12 |   11              |                    13
           |             |                   |                     4
  8    9   |      10  10 |    8   10    9 11 |    9    8    9      1
 13   13   |       8   8 |   13    8   14  8 |   14   13    8      6
  3    4   |       1  12 |    4   13    4 13 |    4    4   13
  6    2   |       5   1 |    6    6    7  4 |    7    1    2

    V  vi   IV~2   IV     V |   IM7^2    IV
VII~4 'vi   IV^1 VI~4   V^1 |     IM7   'vi
    9  10     19   20     9 |      10     8
    8   8     11   11    14 |       8    13
   14  13                12 |      14     4
   12                       |      12
   10   3      8    9     9 |      10     1
    8   1     13   13    14 |       8     6
    1   6      4    2    12 |      14
    7          6    6     7 |       1

261. Praise To The Lord, The Almighty (G, 120bpm)
 V iii   IV | II~2  IV iii |       |      V | II~4 |  V |  V iii   IV | II~2  IV iii |
'V  'V ii^1 |    V II7  'V |       |     'V | 'V~2 | 'V | 'V  'V ii^1 |    V II7  'V |
 8   8   19 |   10   9   8 |       |      8 |    9 |  8 |  8   8   19 |   10   9   8 |
14  14   18 |    9   8  14 |       |     14 |   13 | 14 | 14  14   18 |    9   8  14 |
12  12   13 |       13  12 |       |     12 |   12 | 12 | 12  12   13 |       13  12 |
     3   11 |       11   3 |       |        |    2 |    |      3   11 |       11   3 |
 2   7    9 |   14   9   7 |       |      2 |    6 |  2 |  2   7    9 |   14   9   7 |
 7   5   13 |   12   8   5 |       |      7 |    5 |  7 |  7   5   13 |   12   8   5 |
 5        2 |    7  13     |       |      5 |      |  5 |  5        2 |    7  13     |
          4 |    5   2     |       |        |      |    |           4 |    5   2     |

OpenHymnal -- Harp Lead Sheets                                                              Page 134
----------------------------------------------------------------------------------------------------
     V | II~4 |  V |  V   IV  V | V~2 | II~2     IV |  V III     | ii^1 | IV~2
    'V | 'V~2 | 'V | 'V ii^1 'V |   I |    V I^1 ii | 'V  vi V^1 |   ii |   ii
     8 |    9 |  8 | 19   19 19 |  20 |   10  18 19 | 19  18  10 |    9 |   12
    14 |   13 | 14 | 14   18 14 |  19 |    9     18 | 14  10     |   13 |   11
    12 |   12 | 12 | 12   13 12 |     |          13 | 12         |   11 |
       |    2 |    |      11    |     |          11 |            |      |
     2 |    6 |  2 |  2    9  2 |  10 |   14  10  9 |  2   8   9 |    9 |    9
     7 |    5 |  7 |  7   13  7 |   8 |   12   8 13 |  7  13  14 |   13 |   13
     5 |      |  5 |  5    2  5 |  12 |    7  12 11 |  5   3  12 |   11 |   11
       |      |    |       4    |   1 |    5   3  2 |      6   7 |    2 |    2

   V ii^1 II~2 |    |  V
'vii   ii    V |  I | 'V
   8    9   10 |  9 |  8
  14   13    9 |    | 14
  12   11      |    | 12
               |    |
   2    9   14 |  8 |  2
   7   13   12 | 12 |  7
       11    7 |  3 |  5
        2    5 |  1 |

262. The God of Abraham Praise (Ab, 120bpm)
   |  IV iii     | I^1   |   vi^2     | vi^2 iii |     vi^2   |      V     | vi^2   |
 I | 'IV   I     |   I   |   vi^1     |   vi iii |       vi   |   III7     | vi^2   |
10 |  13  14     |  17   |     17     |   17  14 |       17   |     14     |   17   |
   |  11  12     |   8   |      8     |    8  12 |        8   |     12     |    8   |
   |      10     |  12   |     13     |   13  10 |       13   |            |   13   |
   |             |  10   |     10     |   10     |       10   |            |   10   |
 8 |   1   8     |   8   |      8     |    8  12 |        8   |     10     |    8   |
12 |   6  12     |  12   |     13     |   13  10 |       13   |      2     |   13   |
10 |   4  10     |  10   |     10     |   10   7 |       10   |      7     |    6   |
 1 |       1     |   1   |      1     |    6   3 |        6   |      3     |    3   |

    vi^2 II~2 |     iii |   VI~2     vi^2 vii%7 | V~2      |   iii     | vi^2   II~2
    vi^1  ii7 |       I |              vi   'IV |        I |     I     |   vi    ii7
      17   17 |      14 |     14       17    13 |  13   10 |    14     |   17     17
       8    9 |      12 |     13        8    11 |  12      |    12     |    8      9
      13      |      10 |     12       13     7 |  11      |    10     |   13
      10      |         |      6       10       |   5      |           |   10
       8    8 |       8 |      5        8     6 |   4    8 |     8     |    8      8
      13   13 |      12 |              13     4 |       12 |    12     |   13     13
      10   11 |      10 |              10       |       10 |    10     |   10     11
       1    2 |       1 |               6       |        1 |     1     |    6      2

  iii |  IV
    I | 'IV
   14 |  13
   12 |  11
   10 |
      |
    8 |   1
   12 |   6
   10 |   4
    1 |

OpenHymnal -- Harp Lead Sheets                                                              Page 135
----------------------------------------------------------------------------------------------------
263. Rejoice, O Pilgrim Throng (F, 130bpm)
 IV | v-7        V ii7 V~4 | IVM7 vi7^3 |       IV   V      | v-7    |             V~2
'vi | I^1 vi^1 IM7       I |  'vi  vi^2 | ii 'VI~4 iii ii   |   I IV | vii vii7   II~4 ii
  8 |  19   10   9   8   9 |   10    10 | 10     8   9 10   |  19 19 |  20   19     10 10
 13 |  10        8  13   8 |    8     8 |       13  14      |  10    |               9
  4 |  12       14   4  12 |   13    13 |        4  12      |  12    |              13
    |           12   2     |    4    12 |                   |        |              12
  1 |  10    8  10   6  10 |    1    10 |  9     2  10  9   |  10 11 |   9   16      9  9
  6 |   8   13   8       8 |    6     8 | 13     6  14 13   |   8  8 |  14   21     13 13
    |  12    3  14      12 |         13 |  4        12  4   |  12 13 |   2   20     12  4
    |   3    1   1       1 |          3 |  2         3  2   |   1  4 |   7   14      2  2

   V      vi V~4    V~2 |   V  VI~4      vi | V~4 v-7 |   v-7 |        |          vii        V
III7   'IV^1  vi ii I~4 | V^1 'VI~4   'IV^1 |   I   I |     I | II7 IV |   IV^2 'vii- IV^2 IM7
  10       8   9 10  13 |   9    10      10 |   9  19 |    19 |  19 19 |     10     9   10   9
   9      13   8     12 |  14     9       8 |   8  10 |    10 |        |           14        8
  14          13        |  12    13      13 |  12  12 |    12 |        |                    14
  12          12        |                   |         |       |        |                    12
  10       4  10  9   8 |   9     3       4 |  10  10 |    10 |   9 11 |      8     4    8  10
   9       1   8 13  12 |  14     2       1 |   8   8 |     8 |   8  8 |     13     2   13   8
  14       6  13  4   4 |  12     6       6 |  12  12 |    12 |  13 13 |      4     7    4  14
   3           6  2   1 |   7               |   1   1 |     1 |   2  4 |      1          1   1

 IV
'vi
  8
 13
  4

  1
  6



264. To God Be The Glory (Ab, 120bpm)
  |    V~2   |       |       | vi^2   |       | vi^2   vi^2 |   vii     |     |    V~2   |
  |   III7   |       |       |   vi   |       |   vi     vi | 'vii-     |     |   III7   |
  |     13   |       |       |   17   |       |   17     17 |    17     |     |     13   |
  |     12   |       |       |    8   |       |    8      8 |     9     |     |     12   |
  |          |       |       |   13   |       |   13     13 |    14     |     |          |
  |          |       |       |   10   |       |   10     10 |           |     |          |
  |     10   |       |       |    8   |       |    8      8 |    11     |     |     10   |
  |      2   |       |       |   13   |       |   13     13 |     2     |     |      2   |
  |      7   |       |       |   10   |       |   10     10 |     7     |     |      7   |
  |      3   |       |       |    6   |       |    6      6 |           |     |      3   |

      | vi^2    |       |   iii   |       |   vi^2   |       |       |     vi^2 |     vi^2
      |   vi vi |       |   iii   |       |     vi   |       |       |       vi |     vi^2
      |   17 17 |       |    14   |       |     17   |       |       |       17 |       17
      |    8    |       |    12   |       |      8   |       |       |        8 |        8
      |   13    |       |    10   |       |     13   |       |       |       13 |       13
      |   10    |       |         |       |     10   |       |       |       10 |       10
      |    8 15 |       |    12   |       |      8   |       |       |        8 |        8
      |   13 20 |       |    10   |       |     13   |       |       |       13 |       13
      |   10 13 |       |     7   |       |     10   |       |       |       10 |        6
      |    6  6 |       |     3   |       |      6   |       |       |        6 |        3

OpenHymnal -- Harp Lead Sheets                                                              Page 136
----------------------------------------------------------------------------------------------------
    vi^2 |       |       | vi^2   |    V~2   |       |       | vi^2    |       |   iii   |
    vi^2 |       |       |   vi   |   III7   |       |       |   vi vi |       |   iii   |
      17 |       |       |   17   |     13   |       |       |   17 17 |       |    14   |
       8 |       |       |    8   |     12   |       |       |    8    |       |    12   |
      13 |       |       |   13   |          |       |       |   13    |       |    10   |
      10 |       |       |   10   |          |       |       |   10    |       |         |
       8 |       |       |    8   |     10   |       |       |    8 15 |       |    12   |
      13 |       |       |   13   |      2   |       |       |   13 20 |       |    10   |
       6 |       |       |   10   |      7   |       |       |   10 13 |       |     7   |
       3 |       |       |    6   |      3   |       |       |    6  6 |       |     3   |













1. The Love of God (Db, 90bpm)
      |          |           |     VI~4   |          |          |           |     VI~4
      | ii       |           |      'ii   | ii       | ii       |           |      'ii
      | 10       |           |       10   | 10       | 10       |           |       10
      |          |           |        9   |          |          |           |        9
      |          |           |        6   |          |          |           |        6
      |          |           |            |          |          |           |
      |  9       |           |        4   |  9       |  9       |           |        4
      |  6       |           |        2   |  6       |  6       |           |        2
      |  4       |           |            |  4       |  4       |           |
      |  2       |           |            |  2       |  2       |           |

        |         |           |       |          |         |           |       vi |
        |         |           |       | ii       |         |           |     'I~4 |
        |         |           |       | 10       |         |           |       10 |
        |         |           |       |          |         |           |        8 |
        |         |           |       |          |         |           |        6 |
        |         |           |       |          |         |           |          |
        |         |           |       |  9       |         |           |        4 |
        |         |           |       |  6       |         |           |        1 |
        |         |           |       |  4       |         |           |          |
        |         |           |       |  2       |         |           |          |

          |           |       |         |           |           |       vi |
    V~4   |           |       |         |     V~4   |           |     'I~4 |
     21   |           |       |         |      21   |           |       10 |
          |           |       |         |           |           |        8 |
          |           |       |         |           |           |        6 |
          |           |       |         |           |           |          |
     12   |           |       |         |      12   |           |        4 |
      9   |           |       |         |       9   |           |        1 |
      8   |           |       |         |       8   |           |          |
      5   |           |       |         |       5   |           |          |

OpenHymnal -- Harp Lead Sheets                                                              Page 137
----------------------------------------------------------------------------------------------------
266. And Can It Be (F, 100bpm)
 IV |      IV |   V      |   V ii7 | V~4 IVM7 |     |           |        V |  IV   |   IV
'vi |     'vi | IM7 vi^1 | IM7     |   I  'vi |     |   iv-7 IV | IV^2 IM7 | 'vi   | vii-
  8 |       8 |   9   10 |   9   8 |   9   10 |     |     20 19 |   10   9 |   8   |   20
 13 |      13 |   8      |   8  13 |   8    8 |     |           |        8 |  13   |   11
  4 |       4 |  14      |  14   4 |  12   13 |     |           |       14 |   4   |
    |         |  12      |  12   2 |        4 |     |           |       12 |       |
  1 |       1 |  10    8 |  10   6 |  10    1 |     |     11 11 |    8  10 |   1   |    9
  6 |       6 |   8   13 |   8     |   8    6 |     |      9  8 |   13   8 |   6   |   14
    |         |  14    3 |  14     |  12      |     |     14 13 |    4  14 |       |    4
    |         |   1    1 |   1     |   1      |     |      4  4 |    1   1 |       |    7

      |      |      |   IV   |       |      |   V~4  IV |      IV |   V      |   V ii7 | V~4 IVM7
      | IV   |   IV | vii-   |       | IV   |     I 'vi |     'vi | IM7 vi^1 | IM7     |   I  'vi
      | 19   |   19 |   20   |       | 19   |     9   8 |       8 |   9   10 |   9   8 |   9   10
      |      |      |   11   |       |      |     8  13 |      13 |   8      |   8  13 |   8    8
      |      |      |        |       |      |    12   4 |       4 |  14      |  14   4 |  12   13
      |      |      |        |       |      |           |         |  12      |  12   2 |        4
      | 11   |   11 |    9   |       | 11   |    10   1 |       1 |  10    8 |  10   6 |  10    1
      |  8   |    8 |   14   |       |  8   |     8   6 |       6 |   8   13 |   8     |   8    6
      | 13   |   13 |    4   |       | 13   |    12     |         |  14    3 |  14     |  12
      |  4   |    4 |    7   |       |  4   |     1     |         |   1    1 |   1     |   1

    |           |        V |  IV
    |   iv-7 IV | IV^2 IM7 | 'vi
    |     20 19 |   10   9 |   8
    |           |        8 |  13
    |           |       14 |   4
    |           |       12 |
    |     11 11 |    8  10 |   1
    |      9  8 |   13   8 |   6
    |     14 13 |    4  14 |
    |      4  4 |    1   1 |

267. For The Beauty Of The Earth (G, 100bpm)
 V    V ii^1  V |     IV II~2 |        V   |   IV~2   |  V    V ii^1  V |     IV II~2
'V   'V ii^1 'V | I^1 IV    V |     'vii   |     ii   | 'V   'V ii^1 'V | I^1 IV    V
 8    8    9  8 |  18 18   10 |        8   |     12   |  8    8    9  8 |  18 18   10
14   14   13 14 |     13    9 |       14   |     11   | 14   14   13 14 |     13    9
12   12   11 12 |     11      |       12   |          | 12   12   11 12 |     11
                |             |            |          |                 |
 2    2    9  2 |  10  8   14 |        2   |      9   |  2    2    9  2 |  10  8   14
 7    7   13  7 |   8 13   12 |        7   |     13   |  7    7   13  7 |   8 13   12
 5    5    2  5 |  12 11    7 |            |     11   |  5    5    2  5 |  12 11    7
           4    |   3  4    5 |            |      2   |            4    |   3  4    5

       V   |   IV~2   | II~2 ii^1  V   |   IV ii^1 II~2 |        V     |     ii^1  V
    'vii   |     ii   |    V ii^1 'V   | ii^1  II7    V |     'vii I^1 | V^2   ii 'V
       8   |     12   |   10    9  8   |   19   18   10 |        8  18 |  10    9  8
      14   |     11   |    9   13 14   |   18    9    9 |       14     |       13 14
      12   |          |        11 12   |   13   13      |       12     |       11 12
           |          |                |   11   11      |              |
       2   |      9   |   14    9  2   |    9    9   14 |        2  10 |   9    9  2
       7   |     13   |   12   13  7   |   13    8   12 |        7   8 |  14   13  7
           |     11   |    7    2  5   |    2   13    7 |           12 |  12   11  5
           |      2   |    5    4      |    4    2    5 |            3 |   2    2

OpenHymnal -- Harp Lead Sheets                                                              Page 138
----------------------------------------------------------------------------------------------------
268. His Gifts (G, 100bpm)
IV~2   | V^2 VII+ ii^1           III | IV         ii^1   | ii^1 ii^1  VI~4 ii^1
  ii   |  'V      VI~4 V^1   V^2   I | ii     V^1   ii   |   ii   ii 'VI~4 VI~4
  12   |   8    8    9  10    10  18 | 19      10    9   |    9    9     9    9
  11   |  14   14   13            10 | 18           13   |   13   13    13   13
       |  12   12   11               | 13           11   |   11   11         11
       |   2    7                    | 11                |
   9   |   7    5    9   9     9   8 |  9       9    9   |    9    9     3    9
  13   |   5        13  14    14  12 | 13      14   13   |   13   13     2   13
  11   |             2  12    12   3 | 11      12   11   |   11   11     6    2
   2   |             6   7     2   1 |  2       7    2   |    2    2          6

ii^1     ii^1   IV~2   |  I^1     ii^1     ii^1   |     III IV III
  ii V^2   ii     ii   | 'V~4       ii V^2   ii   | V^2   I ii   I V^1
   9  10    9     12   |    8        9  10    9   |  10  18 19  18  10
  13       13     11   |   12       13       13   |      10 18  10
  11       11          |    3       11       11   |         13
                       |                          |         11
   9   9    9      9   |    1        9   9    9   |   9   8  9   8   9
  13  14   13     13   |    5       13  14   13   |  14  12 13  12  14
  11  12   11     11   |            11  12   11   |  12   3 11   3  12
   2   2    2      2   |             2   2    2   |   2   1  2   1   7

ii^1 ii^1 iv-7 ii^1      V | ii^1        V |   IV     ii^1 |     III     ii^1   ii^1
VI~4 'VI+ vii-   ii   'vii | VI~4     'vii | VI~4 V^1 VI~4 | V^1   I V^1   ii     ii
   9    9   10    9      8 |    9        8 |   19  10    9 |  10  18  10    9      9
  13   13    9   13     14 |   13       14 |   18       13 |      10       13     13
  11   11   14   11     12 |   11       12 |   13       11 |               11     11
            11             |               |   11          |
   9   13    9    9      2 |    9        2 |    9   9    9 |   9   8   9    9      9
  13   11   14   13      7 |   13        7 |   13  14   13 |  14  12  14   13     13
   2    6   11   11        |    2          |    2  12    2 |  12   3  12   11     11
   6         7    2        |    6          |    6   7    6 |   7   1   7    2      2

      III IV III     | ii^1 ii^1 II~2 ii^1 IV~2 |  I^1 V^2 ii^1 |           III IV III
V^1     I ii   I V^2 |   ii ii^1    V ii^1 ii-7 | 'V~4  'V ii^1 | V^2   V^2   I ii   I V^1
 10    18 19  18  10 |    9    9   10    9   12 |    8   8    9 |  10    10  18 19  18  10
       10 18  10     |   13   13    9   13   11 |   12  14   13 |            10 18  10
          13         |   11   11        11      |    3  12   11 |               13
          11         |                          |        2      |               11
  9     8  9   8   9 |    9    9   14    9    9 |    1   7    9 |   9     9   8  9   8   9
 14    12 13  12  14 |   13   13   12   13   14 |    5   5   13 |  14    14  12 13  12  14
 12     3 11   3  12 |   11    2    7    2   11 |             2 |  12    12   3 11   3  12
  7     1  2   1   2 |    2    4    5    4    2 |             4 |   2     2   1  2   1   7

ii^1 ii^1       ii^1 |      V
VI~4 'VI+ V^1   'VI+ |   'vii
   9    9  10      9 |      8
  13   13         13 |     14
  11   11         11 |     12
                     |
   9   13   9     13 |      2
  13   11  14     11 |      7
   2    6  12      6 |
   6        7        |

OpenHymnal -- Harp Lead Sheets                                                              Page 139
----------------------------------------------------------------------------------------------------
269. Now Thank We All Our God (F, 120bpm)
 IV iii |  IV iii  IV iii         |  IV iii     |                 |      V      |  IV iii
'vi  vi | 'vi  vi 'vi  vi         | 'vi  vi     |                 |  I v-7 IV   | 'vi  vi
  8  19 |   8  19   8  19         |   8  19     |                 | 12  14 12   |   8  19
 13  10 |  13  10  13  10         |  13  10     |                 |     12      |  13  10
  4     |   4       4             |   4         |                 |             |   4
        |                         |             |                 |             |
  1   8 |   1   8   1   8         |   1   8     |                 | 10  10 11   |   1   8
  6  13 |   6  13   6  13         |   6  13     |                 |  8  12  8   |   6  13
      3 |       3       3         |       3     |                 | 12   3 13   |       3
      6 |       6       6         |       6     |                 |  1   5  4   |       6

 IV iii  IV iii         |  IV iii     |                 |      V      |  V   |
'vi  vi 'vi  vi         | 'vi  vi     |                 |  I v-7 IV   |  I   |
  8  19   8  19         |   8  19     |                 | 12  14 12   | 14   |
 13  10  13  10         |  13  10     |                 |     12      | 12   |
  4       4             |   4         |                 |             |      |
                        |             |                 |             |      |
  1   8   1   8         |   1   8     |                 | 10  10 11   | 10   |
  6  13   6  13         |   6  13     |                 |  8  12  8   |  8   |
      3       3         |       3     |                 | 12   3 13   | 12   |
      6       6         |       6     |                 |  1   5  4   |  1   |

 V       |                 |  V         |                 |   VII    IV   |
 I       |                 |  I V~4     |                 | 'vii-   'vi   |
14       |                 | 14  19     |                 |     8     8   |
12       |                 | 12  12     |                 |    14    13   |
         |                 |            |                 |           4   |
         |                 |            |                 |               |
10       |                 | 10   9     |                 |     4     1   |
 8       |                 |  8   8     |                 |     2     6   |
12       |                 | 12  12     |                 |     7         |
 1       |                 |  1   5     |                 |               |


IV
12



11
 8
13
 4

270. O Day of Rest And Gladness (G, 125bpm)
 V | iii   IV II~2    V |   II~4 ii^1   |   V~4 II~4   |  V~4  V | iii   IV II~2    V
'V |  'V ii^1    V 'vii |   'V~2   ii   |   'vi 'V~2   | 'V~4 'V |  'V ii^1    V 'vii
 8 |   8   19   10    8 |      8    9   |     8    8   |    8  8 |   8   19   10    8
14 |  14   18    9   14 |     13   13   |    13   13   |   12 14 |  14   18    9   14
12 |  12   13        12 |     12   11   |    12   12   |      12 |  12   13        12
   |   3   11           |      2        |          2   |         |   3   11
 2 |   7    9   14    2 |      6    9   |     3    6   |    2  2 |   7    9   14    2
 7 |   5   13   12    7 |      5   13   |     1    5   |    1  7 |   5   13   12    7
 5 |        2    7      |          11   |     6        |    5  5 |        2    7
   |        4    5      |           2   |              |         |        4    5

OpenHymnal -- Harp Lead Sheets                                                              Page 140
----------------------------------------------------------------------------------------------------
  II~4 ii^1   |   V~4 II~4   |  V II~2 |     IV  iii     iii |  VI~4 ii^1 III
  'V~2   ii   |   'vi 'V~2   | 'V    V |   ii^1 iii7 I^1  'V | 'VI~4   ii   I
     8    9   |     8    8   |  8   10 |     19   19  18  10 |     9    9  18
    13   13   |    13   13   | 14    9 |     18   10      14 |    13   13  10
    12   11   |    12   12   | 12      |     13           12 |         11
     2        |          2   |         |     11            3 |
     6    9   |     3    6   |  2   14 |      9    9  10   7 |     3    9   8
     5   13   |     1    5   |  7   12 |     13   14   8   5 |     2   13  12
         11   |     6        |  5    7 |      2   12  12     |     6   11   3
          2   |              |       5 |      4    3   3     |          2   1

II~2 ii^1 iv-7 iii |       | III II~2  vi    V |   II~4 ii^1   |   V~4 II~4   |  V
   V   ii vii-  'V |   V^1 |   I    V 'vi 'vii |   'V~2   ii   |   'vi 'V~2   | 'V
  10    9   10   8 |    19 |  18   10   9    8 |      8    9   |     8    8   |  8
   9   13    9  14 |       |  10    9   8   14 |     13   13   |    13   13   | 14
       11   14  12 |       |           13   12 |     12   11   |    12   12   | 12
            11   3 |       |                   |      2        |          2   |
  14    9    9   7 |     9 |   8   14   3    2 |      6    9   |     3    6   |  2
  12   13   14   5 |    14 |  12   12   1    7 |      5   13   |     1    5   |  7
   7   11   11     |    12 |   3    7   6      |          11   |     6        |  5
   5    2    7     |     7 |   1    5          |           2   |              |

271. O Lord of Heav'n and Earth and Sea (D, 100bpm)
IV~2 |   vi   iii^2      vii7 vi7 | vii-   vi     vii- |           vii7
  ii | ii^1     iii ii^1    V  'I |  V^1   'I     iii7 | ii^1 ii^1    V
  12 |   15      13   12   13  12 |   11    9       11 |   12   12   13
  11 |   13      12        12  10 |    9    8       10 |             12
     |           10         9   8 |   14    6        9 |              9
     |           14        14   6 |                 14 |             14
   9 |   11      12   11   12   3 |   12    3       12 |   11   11   12
   6 |    9      10    9    9   1 |    9    1       10 |    9    9    9
   4 |    6      14    6   14     |    5             9 |    6    6   14
   2 |    4       3    4    5     |    7             3 |    4    4    5

  vi vii   vii     vi   | vii7      vii-      |   vii-       VII    vii |     |
ii^1 vii VII~4   ii^1   |    V ii^1  iii vi^1 |    V^1 ii^1 vii- iii7^2 |     |
  15  15    16     15   |   13   12   11    9 |     11   12    8      9 |     |
  13  21    21     13   |   12        10      |      9        14     14 |     |
       9    10          |    9        14      |     14                3 |     |
      14    14          |   14                |                       7 |     |
  11   9    10     11   |   12   11   12    8 |     12   11   11      5 |     |
   9  14    14      9   |    9    9   10    6 |      9    9    9      3 |     |
   6   2     3      6   |   14    6   14    3 |      5    6   14      2 |     |
   4   7     7      4   |    5    4    3    1 |      7    4    7      7 |     |

272. All Depends On Our Possessing (F, 100bpm)
 IV   v-7    |   v-7 IVM7   |     V~4 V~4 | ii7   V  V   |  V  V~2  IV  V |
'vi   I^1 IV |   I^1  'vi   |       I  vi |     V^1  I   |  V II~4 'vi  I |     I^1
  8    19 19 |    19   10   |       9   9 |   8   9 14   |  9    9   8 14 |      12
 13    10    |    10    8   |       8   8 |  13  14 12   | 14   13  13 12 |
  4    12    |    12   13   |      12  13 |   4  12      | 12   12   4    |
             |          4   |          12 |   2          |                |
  1    10 11 |    10    1   |      10  10 |   6   9 10   |  9    9   1 10 |      10
  6     8  8 |     8    6   |       8   8 |      14  8   | 14   13   6  8 |       8
       12 13 |    12        |      12  13 |      12 12   | 12   12     12 |      12
        3  4 |     3        |       1   6 |       7  1   |  5    2      1 |       3

OpenHymnal -- Harp Lead Sheets                                                              Page 141
----------------------------------------------------------------------------------------------------
V~4   v-7  IVM7 |   v-7 IVM7   | IVM7   V~4   | ii7   V  V   |    vi     IVM7 | V~4 V~4  IV
  I   I^1 'VI~4 |   I^1  'vi   |  'vi   I^1   |     V^1  I   | 'IV^1      'vi | I~4   I 'vi
  9    19    10 |    19   10   |   10     9   |   8   9 14   |     8       10 |   9   9   8
  8    10     9 |    10    8   |    8     8   |  13  14 12   |    13        8 |   8   8  13
 12    12    13 |    12   13   |   13    12   |   4  12      |             13 |  12  12   4
              4 |          4   |    4         |   2          |              4 |
 10    10     2 |    10    1   |    1    10   |   6   9 10   |     4        1 |   8  10   1
  8     8     6 |     8    6   |    6     8   |      14  8   |     1        6 |  12   8   6
 12    12       |    12        |         12   |      12 12   |     6          |   4  12
  1     3       |     3        |          3   |       7  1   |                |   1   1

273. Fear Not, O Little Flock (F, 160bpm)
 V   V~4 |   IV    | IV   II~2 |  V   IVM7 |     IV |      II~2 |         |     IVM7   | V~4  IV
 V    'I | vii- IV | ii        |  V    'vi |   vii- | IV        | IV^2 'I |      'vi   | I~4 'vi
 9     9 |   20 19 | 20     10 |  9     10 |     20 | 19     10 |   10 19 |       10   |   9   8
14     8 |   11    | 11      9 | 14      8 |     11 |         9 |      12 |        8   |   8  13
12    12 |         |        13 | 12     13 |        |        13 |         |       13   |  12   4
         |         |         2 |         4 |        |         2 |         |        4   |
 9     8 |    9 11 |  9      6 | 14      1 |      9 | 11      6 |    8  8 |        1   |   8   1
14    12 |   14  8 | 13        | 12      6 |     14 |  8        |   13 12 |        6   |  12   6
12     1 |    4 13 |  4        |  7        |      4 | 13        |    4  1 |            |   4
 5       |    7  4 |  2        |  5        |      7 |  4        |    1    |            |   1

V~4   IVM7 |     |      II~2 |  V   IVM7 |     |      II~2 |   V   IV |           | II~2  V
V~2    'vi |     | IV        |  V    'vi |     | IV        | V^1 vii- |   IV   'I |       V
  8     10 |     | 19     10 |  9     10 |     | 19     10 |   9   20 |   19   19 |   10  9
 13      8 |     |         9 | 14      8 |     |         9 |  14   11 |        12 |    9 14
 12     13 |     |        13 | 12     13 |     |        13 |  12      |           |   13 12
         4 |     |         2 |         4 |     |         2 |          |           |    2
  9      1 |     | 11      6 | 14      1 |     | 11      6 |   9    9 |   11    8 |    6  9
 13      6 |     |  8        | 12      6 |     |  8        |  14   14 |    8   12 |      14
 12        |     | 13        |  7        |     | 13        |  12    4 |   13    1 |      12
  5        |     |  4        |  5        |     |  4        |   7    7 |    4      |       5

274. God Will Take Care of You (Bb, 90bpm)
II~2          IV | II~2   IV   | IV~2   V~2     |   ii   | II~2          IV | II~2   IV
vii-         'IV | vii- IVM7   | IVM7   iii     | vii-   | vii-         'IV | vii- IVM7
  10          16 |   17   16   |   12    13     |   12   |   10          16 |   17   16
   9           8 |   16    8   |   11    12     |   11   |    9           8 |   16    8
              13 |   14   13   |                |    9   |               13 |   14   13
              11 |    9   11   |                |        |               11 |    9   11
  14           1 |   14   10   |   10    10     |   14   |   14           1 |   14   10
  11           6 |   11    1   |    1     7     |   11   |   11           6 |   11    1
   9           4 |    9    6   |    6     5     |    9   |    9           4 |    9    6
   7             |    7    4   |    4     3     |    7   |    7             |    7    4

IV~2   V~2 IV~2   |   |    VI~2 V~2 | iii^2   ii   |   ii  IV    IV   |       ii II~2 |   ii
IVM7   iii IVM7   |   |   III~4 iii |  'iii vii-   | iv-7 'IV 'IV~2   |     iv-7 vii- | vii-
  12    13   12   |   |      14  13 |    13   12   |   12  14    13   |       12   10 |   12
  11    12   11   |   |      13  12 |    12   11   |   11  13    12   |       11    9 |   11
                  |   |             |    10    9   |    9  11    11   |        9      |    9
                  |   |             |     7        |                  |               |
  10    10   10   |   |      10  10 |     5   14   |   11   1     1   |       11   14 |   14
   1     7    1   |   |       7   7 |     3   11   |    9   6     5   |        9   11 |   11
   6     5    6   |   |       6   5 |          9   |    7   4     4   |        7    9 |    9
   4     3    4   |   |       3   3 |          7   |    4             |        4    7 |    7

OpenHymnal -- Harp Lead Sheets                                                              Page 142
----------------------------------------------------------------------------------------------------
V~4   V~4 II~2 | V~4       ii    IV |
I^1   I^1  'II | I^1     iv-7   'IV |
 16    16   17 |  16       12    14 |
  8     8   16 |   8       11    13 |
 12    12   13 |  12        9    11 |
             9 |                    |
 10    10    9 |  10       11     1 |
  1     1    6 |   1        9     6 |
  5     5    2 |   5        7     4 |
  3     3      |   3        4       |

275. How Firm A Foundation (Ab, 125bpm)
    |       |       | vi^2     |     |       |       | vi^2     |     |       |       | vi^2
    |       |       |   vi     |     |       |       | vi^2     |     |       |       |   vi
    |       |       |   17     |     |       |       |   17     |     |       |       |   17
    |       |       |    8     |     |       |       |    8     |     |       |       |    8
    |       |       |   13     |     |       |       |   13     |     |       |       |   13
    |       |       |   10     |     |       |       |   10     |     |       |       |   10
    |       |       |    8     |     |       |       |    8     |     |       |       |    8
    |       |       |   13     |     |       |       |   13     |     |       |       |   13
    |       |       |   10     |     |       |       |    6     |     |       |       |   10
    |       |       |    6     |     |       |       |    3     |     |       |       |    6

    |       |       | vi^2     |
    |       |       | vi^2     |
    |       |       |   17     |
    |       |       |    8     |
    |       |       |   13     |
    |       |       |   10     |
    |       |       |    8     |
    |       |       |   13     |
    |       |       |    6     |
    |       |       |    3     |

276. How Shall We Answer Terror's Cry? (C, 100bpm)
  |         |    IV^1 iii   V^1 |  vi  V~2      V^1 |         V   | vii-        |   iii
  |         | IV 'I~4   I 'II~4 | vi7 II~4  V 'II~4 | II~4        |  'ii    I   |     I
  |         | 13   13  12    12 |  15   16 14    12 |   12   12   |   11   10   |    12
  |         |      11  10     9 |  13   13        9 |         9   |    9        |    10
  |         |       8         7 |       12        7 |         7   |    7        |
  |         |       6           |                   |         5   |             |
  |         | 11    4   8     5 |  12    9 12     5 |    9    2   |    4    8   |     8
  |         |  8    1   5     2 |  10    6  9     2 |    6        |    2    5   |     5
  |         |  6        3       |   8    5  7       |    5        |         3   |     3
  |         |  4        1       |   6    2  5       |    2        |         1   |     1

        vi | iii^2       |      I IV   |    ii  V vii- | iii   I^2   |   V
iii     'I |  'iii       |  I IM7      |   ii7     'ii |   I    'I   | 'ii
 12     13 |    12       | 10  10 11   |    11 12   12 |  12    12   |   9
        10 |    10       |      8  8   |     9  9   11 |  10    10   |   7
         8 |     7       |         6   |        7    9 |         8   |   5
         6 |             |         4   |        5    7 |         5   |
 10      3 |     5       |  8   7  1   |     8  2    4 |   8     3   |   4
  7      1 |     3       |  5   5      |     6       2 |   5     1   |   2
  5        |             |  3   3      |     4         |   3         |
  3        |             |  1   1      |     2         |   1         |

OpenHymnal -- Harp Lead Sheets                                                              Page 143
----------------------------------------------------------------------------------------------------
277. I Am Jesus' Little Lamb (C, 112bpm)
iii V~4 |      I^2  V~4 |      V~4 |      I^2  V7 |    iii V~4 |    V~2   VI~4   vi
  I I^1 | IV    'I 'I~2 |  I   I^1 | IV    'I 'ii |  I   I I^1 | IV iii    'II 'i-7
 12  15 | 13    12   11 | 10    15 | 13    12  11 | 10  12  15 | 13  13     16   15
 10  12 |       10    9 |       12 |       10   9 |     10  12 |     12     13   13
        |        8    8 |          |        8   7 |            |
        |        5    5 |          |        5   5 |            |
  8  10 | 11     3    2 |  8    10 | 11     3   4 |  8   8  10 | 11  10      9    8
  5   8 |  8     1    1 |  5     8 |  8     1   2 |  5   5   8 |  8   6      6    6
  3   5 |  6            |  3     5 |  6           |  3   3   5 |  6   5      2    1
  1   3 |  4            |  1     3 |  4           |  1   1   3 |  4   3

        V iii V~4 |    V~2   VI~4 VI~2 |         V V~4 iii |    iii  ii I^1 |       I^1
 V V~4      I I^1 | IV iii    'II   II |  V V~4    I^1   I | IV   I ii7     |   I^1   I
14  13 12  12  15 | 13  13     16   14 | 14  13 12  15  12 | 13  12  11  10 |    12  15
        9  10  12 |     12     13   13 |         9  12  10 |     10   9   8 |        12
        7         |                    |         7         |              5 |        10
        5         |                    |         5         |              3 |
12  12  2   8  10 | 11  10      9    9 | 12  12  2  10   8 | 11   8   8   1 |    10   8
 9   9      5   8 |  8   6      6    7 |  9   9      8   5 |  8   5   6     |     8   5
 7   8      3   5 |  6   5      2    6 |  7   8      5   3 |  6   3   4     |     5   3
 5   5      1   3 |  4   3           2 |  5   5      3   1 |  4   1   2     |     3   1

   ii^1        | I^1
IV   ii I^2  V |   I
13   16  15 14 |  15
     13        |  12
     11        |  10
               |
11    9  12 12 |   8
 8    6  10  9 |   5
 6    4   8  7 |   3
 4    2   5  5 |   1

278. I Know Whom I Have Believed (Eb, 100bpm)
  |       iii  VI~4   |            |              iii |   vii   | iii     iii  VI~4
  |           III~4   | vi^2       |     vi^2         | 'vii-   |             III~4
  |        10     9   |   20       |       20      10 |     9   |  10      10     9
  |        14    14   |   13       |       13      14 |    14   |  14      14    14
  |         5    13   |            |                5 |         |   5       5    13
  |         3         |            |                3 |         |   3       3
  |         7    10   |   10       |       10       7 |     4   |   7       7    10
  |              14   |    8       |        8         |     2   |                14
  |              13   |   13       |       13         |     7   |                13
  |               3   |    3       |        3         |         |                 3

           |             |       |       VI~2    |                 |           |   iii
vi^2       |             |       |       VI~4 vi | vi^2     vi^2   |           |
  20       |             |       |         21 20 |   20       20   |           |    10
  13       |             |       |         20 13 |   13       13   |           |    14
           |             |       |         13    |                 |           |     5
           |             |       |               |                 |           |     3
  10       |             |       |         10 10 |   10       10   |           |     7
   8       |             |       |          9  8 |    8        8   |           |
  13       |             |       |         13 13 |   13       13   |           |
   3       |             |       |          6  6 |    3        3   |           |

OpenHymnal -- Harp Lead Sheets                                                              Page 144
----------------------------------------------------------------------------------------------------
      VI~2    |            |       VI~2 VI~2   |
      VI~4 vi | vi^2       | vii- 'VII7 vii7   |
        21 20 |   20       |   21    20   21   |
        20 13 |   13       |         14   20   |
        13    |            |         13   14   |
              |            |              13   |
        10 10 |   10       |   11    14    9   |
         9  8 |    8       |    9    13   14   |
        13 13 |   13       |   14     7   13   |
         6  6 |    3       |    7          7   |

279. If God Himself Be For Me (G, 130bpm)
 V | iii   IV II~2    V |   II~4 ii^1   |   V~4 II~4   |  V~4  V | iii   IV II~2    V
'V |  'V ii^1    V 'vii |   'V~2   ii   |   'vi 'V~2   | 'V~4 'V |  'V ii^1    V 'vii
 8 |   8   19   10    8 |      8    9   |     8    8   |    8  8 |   8   19   10    8
14 |  14   18    9   14 |     13   13   |    13   13   |   12 14 |  14   18    9   14
12 |  12   13        12 |     12   11   |    12   12   |      12 |  12   13        12
   |   3   11           |      2        |          2   |         |   3   11
 2 |   7    9   14    2 |      6    9   |     3    6   |    2  2 |   7    9   14    2
 7 |   5   13   12    7 |      5   13   |     1    5   |    1  7 |   5   13   12    7
 5 |        2    7      |          11   |     6        |    5  5 |        2    7
   |        4    5      |           2   |              |         |        4    5

  II~4 ii^1   |   V~4 II~4   |  V II~2 |     IV  iii     iii |  VI~4 ii^1 III
  'V~2   ii   |   'vi 'V~2   | 'V    V |   ii^1 iii7 I^1  'V | 'VI~4   ii   I
     8    9   |     8    8   |  8   10 |     19   19  18  10 |     9    9  18
    13   13   |    13   13   | 14    9 |     18   10      14 |    13   13  10
    12   11   |    12   12   | 12      |     13           12 |         11
     2        |          2   |         |     11            3 |
     6    9   |     3    6   |  2   14 |      9    9  10   7 |     3    9   8
     5   13   |     1    5   |  7   12 |     13   14   8   5 |     2   13  12
         11   |     6        |  5    7 |      2   12  12     |     6   11   3
          2   |              |       5 |      4    3   3     |          2   1

II~2 ii^1 iv-7 iii |       | III II~2  vi    V |   II~4 ii^1   |   V~4 II~4   |  V
   V   ii vii-  'V |   V^1 |   I    V 'vi 'vii |   'V~2   ii   |   'vi 'V~2   | 'V
  10    9   10   8 |    19 |  18   10   9    8 |      8    9   |     8    8   |  8
   9   13    9  14 |       |  10    9   8   14 |     13   13   |    13   13   | 14
       11   14  12 |       |           13   12 |     12   11   |    12   12   | 12
            11   3 |       |                   |      2        |          2   |
  14    9    9   7 |     9 |   8   14   3    2 |      6    9   |     3    6   |  2
  12   13   14   5 |    14 |  12   12   1    7 |      5   13   |     1    5   |  7
   7   11   11     |    12 |   3    7   6      |          11   |     6        |  5
   5    2    7     |     7 |   1    5          |           2   |              |

280. I Place My Trust In God (Bb, 120bpm)
  ii | iii^2   IV     |   iii^2   ii   ii V~2 |         |   iii^2   ii   ii | V~2       ii
vii- |  'iii IVM7     |    'iii vii- ii-7     |         |    'iii vii- ii-7 |         iv-7
  12 |    13   14     |      13   12   12  13 |         |      13   12   12 |  13       17
  11 |    12   13     |      12   11   11  12 |         |      12   11   11 |  12       16
   9 |    10   11     |      10    9    9  10 |         |      10    9    9 |  10       11
     |     7          |       7             5 |         |       7           |   5        9
  14 |     5   10     |       5   14   11   3 |         |       5   14   11 |   3       11
  11 |     3    1     |       3   11    9     |         |       3   11    9 |            9
   9 |          6     |            9    7     |         |            9    7 |            7
   7 |          4     |            7    2     |         |            7    2 |            4

OpenHymnal -- Harp Lead Sheets                                                              Page 145
----------------------------------------------------------------------------------------------------
        | V~2   VI~2   |   IV        ii V~2 |         |   iii^2   ii   ii V~2 |
        | iii          | IVM7  I   ii-7     |         |    'iii vii- ii-7     |
        |  13     14   |   16 16     12  13 |         |      13   12   12  13 |
        |  12     13   |    8        11  12 |         |      12   11   11  12 |
        |         10   |   13         9  11 |         |      10    9    9  10 |
        |          6   |   11             5 |         |       7             5 |
        |  10      3   |   10  8     11   4 |         |       5   14   11   3 |
        |   7          |    1 12      9     |         |       3   11    9     |
        |   5          |    6 10      7     |         |            9    7     |
        |   3          |    4  1      2     |         |            7    2     |

 IV   ii  IV II~2    |        IV | V~4 II~2     | II~2       |        IV
'IV iv-7 'IV ii-7  I |       'IV | I^1 ii-7     | vii-       | vi^1 IVM7
 16   17  16   17 16 |        16 |  16   17     |   17       |   16   14
  8   16   8   16    |         8 |   8   16     |   16       |        13
 13   11  13   14    |        13 |  12   14     |   14       |        11
 11    9  11    9    |        11 |        9     |    9       |
  1   11   1   11  8 |         1 |  10   11     |   14       |    8   10
  6    9   6    9 12 |         6 |   1    9     |   11       |   13    1
  4    7   4    7 10 |         4 |   5    7     |    9       |   10    6
       4        2  1 |           |   3    2     |    7       |    1    4

281. In These Our Days So Perilous (F, 110bpm)
 V     V | ii7 V~4    V~2 |  V   |    iii       |   V   | IV   IV    IV |        II~2 |  V   ii7
 V   V^1 |       I   II~4 |  V   | IV  vi   V~4 | V^2   | ii vii- IV ii |   'I        |  V
 9     9 |   8   9     10 |  9   | 19  19    19 |  20   | 20   20 19 20 |   19     10 |  9     8
14    14 |  13   8      9 | 14   |     10    12 |  19   | 11   11    11 |   12      9 | 14    13
12    12 |   4  12     13 | 12   |              |  14   |               |          13 | 12     4
         |   2         12 |      |              |  12   |               |           2 |        2
 9     9 |   6  10      9 |  9   | 11   8     8 |   9   |  9    9 11  9 |    8      6 |  9     6
14    14 |       8     13 | 14   |  8  13    12 |  14   | 13   14  8 13 |   12        | 14
12    12 |      12     12 | 12   | 13   3     1 |  12   |  4    4 13  4 |    1        | 12
 5     7 |       1      2 |  5   |  4   6     5 |   2   |  2    7  4  2 |             |  5

 V      V~4 |    V   |      IV    |         V~4 |    V |  V
 V   'I V~4 |    V   | IV vii- IV |          'I |    V |  V
 9   19   9 |    9   | 19   20 19 |           9 |    9 |  9
14   12   8 |   14   |      11    |           8 |   14 | 14
12       12 |   12   |            |          12 |   12 | 12
            |        |            |             |      |
 9    8   8 |    9   | 11    9 11 |           8 |   14 |  9
14   12  12 |   14   |  8   14  8 |          12 |   12 | 14
12    1   1 |   12   | 13    4 13 |           1 |    7 | 12
 5        5 |    5   |  4    7  4 |             |    5 |  5

282. My Hope Is Built (C, 100bpm)
  |         |    IV^1 iii   V^1 |  vi  V~2      V^1 |         V   | vii-        |   iii
  |         | IV 'I~4   I 'II~4 | vi7 II~4  V 'II~4 | II~4        |  'ii    I   |     I
  |         | 13   13  12    12 |  15   16 14    12 |   12   12   |   11   10   |    12
  |         |      11  10     9 |  13   13        9 |         9   |    9        |    10
  |         |       8         7 |       12        7 |         7   |    7        |
  |         |       6           |                   |         5   |             |
  |         | 11    4   8     5 |  12    9 12     5 |    9    2   |    4    8   |     8
  |         |  8    1   5     2 |  10    6  9     2 |    6        |    2    5   |     5
  |         |  6        3       |   8    5  7       |    5        |         3   |     3
  |         |  4        1       |   6    2  5       |    2        |         1   |     1

OpenHymnal -- Harp Lead Sheets                                                              Page 146
----------------------------------------------------------------------------------------------------
        vi | iii^2       |      I IV   |    ii  V vii- | iii   I^2   |   V
iii     'I |  'iii       |  I IM7      |   ii7     'ii |   I    'I   | 'ii
 12     13 |    12       | 10  10 11   |    11 12   12 |  12    12   |   9
        10 |    10       |      8  8   |     9  9   11 |  10    10   |   7
         8 |     7       |         6   |        7    9 |         8   |   5
         6 |             |         4   |        5    7 |         5   |
 10      3 |     5       |  8   7  1   |     8  2    4 |   8     3   |   4
  7      1 |     3       |  5   5      |     6       2 |   5     1   |   2
  5        |             |  3   3      |     4         |   3         |
  3        |             |  1   1      |     2         |   1         |

283. Our God, Our Help In Ages Past (C, 100bpm)
iii |             | vi    I^1   |        III~4   |  V    | I^1    ii^1    | I^1   IV
  I |   IV I^1 vi | IV  V   I   | vi iii  vi^1   |     V |   I IV   ii  V |   I IVM7   I^1
 12 |   13  12 15 | 15 14  15   | 15  12    13   | 12 14 |  15 13   16 14 |  15   13    12
 10 |             | 13     12   |           10   |  9    |  12      13    |  12   11
    |             |        10   |                |  7    |  10      11    |  10
    |             |             |                |  5    |                |
  8 |   11  10 13 | 11 12   8   | 13  10     8   |  2 12 |   8 11    9 12 |   8   10    10
  5 |    8   8 10 |  8  9   5   | 10   7     6   |     9 |   5  8    6  9 |   5    8     8
  3 |    6   5  8 |  6  7   3   |  8   5     3   |     7 |   3  6    4  7 |   3    6     5
  1 |    4   3  6 |  4  5   1   |  6   3     1   |     5 |   1  4    2  5 |   1    4     3

IV I^1 VI~4    | I^1
ii   I ii^1  V |   I
13  15   16 14 |  15
11  12   13    |  12
    10         |  10
               |
 9   8   11 12 |   8
 6   5    9  9 |   5
 4   3    6  7 |   3
 2   1    4  5 |   1

284. Souls of Men! Why Will Ye Scatter (G, 100bpm)
 V       iii |    II~4 ii^1 II~2    V | III iv-7 ii^1     III~4 iii |      V         V
'V        'V |  I 'V~2   ii    V 'vii | vi7 ii-7   ii V^1 'VI~2  'V |   'vii vi^1   'V
 8         8 |  9    8    9   10    8 |  18   10    9  10     9   8 |      8    9    8
14        14 |      13   13    9   14 |  10    9   13        14  14 |     14        14
12        12 |      12   11        12 |       14   11        13  12 |     12        12
           3 |       2                |       11              3   3 |
 2         7 |  8    6    9   14    2 |   8    9    9   9     7   7 |      2    8    2
 7         5 | 12    5   13   12    7 |  13   14   13  14     6   5 |      7   13    7
 5           |  3        11    7      |  12   11   11  12           |           3    5
             |  1         2    5      |   6    2    2   7           |           1

 V       iii |    II~4 ii^1 II~2    V | III iv-7 ii^1     III~4 iii |      V         V
'V        'V |  I 'V~2   ii    V 'vii | vi7 ii-7   ii V^1 'VI~2  'V |   'vii vi^1   'V
 8         8 |  9    8    9   10    8 |  18   10    9  10     9   8 |      8    9    8
14        14 |      13   13    9   14 |  10    9   13        14  14 |     14        14
12        12 |      12   11        12 |       14   11        13  12 |     12        12
           3 |       2                |       11              3   3 |
 2         7 |  8    6    9   14    2 |   8    9    9   9     7   7 |      2    8    2
 7         5 | 12    5   13   12    7 |  13   14   13  14     6   5 |      7   13    7
 5           |  3        11    7      |  12   11   11  12           |           3    5
             |  1         2    5      |   6    2    2   7           |           1

OpenHymnal -- Harp Lead Sheets                                                              Page 147
----------------------------------------------------------------------------------------------------
iii ii^1 iv-7 III iv-7 | vi^2    vi   |   iv-7 IV~2     iii | ii^1  V     IV~2 |  V       iii
 'V   ii ii-7   I ii-7 |  'vi   'vi   |   vii-  I~4 V^1  'V | ii^1 'V      II7 | 'V        'V
  8    9   10  18   10 |    9     9   |     10   18  19   8 |    9  8       12 |  8         8
 14   13    9  10    9 |    8     8   |      9   12      14 |   13 14       11 | 14        14
 12   11   14       14 |   13    13   |     14   11      12 |   11 12          | 12        12
  3        11       11 |    3         |     11            3 |                  |            3
  7    9    9   8    9 |    1     3   |      9    8   9   7 |    9  2        9 |  2         7
  5   13   14  12   14 |    6     1   |     14   12  14   5 |   13  7        8 |  7         5
      11   11   3   11 |          6   |     11   11  12     |    2  5       13 |  5
       2    2   1    2 |              |      7    1   7     |    4           2 |

   II~4 ii^1 II~2    V | III iv-7 ii^1     III~4 iii |      V         V
 I 'V~2   ii    V 'vii | vi7 ii-7   ii V^1 'VI~2  'V |   'vii vi^1   'V
 9    8    9   10    8 |  18   10    9  10     9   8 |      8    9    8
     13   13    9   14 |  10    9   13        14  14 |     14        14
     12   11        12 |       14   11        13  12 |     12        12
      2                |       11              3   3 |
 8    6    9   14    2 |   8    9    9   9     7   7 |      2    8    2
12    5   13   12    7 |  13   14   13  14     6   5 |      7   13    7
 3        11    7      |  12   11   11  12           |           3    5
 1         2    5      |   6    2    2   7           |           1

285. The Lord's My Shepherd (D, 70bpm)
  |         | vii7 VII+ IV~2   III |   VII     |     |         | vii7 VII+ IV~2   III |   VII
  |         |    V  V^1   ii vi7^2 |     V     |     |         |    V  V^1   ii vi7^2 |     V
  |         |   13   15   12    11 |     8     |     |         |   13   15   12    11 |     8
  |         |   12   21   11    10 |    14     |     |         |   12   21   11    10 |    14
  |         |    9   12            |           |     |         |    9   12            |
  |         |   14   14            |           |     |         |   14   14            |
  |         |   12   12    9     8 |    12     |     |         |   12   12    9     8 |    12
  |         |    9    9    6     6 |     9     |     |         |    9    9    6     6 |     9
  |         |   14    5    4     5 |    14     |     |         |   14    5    4     5 |    14
  |         |    5    7    2     3 |     5     |     |         |    5    7    2     3 |     5

  vi |   VII   vi |   VII   vi |    V~4   vi VII+ | IV   |         | vii7 VII+ IV~2   III
  'I |     V   'I |     V   'I |   'I~2 ii^1    V | ii   |         |    V  V^1   ii vi7^2
   9 |     8    9 |     8    9 |     12   15   15 | 15   |         |   13   15   12    11
   8 |    14    8 |    14    8 |      9   13   21 | 13   |         |   12   21   11    10
   6 |          6 |          6 |      8        12 | 11   |         |    9   12
     |            |            |      5        14 |      |         |   14   14
   3 |    12    3 |    12    3 |      2   11   12 |  9   |         |   12   12    9     8
   1 |     9    1 |     9    1 |      1    9    9 |  6   |         |    9    9    6     6
     |    14      |    14      |           6   14 |  4   |         |   14    5    4     5
     |     5      |     5      |           4    5 |  2   |         |    5    7    2     3

  VII     |
    V     |
    8     |
   14     |
          |
          |
   12     |
    9     |
   14     |
    5     |

OpenHymnal -- Harp Lead Sheets                                                              Page 148
----------------------------------------------------------------------------------------------------
286. The Winds and Billows Loudly Roar (Ab, 100bpm)
   |    V       | iii V~2       I^1 |   iii     | vi^2     | vi^2           | iii V~2
 I |   'V       |   I       IV 'I^1 |     I     |   vi     |   vi   I~4     | iii       IV
10 |   14       |  14  13   10   10 |    14     |   17     |   17    17     |  14  13   10
   |   12       |  12  12         1 |    12     |    8     |    8           |  12  12
   |            |  10  11         5 |    10     |   13     |   13           |  10  11
   |            |       5         3 |           |   10     |   10           |       5
 8 |    2       |   8   4    8    1 |     8     |    8     |    8     8     |  12   4    8
12 |    7       |  12       13    5 |    12     |   13     |   13    12     |  10       13
10 |    5       |  10       11    3 |    10     |   10     |   10    11     |   7       11
 1 |            |   1        4      |     1     |    6     |    6     1     |   3        4

  iii     iii |  IV
  iii       I | 'IV
   14      14 |  13
   12      12 |  11
   10      10 |
              |
   12       8 |   1
   10      12 |   6
    7      10 |   4
    3       1 |

287. Thine Arm, O Lord, in Days of Old (G, 100bpm)
iii   |       IV~2 |    V iii ii^1    V   IV | II~2    vi V~4   |      V   |     V~2 IV~2
 'V   |        I~2 | 'vii  'V   ii 'vii IV^1 |    V   'vi 'vi   |   'vii   |     'vi   ii
  8   |         12 |    8   8    9    8    9 |   10     9   8   |      8   |      13   12
 14   |         11 |   14  14   13   14    8 |    9     8  13   |     14   |      12   11
 12   |            |   12  12   11   12   13 |         13  12   |     12   |
  3   |            |        3             11 |                  |          |
  7   |          9 |    2   7    9    2    8 |   14     3   3   |      2   |       3    9
  5   |         13 |    7   5   13    7   13 |   12     1   1   |      7   |       1   13
      |          2 |            11        11 |    7     6   6   |          |       6   11
      |          1 |             2         6 |    5             |          |            2

   V   ii^1    V   IV | II~2              |   iii     |  iv-   III7 IV  V
'vii     ii 'vii IV^1 |    V V^1 vi^1     |    'V I^1 | vii-     'V IV 'V
   8      9    8    9 |   10  10    9     |    10  18 |   19     10  9  8
  14     13   14    8 |    9              |    14     |   18      9  8 14
  12     11   12   13 |                   |    12     |   14     14 13 12
                   11 |                   |     3     |   11      3 11
   2      9    2    8 |   14   9    8     |     7  10 |    9      2  8  2
   7     13    7   13 |   12  14   13     |     5   8 |   14      7 13  7
         11        11 |    7  12    3     |        12 |   11      5 11  5
          2         6 |    5   7    1     |         3 |    7         4

     ii^1 II~2    V ii^1 | II~2     IV    V   |      V   |             |  V iii ii^1    V   IV
vi^1   ii    V 'vii VI~4 |    V   IV^1 'vii   |   'vii   |             | 'V  'V   ii 'vii IV^1
   9    9   10    8    9 |   10      9    8   |      8   |             |  8   8    9    8    9
       13    9   14   13 |    9      8   14   |     14   |             | 14  14   13   14    8
       11        12   11 |          13   12   |     12   |             | 12  12   11   12   13
                         |          11        |          |             |      3             11
   8    9   14    2    9 |   14      8    2   |      2   |             |  2   2    9    2    8
  13   13   12    7   13 |   12     13    7   |      7   |             |  7   7   13    7   13
   3   11    7         2 |    7     11        |          |             |  5   5   11        11
   1    2    5         6 |    5      6        |          |             |           2         6

OpenHymnal -- Harp Lead Sheets                                                              Page 149
----------------------------------------------------------------------------------------------------
II~2 iv-7          |
   V vii- vi^1     |
  10   10    9     |
   9    9          |
       14          |
       11          |
  14    9    8     |
  12   14   13     |
   7   11    3     |
   5    7    1     |

288. Under His Wings (Db, 110bpm)
             |            |   VI~4         |          |             |           |
ii           |     ii     |    'ii         |       ii |             |           |   V~4
10           |     10     |     10         |       10 |             |           |    21
             |            |      9         |          |             |           |
             |            |      6         |          |             |           |
             |            |                |          |             |           |
 9           |      9     |      4         |        9 |             |           |    12
 6           |      6     |      2         |        6 |             |           |     9
 4           |      4     |                |        4 |             |           |     8
 2           |      2     |                |        2 |             |           |     5

        |         | VI~2   VI~2   |           IVM7 | VI~4   |         VI~2 |
        |         |  vi7    vi7   |                |  'ii   |           IV |
        |         |   21     21   |             10 |   10   |           21 |
        |         |   13     13   |              9 |    9   |           13 |
        |         |               |              6 |    6   |              |
        |         |               |              4 |        |              |
        |         |   12     12   |              2 |    4   |           11 |
        |         |   10     10   |                |    2   |            8 |
        |         |    8      8   |                |        |            6 |
        |         |    6      6   |                |        |            4 |

     V         |
  vi^2         |
    21         |
    13         |
    12         |
               |
    10         |
     8         |
     6         |
     3         |

289. Despair Not, O Heart (F, 100bpm)
 IV |     vii V~4 | IVM7     V    vi |   V |  IV ii7 |     V IVM7    | v-7      |   V |   ii7
'vi |   'vii-   I |  'vi iii^1 'IV^1 | V^1 | 'vi     | iii^1  'vi ii |   I   ii | V^1 |
  8 |       9   9 |   10     9     8 |   9 |   8   8 |     9   10 10 |  19   10 |   9 |     8
 13 |      14   8 |    8    14    13 |  14 |  13  13 |    14    8    |  10      |  14 |    13
  4 |          12 |   13    12       |  12 |   4   4 |    12   13    |  12      |  12 |     4
    |             |    4             |     |       2 |          4    |          |     |     2
  1 |       4  10 |    1    10     4 |   9 |   1   6 |    10    1  9 |  10    9 |   9 |     6
  6 |       2   8 |    6    14     1 |  14 |   6     |    14    6 13 |   8   13 |  14 |
    |       7  12 |          3     6 |  12 |         |     3       4 |  12    4 |  12 |
    |           1 |          5       |   7 |         |     5       2 |   1    2 |   7 |

OpenHymnal -- Harp Lead Sheets                                                              Page 150
----------------------------------------------------------------------------------------------------
IVM7    V V~4 |  V  V   | V~2 |    IV~2 |   IV     | v-7      |   V |  IV
 'vi IV~2 I^1 | ii  I   |  V7 |  I IV^1 | vii-     | I^1   ii | V^1 | 'vi
  10    9   9 |  8 14   |  13 | 12   19 |   20     |  19   10 |   9 |   8
   8   14   8 | 14 12   |  12 |      11 |   11     |  10      |  14 |  13
  13   12  12 | 12      |   4 |         |          |  12      |  12 |   4
   4          |         |   5 |         |          |          |     |
   1   11  10 | 11 10   |   4 | 10    8 |    9     |  10    9 |   9 |   1
   6    9   8 |  9  8   |   2 |  8   13 |   14     |   8   13 |  14 |   6
       12  12 | 12 12   |   7 | 12    4 |    4     |  12    4 |  12 |
        4   3 |  2  1   |   5 |  1    6 |    7     |   3    2 |   7 |

290. Though in the Midst of Life We Be (C, 110bpm)
    iii     iv- | I^1 vi      |    V~4 ii^1    | iii        |     iii     iv- | I^1 vi
iii   I IV ii-7 |   I     V   |  V I^1   ii IV |   I   ii   | iii   I IV ii-7 |   I     V
 12  12 13   14 |  15 15 14   | 14  15   16 13 |  12   11   |  12  12 13   14 |  15 15 14
     10      11 |  12 13      |     12   13    |  10        |      10      11 |  12 13
                |  10  8      |          11    |            |                 |  10  8
                |      6      |                |            |                 |      6
 10   8 11    9 |   8  1 12   | 12  10    9 11 |   8    9   |  10   8 11    9 |   8  1 12
  7   5  8    7 |   5     9   |  9   8    6  8 |   5    6   |   7   5  8    7 |   5     9
  5   3  6    4 |   3     7   |  7   5    4  6 |   3    4   |   5   3  6    4 |   3     7
  3   1  4    2 |   1     5   |  5   3    2  4 |   1    2   |   3   1  4    2 |   1     5

   V~4 ii^1    | iii          |    vi  V IV^1 |          |             |       iii
 V I^1   ii IV |   I   ii     |  I 'I    'I~4 |  I       |   I^1 IV  V | vi   iii7 IV
14  15   16 13 |  12   11     | 10 10 12   11 | 10       |    12 13 14 | 15     14 13
    12   13    |  10          |     8  9    8 |          |             |        12
         11    |              |     6  7    6 |          |             |        10
               |              |        5      |          |             |
12  10    9 11 |   8    9     |  8  3  2    4 |  8       |    10 11 12 | 13      9 11
 9   8    6  8 |   5    6     |  5  1       1 |  5       |     8  8  9 | 10      7  8
 7   5    4  6 |   3    4     |  3            |  3       |     5  6  7 |  8      5  6
 5   3    2  4 |   1    2     |  1            |  1       |     3  4  5 |  6      3  4

   V~4 ii^1    | iii        | vi   V^1    |        | vi7   V^1    |        | vi
 V I^1   ii IV |   I   ii   | 'I 'II~4  I | ii     |  'I 'II~4  I | ii     | 'I iii IV
14  15   16 13 |  12   11   | 13    12 10 | 11     |  12    12 10 | 11     | 13  12 13
    12   13    |  10        | 10     9    |        |  10     9    |        | 10
         11    |            |  8     7    |        |   8     7    |        |  8
               |            |  6          |        |   6          |        |  6
12  10    9 11 |   8    9   |  3     5  8 |  9     |   5     5  8 |  9     |  3  10 11
 9   8    6  8 |   5    6   |  1     2  5 |  6     |   3     2  5 |  6     |  1   7  8
 7   5    4  6 |   3    4   |           3 |  4     |   1        3 |  4     |      5  6
 5   3    2  4 |   1    2   |           1 |  2     |            1 |  2     |      3  4

  V iii7^3 |    vi iii    |      vi | iii      | vi         iv- | I^1    V |      V ii^1
iii iii7^3 |  V 'I   I ii |  I   'I |   I ii   | 'I iii IV ii-7 |   I      | vi iii   ii IV
 14     14 | 14 13  12 11 | 10   13 |  12 11   | 13  12 13   14 |  15   12 | 15  14   16 13
 12     12 |    10  10    |      10 |  10      | 10          11 |  12    9 |     12   13
        10 |     8        |       8 |          |  8             |  10    7 |          11
         9 |     6        |       6 |          |  6             |        5 |
 10      7 | 12  3   8  9 |  8    3 |   8  9   |  3  10 11    9 |   8    2 | 13  10    9 11
  7      5 |  9  1   5  6 |  5    1 |   5  6   |  1   7  8    7 |   5      | 10   7    6  8
  5      3 |  7      3  4 |  3      |   3  4   |      5  6    4 |   3      |  8   5    4  6
  3      2 |  5      1  2 |  1      |   1  2   |      3  4    2 |   1      |  6   3    2  4

OpenHymnal -- Harp Lead Sheets                                                              Page 151
----------------------------------------------------------------------------------------------------
iii      |   vi iii    | vi
  I ii   |   'I   I ii | 'I
 12 11   |   13  12 11 | 10
 10      |   10  10    |  8
         |    8        |  6
         |    6        |
  8  9   |    3   8  9 |  3
  5  6   |    1   5  6 |  1
  3  4   |        3  4 |
  1  2   |        1  2 |

291. God, Whose Almighty Word (G, 120bpm)
 V      V |      V^2   |  V |   ii^1 II~2 | ii^1   IV IV II~2 | ii^1 |      V |   | ii^1
'V   'vii | vi^1  'V   | 'V |   ii^1    V |   vi VI~4 IV    V |   ii |     'V |   |   ii V^2 II7
19      8 |    9   8   |  8 |      9   10 |   18   19 18   10 |    9 |      8 |   |    9  10  18
14     14 |       14   | 14 |     13    9 |    9   18 13    9 |   13 |     14 |   |   13
12     12 |       12   | 12 |     11      |   13   13 11      |   11 |     12 |   |   11
          |        2   |    |             |   11   11         |      |        |   |
 2      2 |    8   7   |  2 |      9   14 |    9    9  8   14 |    9 |      2 |   |    9   9   9
 7      7 |   13   5   |  7 |     13   12 |    8   13 13   12 |   13 |      7 |   |   13  14   8
 5        |    3       |  5 |      2    7 |    2    2 11    7 |   11 |      5 |   |   11  12  13
          |    1       |    |      4    5 |    6    6  4    5 |    2 |        |   |    2   2   2

II~2 IV  V | ii^1         | II~2 IV  V |       |  V V~2  V |  III      IV |  V
   V IV 'V |   ii V^2 II7 |    V IV 'V |       | 'V I^2 'V | vi^1 V^2 II7 | 'V
  10  9  8 |    9  10  18 |   10  9  8 |       | 19  20 19 |   18  10   9 |  8
   9  8 14 |   13         |    9  8 14 |       | 14  19 14 |   10       8 | 14
     13 12 |   11         |      13 12 |       | 12     12 |           13 | 12
     11    |              |      11    |       |           |           11 |
  14  8  2 |    9   9   9 |   14  8  2 |       |  2  10  2 |    8   9   9 |  2
  12 13  7 |   13  14   8 |   12 13  7 |       |  7   8  7 |   13  14   8 |  7
   7 11  5 |   11  12  13 |    7 11  5 |       |  5   1  5 |    3  12  13 |  5
   5  4    |    2   2   2 |    5  4    |       |      5    |    1   2   2 |

292. Hark, the Voice of Jesus Calling (G, 100bpm)
II~2 ii^1 II~2     | III      V^2   | iii   IV~2 II~2 | iii7 V~4 ii^1 | II~2 ii^1 II~2
   V ii^1    V V^1 |   I vi^1  'V   |  'V   ii^1    V | 'V~2 'vi   ii |    V   ii    V V^1
  10    9   10  19 |  18    9   8   |   8     12   10 |    9   8    9 |   10    9   10  19
   9   13    9     |  10       14   |  14     11    9 |   13  13   13 |    9   13    9
       11          |           12   |  12             |   12  12   11 |        11
                   |            2   |   3             |    3          |
  14    9   14   9 |   8    8   7   |   7      9   14 |    6   3    9 |   14    9   14   9
  12   13   12  14 |  12   13   5   |   5     13   12 |    5   1   13 |   12   13   12  14
   7    2    7  12 |   3    3       |          2    7 |        6   11 |    7   11    7  12
   5    4    5   7 |   1    1       |          4    5 |             2 |    5    2    5   7

III      V^2   | iii   IV~2 II~2 | II~4    V | iii7         | ii^1   IV   II~2
  I vi^1  'V   |  'V     IV    V | 'V~2   'V | 'V~2   V^1   |   ii ii^1      V
 18    9   8   |   8     12   10 |    9    8 |    9    10   |    9   19     10
 10       14   |  14     11    9 |   13   14 |   13         |   13   18      9
          12   |  12             |   12   12 |   12         |   11   13
           2   |   3             |    2      |    3         |        11
  8    8   7   |   7      8   14 |    6    2 |    6     9   |    9    9     14
 12   13   5   |   5     13   12 |    5    7 |    5    14   |   13   13     12
  3    3       |         11    7 |         5 |         12   |   11    2      7
  1    1       |          4    5 |           |          7   |    2    4      5

OpenHymnal -- Harp Lead Sheets                                                              Page 152
----------------------------------------------------------------------------------------------------
  VII~4 ii^1  iv- |   IV V~2 IV | II~2 ii^1 II~2 iii | III      V^2   | iii       | II~4  V
  iii^1   ii vii- | VI~4 VI7 ii |    V   ii    V vii |   I vi^1  'V   |  'V       | 'V~2 'V
     10    9   19 |   19  20 19 |   10    9   10  19 |  18    9   8   |   8       |    9  8
     14   13   18 |   18  19 18 |    9   13    9  10 |  10       14   |  14       |   13 14
          11   14 |   13     13 |        11          |           12   |  12       |   12 12
               11 |   11     11 |                    |            2   |   3       |    2
     12    9    9 |    9  10  9 |   14    9   14   9 |   8    8   7   |   7       |    6  2
      3   13   14 |   13  13 13 |   12   13   12  14 |  12   13   5   |   5       |    5  7
      7   11   11 |    2  12 11 |    7   11    7   3 |   3    3       |           |       5
      5    2    7 |    6   6  2 |    5    2    5   7 |   1    1       |           |

293. He Was Not Willing (Eb, 80bpm)
iii           |       iii   |             |            vii | iii           |       iii
              |             |             | vi^2     'vii- |               |
 10           |        10   |             |   20         9 |  10           |        10
 14           |        14   |             |   13        14 |  14           |        14
  5           |         5   |             |                |   5           |         5
  3           |         3   |             |                |   3           |         3
  7           |         7   |             |   10         4 |   7           |         7
              |             |             |    8         2 |               |
              |             |             |   13         7 |               |
              |             |             |    3           |               |

               |    VII~4 VI~4   |             |       iii   |                |    VII~4 VI~4
      vi^2     |   'iii^2 vii-   |             |             |       vi^2     |   'iii^2 vii-
        20     |       10    9   |             |        10   |         20     |       10    9
        13     |       14   14   |             |        14   |         13     |       14   14
               |            13   |             |         5   |                |            13
               |                 |             |         3   |                |
        10     |        5   11   |             |         7   |         10     |        5   11
         8     |        3    9   |             |             |          8     |        3    9
        13     |        7   14   |             |             |         13     |        7   14
         3     |             7   |             |             |          3     |             7

V~2           | I^2         |             |   vi iii
  I           |  'I         |             | IVM7
 20           |  10         |             |    9  10
 12           |   8         |             |    8  14
              |   5         |             |   13   5
              |             |             |        3
 10           |   3         |             |   11   7
  8           |   1         |             |   10
  5           |             |             |    8
  1           |             |             |    4

294. Lift High The Cross (C, 120bpm)
iii I^1   |  ii   V^1 |    IV^1 I^2   |  V~4   |      ii V~4 |     V IV^1   V^1
  I   I   | ii7 'II~4 |  I 'I~4  'I   | 'I~2   |  I V7^2 I^1 | IM7^2 'I~4 'II~4
 12  15   |  11    12 | 10   11  12   |    9   | 10   12  15 |    15   13    12
 10  12   |   9     9 |       8  10   |    8   |      11  12 |    14   11     9
     10   |         7 |       6   8   |    5   |       9     |    12    8     7
          |           |           5   |        |             |          6
  8   8   |   8     5 |  8    4   3   |    2   |  8    7  10 |    10    4     5
  5   5   |   6     2 |  5    1   1   |    1   |  5    5   8 |     8    1     2
  3   3   |   4       |  3            |        |  3    4   5 |     7
  1   1   |   2       |  1            |        |  1    2   3 |     5

OpenHymnal -- Harp Lead Sheets                                                              Page 153
----------------------------------------------------------------------------------------------------
iii^1       ii      V |   |       vi |     |          III~4 |       |       II |
      ii^1 ii7  I 'ii |   | iii   'I |     |  I   iii  vi^1 |   iii | vi   I~2 | V^1
   12   13  11 10   9 |   |  12   10 |     | 10    12    13 |    12 | 15    13 |  16
   10        9      7 |   |        8 |     |             10 |       |        9 |
    7               5 |   |        6 |     |                |       |          |
    5                 |   |          |     |                |       |          |
    3   11   8  8   4 |   |  10    3 |     |  8    10     8 |    10 | 13     8 |  14
         9   6  5   2 |   |   7    1 |     |  5     7     6 |     7 | 10     6 |  12
         6   4  3     |   |   5      |     |  3     5     3 |     5 |  8     2 |   9
         4   2  1     |   |   3      |     |  1     3     1 |     3 |  6     1 |   7

            |  V
 I   II~4   |
10     12   | 12
            |  9
            |  7
            |  5
 8      9   |  2
 5      6   |
 3      5   |
 1      2   |

295. May God Bestow on Us His Grace (C, 120bpm)
  |               V | ii^1 I^1 vii    |       | I^1          | iii   IV^1  V | vi |
  | vi iii^1 IV iii |   ii   I   V vi |   V^1 |   I  V vi IV |   I   'I~4    | 'I |
  | 15    14 13  14 |   16  17  16 15 |    16 |  15 14 15 13 |  12     11 12 | 10 |
  |              12 |   13  15  14    |       |  12          |  10      8  9 |  8 |
  |                 |   11  12        |       |  10          |          6  7 |  6 |
  |                 |       10        |       |              |             5 |    |
  | 13    12 11  10 |    9   8  12 13 |    14 |   8 12 13 11 |   8      4  2 |  3 |
  | 10    10  8   7 |    6   5   9 10 |    12 |   5  9 10  8 |   5      1    |  1 |
  |  8     7  6   5 |    4   3   7  8 |     9 |   3  7  8  6 |   3           |    |
  |  6     5  4   3 |    2   1   5  6 |     7 |   1  5  6  4 |   1           |    |

              V | ii^1 I^1 vii    |       | I^1          | iii   IV^1  V | vi | iii IV
vi iii^1 IV iii |   ii   I   V vi |   V^1 |   I  V vi IV |   I   'I~4    | 'I |   I     I
15    14 13  14 |   16  17  16 15 |    16 |  15 14 15 13 |  12     11 12 | 10 |  12 11 10
             12 |   13  15  14    |       |  12          |  10      8  9 |  8 |  10  8
                |   11  12        |       |  10          |          6  7 |  6 |      6
                |       10        |       |              |             5 |    |      4
13    12 11  10 |    9   8  12 13 |    14 |   8 12 13 11 |   8      4  2 |  3 |   8  1  8
10    10  8   7 |    6   5   9 10 |    12 |   5  9 10  8 |   5      1    |  1 |   5     5
 8     7  6   5 |    4   3   7  8 |     9 |   3  7  8  6 |   3           |    |   3     3
 6     5  4   3 |    2   1   5  6 |     7 |   1  5  6  4 |   1           |    |   1     1

        |       | I^1        IV | I^1    | I^1       V | ii^1    iii    |       |    iii    ii^1
        |  I  V |   I IV iii ii |   I  V |   I V^1 iii |   ii IV   I ii |   iii | IV   I vi   ii
        | 10 14 |  15 13  12 13 |  15 14 |  17  16  14 |   16 13  12 11 |    12 | 13  12 15   16
        |       |  12        11 |  12    |  15      12 |   13     10    |       |     10      13
        |       |  10           |  10    |  12         |   11           |       |             11
        |       |               |        |  10         |                |       |
        |  8 12 |   8 11  10  9 |   8 12 |   8  14  10 |    9 11   8  9 |    10 | 11   8 13    9
        |  5  9 |   5  8   7  6 |   5  9 |   5  12   7 |    6  8   5  6 |     7 |  8   5 10    6
        |  3  7 |   3  6   5  4 |   3  7 |   3   9   5 |    4  6   3  4 |     5 |  6   3  8    4
        |  1  5 |   1  4   3  2 |   1  5 |   1   7   3 |    2  4   1  2 |     3 |  4   1  6    2

OpenHymnal -- Harp Lead Sheets                                                              Page 154
----------------------------------------------------------------------------------------------------
 VI~2 vi |   vi    V    | iii   IV^1  V |
III~4 'I | vi^2 IV~2 IV |   I   'I~4    |  I
   14 13 |   15   14 13 |  12     11 12 | 10
   13 10 |   13   12    |  10      8  9 |
       8 |              |          6  7 |
       6 |              |             5 |
   10  3 |   10   11 11 |   8      4  2 |  8
    7  1 |    8    8  8 |   5      1    |  5
    6    |    6    5  6 |   3           |  3
    3    |    3    4  4 |   1           |  1

296. 'Take Up Thy Cross', the Savior Said (G, 120bpm)
 V ii^1 iii |      V  vi II~2 |   iii | ii^1 II~2 III II~2 | iii ii^1 II~2 |  V ii^1 ii^1
'V   ii  'V |   'vii 'vi    V |    'V | ii^1    V   I    V |  'V   ii    V | 'V ii^1   ii
 8    9   8 |      8   9   10 |     8 |    9   10  18   10 |   8    9   10 |  8    9    9
14   13  14 |     14   8    9 |    14 |   13    9  10    9 |  14   13    9 | 14   13   13
12   11  12 |     12  13      |    12 |   11               |  12   11      | 12   11   11
          3 |                 |     3 |                    |   3           |
 2    9   7 |      2   3   14 |     7 |    9   14   8   14 |   7    9   14 |  2    9    9
 7   13   5 |      7   1   12 |     5 |   13   12  12   12 |   5   13   12 |  7   13   13
 5   11     |          6    7 |       |    2    7   3    7 |       11    7 |  5    2   11
      2     |               5 |       |    4    5   1    5 |        2    5 |       4    2

II~2   IV    VII   |   ii^1 | II~2  vi    V   | iii II~4  V
   V IV^1 'iii^2   |     ii |    V 'vi 'vii   |  'V 'V~2 'V
  10    9      8   |      9 |   10   9    8   |   8    9  8
   9    8     14   |     13 |    9   8   14   |  14   13 14
       13          |     11 |       13   12   |  12   12 12
       11          |        |                 |   3    2
  14    8     12   |      9 |   14   3    2   |   7    6  2
  12   13      3   |     13 |   12   1    7   |   5    5  7
   7   11      7   |     11 |    7   6        |           5
   5    6          |      2 |    5            |

297. Lord of Glory, Who Hast Bought Us (F, 130bpm)
 IV V~4 |  IV   IVM7 |   IVM7 | V~4 ii7 V~4 | IV~2   | IVM7    vi |   V ii7 V~4 |  IV |  IV V~4
'vi   I | 'vi    'vi |    'vi |   I       I | IV^1   |  'vi 'IV^1 | V^1       I | 'vi | 'vi   I
  8   9 |   8     10 |     10 |   9   8   9 |   19   |   10    10 |   9   8   9 |   8 |   8   9
 13   8 |  13      8 |      8 |   8  13   8 |   11   |    8     8 |  14  13   8 |  13 |  13   8
  4  12 |   4     13 |     13 |  12   4  12 |        |   13    13 |  12   4  12 |   4 |   4  12
        |          4 |      4 |       2     |        |    4       |       2     |     |
  1  10 |   1      1 |      1 |  10   6  10 |    8   |    1     4 |   9   6  10 |   1 |   1  10
  6   8 |   6      6 |      6 |   8       8 |   13   |    6     1 |  14       8 |   6 |   6   8
     12 |            |        |  12      12 |    4   |          6 |  12      12 |     |      12
      1 |            |        |   1       1 |    6   |            |   7       1 |     |       1

 IV   IVM7 |   IVM7 | V~4 ii7 V~4 | IV~2   | IVM7    vi |   V ii7 V~4 |  IV | iii   | IV~2
'vi    'vi |    'vi |   I       I | IV^1   |  'vi 'IV^1 | V^1       I | 'vi |  vi   |  II7   ii
  8     10 |     10 |   9   8   9 |   19   |   10    10 |   9   8   9 |   8 |  19   |   19   10
 13      8 |      8 |   8  13   8 |   11   |    8     8 |  14  13   8 |  13 |  10   |   11
  4     13 |     13 |  12   4  12 |        |   13    13 |  12   4  12 |   4 |       |
         4 |      4 |       2     |        |    4       |       2     |     |       |
  1      1 |      1 |  10   6  10 |    8   |    1     4 |   9   6  10 |   1 |   8   |    9    9
  6      6 |      6 |   8       8 |   13   |    6     1 |  14       8 |   6 |  13   |    8   13
           |        |  12      12 |    4   |          6 |  12      12 |     |   3   |   13    4
           |        |   1       1 |    6   |            |   7       1 |     |   6   |    2    2

OpenHymnal -- Harp Lead Sheets                                                              Page 155
----------------------------------------------------------------------------------------------------
    |   II~2   V | IVM7        |      iii |        VI~4 | V~4 | IV~2      |      V
    |    ii7 iii |  'vi IVM7^3 | ii    vi | V~4   'vii- | I~4 | IV^1   IV |   III7
    |     10   9 |   10     10 | 10    19 |  19      10 |   9 |   19   19 |      9
    |      9  14 |    8        |       10 |  12       9 |   8 |   11      |     14
    |         12 |   13        |          |          14 |  12 |           |     12
    |            |    4        |          |          13 |     |           |
    |      8  10 |    1      8 |  9     8 |   9       4 |   8 |    8   11 |     10
    |     13  14 |    6     13 | 13    13 |   8       2 |  12 |   13    8 |      9
    |      4  12 |           4 |  4     3 |  12       7 |   4 |    4   13 |     14
    |      2   3 |           3 |  2     6 |   5         |   1 |    6    4 |      3

IVM7 IVM7^3    | V~4             V |       |     IV~2   |        V |  IV
 'vi    'vi ii | I^1 vi^1   ii iii | IV vi | vii IV^1   | IV^2 IM7 | 'vi
  10      8 10 |   9   10   10   9 | 19 19 |  20   19   |   10   9 |   8
   8     13    |   8            14 |       |       11   |        8 |  13
  13      4    |  12            12 |       |            |       14 |   4
   4      3    |                   |       |            |       12 |
   1      1  9 |  10    8    9  10 | 11 15 |   9    8   |    8  10 |   1
   6      6 13 |   8   13   13  14 |  8 20 |  14   13   |   13   8 |   6
             4 |  12    3    4  12 | 13 13 |   2    4   |    4  14 |
             2 |   3    1    2   3 |  4  6 |   7    6   |    1   1 |

298. We Give Thee But Thine Own (G, 120bpm)
 V |   IV        iv-7 ii^1 | II~2   | ii^1 IV~2 V~2   | IV~2 IV~2 |        V II~2
'V | IV^1 V^1  I ii-7  II7 |    V   |   ii vii-  'V   |   ii   ii |     'vii    V
19 |   18  10  9   10   18 |   10   |    9   12  13   |   12   12 |        8   10
14 |   13           9    9 |    9   |   13   11  12   |   11   11 |       14    9
12 |   11          14   13 |        |   11            |           |       12
   |               11   11 |        |                 |           |
 2 |    8   9  8    9    9 |   14   |    9    9   2   |    9    9 |        2   14
 7 |   13  14 12   14    8 |   12   |   13   14   7   |   13   13 |        7   12
 5 |   11  12  3   11   13 |    7   |   11   11   5   |   11   11 |             7
   |    6   7  1    2    2 |    5   |    2    7       |    2    2 |             5

          II~2 | III        ii^1 |  V
 I vi^1      V |  vi V^1  I   ii | 'V
 9    9     10 |  18  10  9    9 |  8
             9 |  10          13 | 14
               |              11 | 12
               |                 |
 8    8     14 |   8   9  8    9 |  2
12   13     12 |  13  14 12   13 |  7
 3    3      7 |   3  12  3   11 |  5
 1    1      5 |   6   7  1    2 |

299. Let Children Hear The Mighty Deeds (A, 100bpm)
iii |   vi^2    iii |  IV iii7     iii |   IVM7^3     | iii iii7   | ii^2 ii   vi^2
 vi |   vi^1   vi^1 | 'IV  iii   iii^1 |       IV     | iii  iii   | ii^1  V   vi^1
 12 |      8     12 |   8    9      19 |        8     |  12    9   |   18 18      8
 10 |     13     10 |  13   14      17 |       13     |  10   14   |    9  9     13
    |     10        |  11   12      14 |       11     |       12   |   13        10
    |               |       10      10 |       10     |       10   |
  8 |      8      8 |   1   12      14 |        8     |  12   12   |   11 14      8
 13 |     13     13 |   6   10      12 |       13     |  10   10   |    2 12     13
 10 |     10     10 |   4    7      10 |       11     |   7    7   |    6  7     10
  6 |      1      1 |        3       5 |        4     |   3    3   |    4  5      1

OpenHymnal -- Harp Lead Sheets                                                              Page 156
----------------------------------------------------------------------------------------------------
  ii-7     iii ii |     ii-7   | vi^2
  'iv-   iii^1  V |     'iv-   |   vi
     9      19 18 |        9   |    8
    14      17  9 |       14   |   13
    11      14    |       11   |   10
     2      10    |        2   |
     7      14 14 |        7   |    8
     4      12 12 |        4   |   13
            10  7 |            |   10
             5  5 |            |    6

300. Lord, Who at Cana's Wedding Feast (G, 110bpm)
II~2 |     IV       |     vi^2  V   |   iii    V      |    IV |     ii^1 II~2 V~2 iii
   V |   IV^1 V^1   | II7  'vi 'V   |    'V 'vii vi^1 |   I~2 | V^1   vi    V   I vii
  10 |     18  10   |  10    9  8   |     8    8    9 |     9 |  19   18   10  20  19
   9 |     13       |        8 14   |    14   14      |     8 |        9    9  19  10
     |     11       |       13 12   |    12   12      |    13 |       13
     |              |        3      |     3           |    11 |       11
  14 |      8   9   |   9    1  2   |     7    2    8 |     9 |   9    9   14  10   9
  12 |     13  14   |   8    6  7   |     5    7   13 |     8 |  14    8   12   8  14
   7 |     11  12   |  13       5   |               3 |     2 |  12    2    7  12   3
   5 |      6   7   |   2           |               1 |     1 |   7    6    5   1   7

III          | iii    iv-   |      iv- |  V   V~2  V |   IV IV II~2   |     III V~2 | ii^1
 vi   vi^1   |  'V   iv-7   | vii vii- | 'V   I^2 'V | ii^1 IV    V   |      vi I^2 | ii^1 vi^1
 18      9   |   8     19   |  10   19 | 19    20 19 |   19 18   10   |      18  20 |    9    9
 10          |  14     18   |       18 | 14    19 14 |   18 13    9   |      10  19 |   13
             |  12     14   |       14 | 12       12 |   13 11        |             |   11
             |   3     11   |       11 |             |   11           |             |
  8      8   |   7      9   |   9    9 |  2    10  2 |    9  8   14   |       8  10 |    9    8
 13     13   |   5     14   |  14   14 |  7     8  7 |   13 13   12   |      13   8 |   13   13
  3      3   |         11   |   2   11 |  5     1  5 |    2 11    7   |       3   1 |    2    3
  6      1   |          4   |   7    7 |        5    |    4  4    5   |       6   5 |    4    1

      V~2      | III   IV II~2  IV | iii   V^2   |  V
V^1     I III7 |  vi ii^1    V II7 |  'V    'V   | 'V
 19    20   19 |  18   19   10   9 |   8     8   |  8
       19      |  10   18    9   8 |  14    14   | 14
               |       13       13 |  12    12   | 12
               |       11       11 |   3     2   |
  9    10   10 |   8    9   14   9 |   7     7   |  2
 14     8    9 |  13   13   12   8 |   5     5   |  7
 12    12   14 |   3    2    7  13 |             |  5
  7     1    3 |   6    4    5   2 |             |

301. O Father, All Creating (D, 130bpm)
  |     vii-   |   V~4   | VII   ii^2 vi |     III |            |   vii7  vi7 | vii-  iii    VII
  |      V^2   |    'I   |   V    'ii 'I |   vi7^2 | ii^1       |      V 'I~4 |  V^1 vi^1   vii-
  |       11   |     9   |   8     12 11 |      11 |   12       |     13   12 |   11   12      8
  |        9   |     8   |  14     11 10 |      10 |            |     12   11 |    9   10     14
  |       14   |     6   |          9  8 |         |            |      9    8 |   14
  |            |     5   |          6  6 |         |            |     14    6 |
  |        9   |     3   |  12      4  5 |       8 |   11       |     12    4 |   12    8     11
  |       14   |     1   |   9      2  3 |       6 |    9       |      9    1 |    9    6      9
  |        5   |         |  14         1 |       5 |    6       |     14      |    5    3     14
  |        2   |         |   5           |       3 |    4       |      5      |    7    1      7

OpenHymnal -- Harp Lead Sheets                                                              Page 157
----------------------------------------------------------------------------------------------------
vi vi |     III      vii7 |        vii- | vii-   vii%7   | vii-      |     vii-   |     vii VII
'I 'I |   vi7^2 ii^1    V |   ii^1 vii- | iv-7    ii-7   |  iii vi^1 |      V^2   |   iii^1   V
 9  9 |      11   12   13 |     12   15 |   15      13   |   11    9 |       11   |       9   8
 8  8 |      10        12 |          21 |   21      11   |   10      |        9   |      14  14
 6  6 |                 9 |          11 |   11       9   |   14      |       14   |
      |                14 |          14 |   14      14   |           |            |
 3  3 |       8   11   12 |     11   11 |   11      11   |   12    8 |        9   |      12  12
 1  1 |       6    9    9 |      9    9 |    9       9   |   10    6 |       14   |      10   9
      |       5    6   14 |      6   14 |   14      14   |   14    3 |        5   |      14  14
      |       3    4    5 |      4    7 |    4       2   |    3    1 |        2   |       5   5

 VII vii     |
iii7 iii     |
   8   9     |
  14  14     |
             |
             |
  12  12     |
  10  10     |
   9  14     |
   3   3     |

302. Oh, Blest the House (Eb, 100bpm)
      | iii   vii iii   |         |     iii   vii |             | iii       |    V~4
      |     'vii-       |         |         'vii- |     vi vi^1 |           |  I  'I  V vi
      |  10     9  10   |         |      10     9 |     20   20 |  10       | 10  15 21 20
      |  14    14  14   |         |      14    14 |     13   13 |  14       |     12    13
      |   5         5   |         |       5       |             |   5       |
      |   3         3   |         |       3       |             |   3       |
      |   7     4   7   |         |       7     4 |     10   10 |   7       |  8   8 12 10
      |         2       |         |             2 |      8    8 |           |  5   5  9  8
      |         7       |         |             7 |     13   13 |           |  3   1 14 13
      |                 |         |               |      6    1 |           |  1      5  6

  V~2       vii |
    I     'vii- |
   20         9 |
   12        14 |
                |
                |
   10         4 |
    8         2 |
    5         7 |
    1           |

303. Savior, Who Thy Flock Art Feeding (F, 130bpm)
 IV V~4 IVM7     V | IVM7   v-7 IVM7 |   IV         vi |   V     | iii iii
'vi I^1  'vi iii^1 |  'vi     I  'vi | vii- IV   'IV^1 | V^1     |  vi   V IV
  8   9   10     9 |   10    19   10 |   20 19      10 |   9     |  19  19 19
 13   8    8    14 |    8    10    8 |   11          8 |  14     |  10  10
  4  12   13    12 |   13    12   13 |              13 |  12     |
           4       |    4          4 |                 |         |
  1  10    1    10 |    1    10    1 |    9 11       4 |   9     |   8   8 11
  6   8    6    14 |    6     8    6 |   14  8       1 |  14     |  13  14  8
     12          3 |         12      |    4 13       6 |  12     |   3   1 13
      3          5 |          1      |    7  4         |   7     |   6   5  4

OpenHymnal -- Harp Lead Sheets                                                              Page 158
----------------------------------------------------------------------------------------------------
   v-7   IVM7 V~4 | ii7 V~4 IVM7   |        V  IV
IV I^1    'vi   I |       I  'vi   | IV^2 IM7 'vi
19  19     10   9 |   8   9   10   |   10   9   8
    10      8   8 |  13   8    8   |        8  13
    12     13  12 |   4  12   13   |       14   4
            4     |   2        4   |       12
11  10      1  10 |   6  10    1   |    8  10   1
 8   8      6   8 |       8    6   |   13   8   6
13  12         12 |      12        |    4  14
 4   3          1 |       1        |    1   1

304. You Parents Hear What Jesus Taught (F, 125bpm)
     |  IV        IV       |          V       VII     |  IV iii      V       |               V
IV   | 'vi       'vi       |          I V~4 'vii- vii | 'vi  vi      I       |         IV    I
12   |   8         8       |         14  19     8  20 |   8  19     14       |         12   14
     |  13        13       |         12  12    14     |  13  10     12       |              12
     |   4         4       |                          |   4                  |
     |                     |                          |                      |
11   |   1         1       |         10   9     4   9 |   1   8     10       |         11   10
 8   |   6         6       |          8   8     2  14 |   6  13      8       |          8    8
13   |                     |         12  12     7   2 |       3     12       |         13   12
 4   |                     |          1   5         7 |       6      1       |          4    1

 IV        V       |          V          |              V     |
'vi        I       |          I V~4 IV   |          I iii     |         IV
  8       14       |         14  19 12   |         12   9     |         12
 13       12       |         12  12      |             14     |
  4                |                     |             12     |
                   |                     |                    |
  1       10       |         10   9 11   |         10  10     |         11
  6        8       |          8   8  8   |          8  14     |          8
          12       |         12  12 13   |         12  12     |         13
           1       |          1   5  4   |          1   3     |          4

305. Awake My Soul, An Offering Bring (F, 120bpm)
 V |        V   | IVM7  V     |        V   |       |     IVM7   |     II~2   |   IV   IVM7  V
 V |   V~4  V   |  'vi  V     |   V~4  V   |       |      'vi   |            | vii-    'vi  V
 9 |    19 20   |   10  9     |    19 20   |       |       10   |       10   |   20     10  9
14 |    12 19   |    8 14     |    12 19   |       |        8   |        9   |   11      8 14
12 |       14   |   13 12     |       14   |       |       13   |       13   |          13 12
   |       12   |    4        |       12   |       |        4   |        2   |           4
 9 |     9  9   |    1  9     |     9  9   |       |        1   |        6   |    9      1  9
14 |     8 14   |    6 14     |     8 14   |       |        6   |            |   14      6 14
12 |    12 12   |      12     |    12 12   |       |            |            |    4        12
 5 |     5  5   |       5     |     5  5   |       |            |            |    7         5

  V    V |     IVM7   |     II~2   |   IV   IVM7  V |   V    V
V^2    V |      'vi   |            | vii-    'vi  V | V^2    V
  9    9 |       10   |       10   |   20     10  9 |   9    9
 14   14 |        8   |        9   |   11      8 14 |  14   14
 12   12 |       13   |       13   |          13 12 |  12   12
         |        4   |        2   |           4    |
  9    9 |        1   |        6   |    9      1  9 |   9    9
 14   14 |        6   |            |   14      6 14 |  14   14
 12   12 |            |            |    4        12 |  12   12
  2    5 |            |            |    7         5 |   2    5

OpenHymnal -- Harp Lead Sheets                                                              Page 159
----------------------------------------------------------------------------------------------------
306. Awake, My Soul, And With The Sun (G, 120bpm)
 V       IV~2 | iii ii^1 II~2 |        IV iii | III II~2 ii^1 | iii ii^1 II~2 ii^1    V |      V
'V       vii- |  'V   ii    V |       II7  'V |   I    V   ii |  'V   ii    V   ii 'vii |     'V
 8         12 |   8    9   10 |         9   8 |  18   10    9 |   8    9   10    9    8 |      8
14         11 |  14   13    9 |         8  14 |  10    9   13 |  14   13    9   13   14 |     14
12            |  12   11      |        13  12 |            11 |  12   11        11   12 |     12
              |   3           |        11   3 |               |   3                     |
 2          9 |   7    9   14 |         9   7 |   8   14    9 |   7    9   14    9    2 |      2
 7         14 |   5   13   12 |         8   5 |  12   12   13 |   5   13   12   13    7 |      7
 5         11 |       11    7 |        13     |   3    7   11 |       11    7   11      |      5
            7 |        2    5 |         2     |   1    5    2 |        2    5    2      |

    iii ii^1 III |     ii^1  V
     'V   ii  vi | V^1   ii 'V
      8    9  18 |  10    9  8
     14   13  10 |       13 14
     12   11     |       11 12
      3          |
      7    9   8 |   9    9  2
      5   13  13 |  14   13  7
          11   3 |  12   11  5
           2   6 |   7    2

307. Every Morning Mercies New (Bb, 120bpm)
        |   ii   IV   |   V~2   ii   | II~4    IV |         | II~2  IV   | V~2 VI~2   II~2
        | iv-7 IVM7   |   iii vii-   |    V   'IV |         |  'II 'IV   |      'vi   ii^2
        |   17   16   |    13   12   |   17    16 |         |   17  16   |  13   14     17
        |   16    8   |    12   11   |   16     8 |         |   16   8   |  12   13     16
        |   11   13   |          9   |   12    13 |         |   13  13   |  10          13
        |    9   11   |              |    9    11 |         |    9  11   |   5           9
        |   11   10   |    10   14   |   14     1 |         |    9   1   |   3   10     13
        |    9    1   |     7   11   |   12     6 |         |    6   6   |        1     11
        |    7    6   |     5    9   |    9     4 |         |    2   4   |        6      9
        |    4    4   |     3    7   |    5       |         |            |               6

  iii^2 IV~2 |     II~2   | II~2  IV   |  VI~2 V~2   ii   |    IV   IV
   'iii  'IV |     vii-   |  'II II7   | III~4 iii iv-7   | 'IV~2 IVM7
     13   12 |       17   |   17  16   |    14  13   12   |    13   14
     12   11 |       16   |   16   8   |    13  12   11   |    12   13
     10      |       14   |   13  13   |              9   |    11   11
      7      |        9   |    9  11   |                  |
      5    1 |       14   |    9   9   |    10  10   11   |     1   10
      3    6 |       11   |    6   1   |     7   7    9   |     5    1
           4 |        9   |    2   6   |     6   5    7   |     4    6
             |        7   |        2   |     3   3    4   |          4

308. O Holy, Blessed Trinity (D, 120bpm)
  |   vii- vi7 IV~2 | vii7 vii7 IV~2 |  iii  vii-  IV |      IV III~4^2 | vi7 IV~2
  |    V^1  'I   ii |    V  V^1   ii | II~2 vii%7 'ii |   IV ii    'III |  'I   ii
  |     11  12   12 |   13   13   12 |   12    12  15 |   12 13      13 |  12   12
  |      9  10   11 |   12   12   11 |   10    11  11 |      11      10 |  10   11
  |     14   8      |    9    9      |         14     |              14 |   8
  |          6      |   14   14      |          7     |                 |   6
  |     12   3    9 |   12   12    9 |    9     6   9 |   11  9      10 |   3    9
  |      9   1    6 |    9    9    6 |    6     4   4 |    8  6      14 |   1    6
  |      5        4 |   14    5    4 |    3     2   2 |    6  4       3 |        4
  |      7        2 |    5    7    2 |    2     7     |    4  2         |        2

OpenHymnal -- Harp Lead Sheets                                                              Page 160
----------------------------------------------------------------------------------------------------
vii-   vii7 IV~2 | vii7 vii-   |   III~4^2 vii7 |  iii   vii-   |
vii-      V   ii |    V  iii   |      'III    V | vi^1      V   |
  15     13   12 |   13   11   |        13   13 |   12     11   |
  21     12   11 |   12   10   |        10   12 |   10      9   |
  11      9      |    9   14   |        14    9 |          14   |
  14     14      |   14        |             14 |               |
  11     12    9 |   12   12   |        10   12 |    8     12   |
   9      9    6 |    9   10   |        14    9 |    6      9   |
  14     14    4 |   14   14   |         3   14 |    3     14   |
   7      5    2 |    5    3   |              5 |    1      5   |

309. All Praise To Thee, My God, This Night (G, 100bpm)
 V | II~4   iii    V |    ii^1 II~2 VII+ | III   IV II~2   |   V~4 IV  V  V | III ii^1 II~2
'V | 'V~2    'V 'vii |  I   ii    V      |  vi IV^1    V   | vi7^3 IV 'V 'V |  vi ii^1    V
 8 |    8     8    8 |  9    9   10    8 |  18   18   10   |     9  9  8 19 |  18    9   10
14 |   13    14   14 |      13    9   14 |  10   13    9   |     8  8 14 14 |  10   13    9
12 |   12    12   12 |      11        12 |       11        |    13 13 12 12 |       11
   |    2     3      |                 7 |                 |    12 11       |
 2 |    6     7    2 |  8    9   14    5 |   8    8   14   |     3  8  2  2 |   8    9   14
 7 |    5     5    7 | 12   13   12      |  13   13   12   |     1 13  7  7 |  13   13   12
 5 |                 |  3   11    7      |   3   11    7   |     6 11  5  5 |   3    2    7
   |                 |  1    2    5      |   6    6    5   |     5  4       |   6    4    5

     ii^1  V   |     iii     |      ii^1  V
vi^1   ii 'V   |      'V vii | vi^1   ii 'V
   9    9  8   |       8  10 |    9    9  8
       13 14   |      14     |        13 14
       11 12   |      12     |        11 12
               |       3     |
   8    9  2   |       7   9 |    8    9  2
  13   13  7   |       5  14 |   13   13  7
   3   11  5   |           2 |    3   11  5
   1    2      |           7 |    1    2

310. God, That Madest Earth and Heaven (G, 100bpm)
 V        V |  vi  V     |       |  V |  V        V |  vi  V     |       |  V |     II~2
'V     'vii | 'vi 'I     |       | 'V | 'V     'vii | 'vi 'I     |       | 'V | I^1    V I^1 V^1
 8        8 |   9  8     |       |  8 |  8        8 |   9  8     |       |  8 |  18   10  18  19
14       14 |   8 14     |       | 14 | 14       14 |   8 14     |       | 14 |        9
12       12 |  13 12     |       | 12 | 12       12 |  13 12     |       | 12 |
            |            |       |    |             |            |       |    |
 2        2 |   3  3     |       |  2 |  2        2 |   3  3     |       |  2 |  10   14  10   9
 7        7 |   1  1     |       |  7 |  7        7 |   1  1     |       |  7 |   8   12   8  14
 5          |   6        |       |  5 |  5          |   6        |       |  5 |  12    7  12  12
            |            |       |    |             |            |       |    |   3    5   3   7

V~2 IV     II~2 | III          iii |  vi      II~4   |    V        V |  vi  V     |       |  V
  I ii I^1    V |  vi V^1 vi^1  'V | 'vi vi^1 'V~2   | 'vii     'vii | 'vi 'I     |       | 'V
 20 19  18   10 |  18  10    9   8 |  10    9    8   |    8        8 |   9  8     |       |  8
 19 18        9 |  10           14 |   8        13   |   14       14 |   8 14     |       | 14
    13          |               12 |  13        12   |   12       12 |  13 12     |       | 12
    11          |                3 |             2   |               |            |       |
 10  9  10   14 |   8   9    8   7 |   3    8    6   |    2        2 |   3  3     |       |  2
  8 13   8   12 |  13  14   13   5 |   1   13    5   |    7        7 |   1  1     |       |  7
 12 11  12    7 |   3  12    3     |   6    3        |               |   6        |       |  5
  1  2   3    5 |   6   7    1     |        1        |               |            |       |

OpenHymnal -- Harp Lead Sheets                                                              Page 161
----------------------------------------------------------------------------------------------------
311. Jesus, Tender Shepherd, Hear Me (F, 110bpm)
            | IVM7    vi          V |    vi V~4 IVM7   | v-7   IVM7 V~4 | IV~2    v-7
IV   vi^2   |  'vi 'IV^1 IV^2 VII~4 | 'IV^1 I^2  'vi   | I^1    'vi   I | IV^1 IV I^1
19     19   |   10    10   10     9 |     8   9   10   |  19     10   9 |   19 19  19
            |    8     8          8 |    13   8    8   |  10      8   8 |   11     10
            |   13    13         14 |        12   13   |  12     13  12 |          12
            |    4               12 |              4   |          4     |
11     10   |    1     4    8    10 |     4  10    1   |  10      1  10 |    8 11  10
 8      8   |    6     1   13     8 |     1   8    6   |   8      6   8 |   13  8   8
13     13   |          6    4     1 |     6   1        |  12         12 |    4 13  12
 4      3   |               1     7 |         5        |   3          1 |    6  4   3

IVM7      V~2 | ii7  V        |      IV
 'vi ii   VI7 |     ii IV^2   |     'vi
  10 10     9 |   8  9   10   |       8
   8       13 |  13 14        |      13
  13       12 |   4 12        |       4
   4          |   2           |
   1  9    10 |   6 11    8   |       1
   6 13    13 |      9   13   |       6
      4    12 |     12    4   |
      2     6 |      2    1   |

312. Now Rest Beneath Night's Shadow (G, 84bpm)
II~2 |     IV II~2  ii  V |     II~2 iii     |         ii^1 iv-7 | iii   IV~2 |    V  vi II~2
   V |   IV^1    V V~4 'V | iii    V  'V I^1 | V^1 V^1   ii vii- |  'V    I~2 | 'vii 'vi    V V^1
  10 |      9   10  18 19 |  18   10  10  18 |  19  19    9   10 |   8     12 |    8   9   10  10
   9 |      8    9   9 14 |        9  14     |           13    9 |  14     11 |   14   8    9
     |     13          12 |           12     |           11   14 |  12        |   12  13
     |     11             |            3     |                11 |   3        |
  14 |      8   14   8  2 |  10   14   7  10 |   9   9    9    9 |   2      9 |    2   3   14   9
  12 |     13   12  12  7 |  14   12   5   8 |  14  14   13   14 |   7     13 |    7   1   12  14
   7 |     11    7   2  5 |  12    7      12 |  12  12   11   11 |   5      2 |        6    7  12
   5 |      6    5   5    |   3    5       3 |   7   7    2    7 |          1 |             5   7

ii^1    | iii    iv-7 II~2  ii     | III   iii     |   IV  V VI~4   | iii
  ii  V |  'V vii%7^2    V V~4 vii |  vi    'V I^1 | ii^1 'V  V~2   |  'V
   9 10 |   8       9   10  18  19 |  18    10  18 |   19 19    9   |   8
  13    |  14      14    9   9     |  10    14     |   18 14   13   |  14
  11    |  12       7              |        12     |   13 12        |  12
        |   3       4              |         3     |   11           |   3
   9 14 |   7       2   14   8   9 |   8     7  10 |    9  2   12   |   7
  13 12 |   5       7   12  12  14 |  13     5   8 |   13  7    3   |   5
  11  7 |           6    7   2   2 |   3        12 |    2  5    6   |
   2  5 |           4    5   5   7 |   6         3 |    4       5   |

iii    iv-7 II~2     |     ii^1  V
 'V vii%7^2    V I^1 | IM7   ii 'V
  8       9   10  18 |  10    9  8
 14      14    9     |       13 14
 12       7          |       11 12
  3       4          |
  2       2   14  10 |   8    9  2
  7       7   12   8 |  14   13  7
  5       6    7  12 |  12   11  5
          4    5   3 |   1    2

OpenHymnal -- Harp Lead Sheets                                                              Page 162
----------------------------------------------------------------------------------------------------
313. Now the Light Has Gone Away (F, 100bpm)
 IV        vi |     V  IV V~4 |           V |    vi V~4 IVM7 | IVM7       |   V  IV   IV
'vi     'IV^1 | IM7^2 'vi   I |       VII~4 | 'IV^1 I^2  'vi |  'vi       | iii 'vi vii-
  8         8 |    14   8   9 |           9 |     8   9   10 |   10       |   9   8   20
 13        13 |    12  13   8 |           8 |    13   8    8 |    8       |  14  13   11
  4           |     7   4  12 |          14 |        12   13 |   13       |  12   4
              |     5         |          12 |              4 |    4       |
  1         4 |     3   1  10 |          10 |     4  10    1 |    1       |  10   1    9
  6         1 |     1   6   8 |           8 |     1   8    6 |    6       |  14   6   14
            6 |     7      12 |           1 |     6   1      |            |  12        4
              |     5       1 |           7 |         5      |            |   3        7

IV~2       | V~2   V  IV
IV^2       | I~2 IM7 'vi
  19       |  13  14   8
  11       |  12  12  13
           |           4
           |
   8       |   9  10   1
  13       |   8   8   6
   4       |  12  14
   1       |   1   1

314. O Trinity of Blessed Light (D, 60bpm)
IV~2 vii%7  iii        vii-       ii^2 vii%7 vii7 V~2 IV~2
  ii  ii-7 vi^1 II~4    iii        'ii   VI+    V       ii
  12    13   12   11     11         12    13   13  12   12
  11    11   10          10         11    11   12   9   11
         9               14          9     9    9   6
        14                           6    14   14   5
   9    11    8    9     12          4    13   12   2    9
   6     9    6    6     10          2    11    9        6
   4    14    3    5     14               14   14        4
   2     2    1    2      3                6    5        2

  vii%7  iii        vii- iii7   vii-  iii VII+ vii%7  vii-
   ii-7 vi^1 II~4    iii         V^2 vi^1  IM7  vii- vii%7 IV
     13   12   11     11    9     11   12   13    13    12 12
     11   10          10    8      9   10   12    11    11
      9               14    5     14         8     9    14
     14                     3               14    14     7
     11    8    9     12    1      9    8   10    11     6 11
      9    6    6     10          14    6    8     9     4  8
     14    3    5     14           5    3   14    14     2  6
      2    1    2      3           2    1    1     7     7  4

IV~2 vii%7 vii-      vi vii7 V~2 vii-      vii7 IV~2
  ii  ii-7 vii-   'ii^2    V      V^1 II~4  V^2   ii II~4
  12    13   15      15   13  12   11   12   13   12   11
  11    11   21      13   12   9    9        12   11
         9   11            9   6   14         9
        14   14           14   5             14
   9    11   11      11   12   2   12    9    9    9    9
   6     9    9       9    9        9    6   14    6    6
   4    14   14       6   14        5    5    5    4    5
   2     2    7            5        7    2    2    2    2

OpenHymnal -- Harp Lead Sheets                                                              Page 163
----------------------------------------------------------------------------------------------------
vii- iii^2  iii        vii-       ii^2 vii%7 vii7 V~2  VI~4
 iii III~4 vi^1 II~4    iii        'ii   VI+    V     'II~2
  11    12   12   11     11         12    13   13  12    12
  10    10   10          10         11    11   12   9    10
  14    14               14          9     9    9   6     9
                                     6    14   14   5     6
  12    10    8    9     12          4    13   12   2     3
  10    14    6    6     10          2    11    9         2
  14     6    3    5     14               14   14
   3     3    1    2      3                6    5

